mention_id,person_id,passage,source_id,status
"mnt-0001","person-000001","LUK 1:5","source:0002","accepted"
"mnt-0002","person-000001","ACT 7:40","source:0002","accepted"
"mnt-0003","person-000001","HEB 5:4","source:0002","accepted"
"mnt-0004","person-000001","HEB 7:11","source:0002","accepted"
"mnt-0005","person-000001","HEB 9:4","source:0002","accepted"
"mnt-0006","person-000002","MAT 23:35","source:0002","accepted"
"mnt-0007","person-000002","LUK 11:51","source:0002","accepted"
"mnt-0008","person-000002","HEB 11:4","source:0002","accepted"
"mnt-0009","person-000002","HEB 12:24","source:0002","accepted"
"mnt-0010","person-000003","MRK 2:26","source:0002","accepted"
"mnt-0011","person-000004","LUK 1:5","source:0002","accepted"
"mnt-0012","person-000005","MAT 1:7","source:0002","accepted"
"mnt-0013","person-000006","MAT 1:13","source:0002","accepted"
"mnt-0014","person-000007","MAT 1:1","source:0002","accepted"
"mnt-0015","person-000007","MAT 1:2","source:0002","accepted"
"mnt-0016","person-000007","MAT 1:17","source:0002","accepted"
"mnt-0017","person-000007","MAT 3:9","source:0002","accepted"
"mnt-0018","person-000007","MAT 8:11","source:0002","accepted"
"mnt-0019","person-000007","MAT 22:32","source:0002","accepted"
"mnt-0020","person-000007","MRK 12:26","source:0002","accepted"
"mnt-0021","person-000007","LUK 1:55","source:0002","accepted"
"mnt-0022","person-000007","LUK 1:73","source:0002","accepted"
"mnt-0023","person-000007","LUK 3:8","source:0002","accepted"
"mnt-0024","person-000007","LUK 3:34","source:0002","accepted"
"mnt-0025","person-000007","LUK 13:16","source:0002","accepted"
"mnt-0026","person-000007","LUK 13:28","source:0002","accepted"
"mnt-0027","person-000007","LUK 16:22","source:0002","accepted"
"mnt-0028","person-000007","LUK 16:23","source:0002","accepted"
"mnt-0029","person-000007","LUK 16:24","source:0002","accepted"
"mnt-0030","person-000007","LUK 16:25","source:0002","accepted"
"mnt-0031","person-000007","LUK 16:29","source:0002","accepted"
"mnt-0032","person-000007","LUK 16:30","source:0002","accepted"
"mnt-0033","person-000007","LUK 19:9","source:0002","accepted"
"mnt-0034","person-000007","LUK 20:37","source:0002","accepted"
"mnt-0035","person-000007","JHN 8:33","source:0002","accepted"
"mnt-0036","person-000007","JHN 8:37","source:0002","accepted"
"mnt-0037","person-000007","JHN 8:39","source:0002","accepted"
"mnt-0038","person-000007","JHN 8:40","source:0002","accepted"
"mnt-0039","person-000007","JHN 8:52","source:0002","accepted"
"mnt-0040","person-000007","JHN 8:53","source:0002","accepted"
"mnt-0041","person-000007","JHN 8:56","source:0002","accepted"
"mnt-0042","person-000007","JHN 8:57","source:0002","accepted"
"mnt-0043","person-000007","JHN 8:58","source:0002","accepted"
"mnt-0044","person-000007","ACT 3:13","source:0002","accepted"
"mnt-0045","person-000007","ACT 3:25","source:0002","accepted"
"mnt-0046","person-000007","ACT 7:2","source:0002","accepted"
"mnt-0047","person-000007","ACT 7:16","source:0002","accepted"
"mnt-0048","person-000007","ACT 7:17","source:0002","accepted"
"mnt-0049","person-000007","ACT 7:32","source:0002","accepted"
"mnt-0050","person-000007","ACT 13:26","source:0002","accepted"
"mnt-0051","person-000007","ROM 4:1","source:0002","accepted"
"mnt-0052","person-000007","ROM 4:2","source:0002","accepted"
"mnt-0053","person-000007","ROM 4:3","source:0002","accepted"
"mnt-0054","person-000007","ROM 4:9","source:0002","accepted"
"mnt-0055","person-000007","ROM 4:12","source:0002","accepted"
"mnt-0056","person-000007","ROM 4:13","source:0002","accepted"
"mnt-0057","person-000007","ROM 4:16","source:0002","accepted"
"mnt-0058","person-000007","ROM 9:7","source:0002","accepted"
"mnt-0059","person-000007","ROM 11:1","source:0002","accepted"
"mnt-0060","person-000007","2CO 11:22","source:0002","accepted"
"mnt-0061","person-000007","GAL 3:6","source:0002","accepted"
"mnt-0062","person-000007","GAL 3:7","source:0002","accepted"
"mnt-0063","person-000007","GAL 3:8","source:0002","accepted"
"mnt-0064","person-000007","GAL 3:9","source:0002","accepted"
"mnt-0065","person-000007","GAL 3:14","source:0002","accepted"
"mnt-0066","person-000007","GAL 3:16","source:0002","accepted"
"mnt-0067","person-000007","GAL 3:18","source:0002","accepted"
"mnt-0068","person-000007","GAL 3:29","source:0002","accepted"
"mnt-0069","person-000007","GAL 4:22","source:0002","accepted"
"mnt-0070","person-000007","HEB 2:16","source:0002","accepted"
"mnt-0071","person-000007","HEB 6:13","source:0002","accepted"
"mnt-0072","person-000007","HEB 7:1","source:0002","accepted"
"mnt-0073","person-000007","HEB 7:2","source:0002","accepted"
"mnt-0074","person-000007","HEB 7:4","source:0002","accepted"
"mnt-0075","person-000007","HEB 7:5","source:0002","accepted"
"mnt-0076","person-000007","HEB 7:6","source:0002","accepted"
"mnt-0077","person-000007","HEB 7:9","source:0002","accepted"
"mnt-0078","person-000007","HEB 11:8","source:0002","accepted"
"mnt-0079","person-000007","HEB 11:17","source:0002","accepted"
"mnt-0080","person-000007","JAS 2:21","source:0002","accepted"
"mnt-0081","person-000007","JAS 2:23","source:0002","accepted"
"mnt-0082","person-000007","1PE 3:6","source:0002","accepted"
"mnt-0083","person-000008","1CO 16:17","source:0002","accepted"
"mnt-0084","person-000008","1CO 16:24","source:0002","accepted"
"mnt-0085","person-000009","MAT 1:14","source:0002","accepted"
"mnt-0086","person-000010","LUK 3:38","source:0002","accepted"
"mnt-0087","person-000010","ROM 5:14","source:0002","accepted"
"mnt-0088","person-000010","1CO 15:22","source:0002","accepted"
"mnt-0089","person-000010","1CO 15:45","source:0002","accepted"
"mnt-0090","person-000010","1TI 2:13","source:0002","accepted"
"mnt-0091","person-000010","1TI 2:14","source:0002","accepted"
"mnt-0092","person-000010","JUD 1:14","source:0002","accepted"
"mnt-0093","person-000011","LUK 3:28","source:0002","accepted"
"mnt-0094","person-000012","ACT 9:33","source:0002","accepted"
"mnt-0095","person-000012","ACT 9:34","source:0002","accepted"
"mnt-0096","person-000013","ACT 11:28","source:0002","accepted"
"mnt-0097","person-000013","ACT 21:10","source:0002","accepted"
"mnt-0098","person-000014","ACT 25:13","source:0002","accepted"
"mnt-0099","person-000014","ACT 25:22","source:0002","accepted"
"mnt-0100","person-000014","ACT 25:23","source:0002","accepted"
"mnt-0101","person-000014","ACT 25:24","source:0002","accepted"
"mnt-0102","person-000014","ACT 25:26","source:0002","accepted"
"mnt-0103","person-000014","ACT 26:1","source:0002","accepted"
"mnt-0104","person-000014","ACT 26:7","source:0002","accepted"
"mnt-0105","person-000014","ACT 26:2","source:0002","accepted"
"mnt-0106","person-000014","ACT 26:19","source:0002","accepted"
"mnt-0107","person-000014","ACT 26:27","source:0002","accepted"
"mnt-0108","person-000014","ACT 26:28","source:0002","accepted"
"mnt-0109","person-000014","ACT 26:32","source:0002","accepted"
"mnt-0110","person-000015","MAT 1:9","source:0002","accepted"
"mnt-0111","person-000016","1TI 1:20","source:0002","accepted"
"mnt-0112","person-000373","2TI 4:14","source:0002","accepted"
"mnt-0113","person-000017","ACT 19:33","source:0002","accepted"
"mnt-0114","person-000018","ACT 4:6","source:0002","accepted"
"mnt-0115","person-000019","MRK 15:21","source:0002","accepted"
"mnt-0116","person-000020","MAT 10:3","source:0002","accepted"
"mnt-0117","person-000020","MRK 2:14","source:0002","accepted"
"mnt-0118","person-000020","MRK 3:18","source:0002","accepted"
"mnt-0119","person-000020","LUK 6:15","source:0002","accepted"
"mnt-0120","person-000020","ACT 1:13","source:0002","accepted"
"mnt-0121","person-000020","LUK 24:18","source:0002","accepted"
"mnt-0122","person-000020","JHN 19:25","source:0002","accepted"
"mnt-0123","person-000021","MAT 1:4","source:0002","accepted"
"mnt-0124","person-000021","LUK 3:33","source:0002","accepted"
"mnt-0125","person-000022","MAT 1:10","source:0002","accepted"
"mnt-0126","person-000023","LUK 3:25","source:0002","accepted"
"mnt-0127","person-000024","ROM 16:8","source:0002","accepted"
"mnt-0128","person-000025","ACT 23:2","source:0002","accepted"
"mnt-0129","person-000025","ACT 24:1","source:0002","accepted"
"mnt-0130","person-000026","ACT 5:1","source:0002","accepted"
"mnt-0131","person-000026","ACT 5:3","source:0002","accepted"
"mnt-0132","person-000026","ACT 5:5","source:0002","accepted"
"mnt-0133","person-000027","ACT 9:10","source:0002","accepted"
"mnt-0134","person-000027","ACT 9:12","source:0002","accepted"
"mnt-0135","person-000027","ACT 9:13","source:0002","accepted"
"mnt-0136","person-000027","ACT 9:17","source:0002","accepted"
"mnt-0137","person-000027","ACT 22:12","source:0002","accepted"
"mnt-0138","person-000028","MAT 4:18","source:0002","accepted"
"mnt-0139","person-000028","MAT 10:2","source:0002","accepted"
"mnt-0140","person-000028","MRK 1:16","source:0002","accepted"
"mnt-0141","person-000028","MRK 1:29","source:0002","accepted"
"mnt-0142","person-000028","MRK 3:18","source:0002","accepted"
"mnt-0143","person-000028","MRK 13:3","source:0002","accepted"
"mnt-0144","person-000028","LUK 6:14","source:0002","accepted"
"mnt-0145","person-000028","JHN 1:40","source:0002","accepted"
"mnt-0146","person-000028","JHN 1:44","source:0002","accepted"
"mnt-0147","person-000028","JHN 6:8","source:0002","accepted"
"mnt-0148","person-000028","JHN 12:22","source:0002","accepted"
"mnt-0149","person-000028","ACT 1:13","source:0002","accepted"
"mnt-0150","person-000029","ROM 16:7","source:0002","accepted"
"mnt-0151","person-000030","LUK 2:36","source:0002","accepted"
"mnt-0152","person-000031","LUK 3:2","source:0002","accepted"
"mnt-0153","person-000031","JHN 18:13","source:0002","accepted"
"mnt-0154","person-000031","JHN 18:24","source:0002","accepted"
"mnt-0155","person-000031","ACT 4:6","source:0002","accepted"
"mnt-0156","person-000032","REV 2:13","source:0002","accepted"
"mnt-0157","person-000033","ROM 16:10","source:0002","accepted"
"mnt-0158","person-000034","ACT 18:24","source:0002","accepted"
"mnt-0159","person-000034","ACT 19:1","source:0002","accepted"
"mnt-0160","person-000034","1CO 1:12","source:0002","accepted"
"mnt-0161","person-000034","1CO 3:4","source:0002","accepted"
"mnt-0162","person-000034","1CO 3:5","source:0002","accepted"
"mnt-0163","person-000034","1CO 3:6","source:0002","accepted"
"mnt-0164","person-000034","1CO 3:22","source:0002","accepted"
"mnt-0165","person-000034","1CO 4:6","source:0002","accepted"
"mnt-0166","person-000034","1CO 16:12","source:0002","accepted"
"mnt-0167","person-000034","TIT 3:13","source:0002","accepted"
"mnt-0168","person-000035","PHM 1:2","source:0002","accepted"
"mnt-0169","person-000036","ACT 18:2","source:0002","accepted"
"mnt-0170","person-000036","ACT 18:18","source:0002","accepted"
"mnt-0171","person-000036","ACT 18:26","source:0002","accepted"
"mnt-0172","person-000036","ROM 16:3","source:0002","accepted"
"mnt-0173","person-000036","1CO 16:19","source:0002","accepted"
"mnt-0174","person-000036","2TI 4:19","source:0002","accepted"
"mnt-0175","person-000037","MAT 2:22","source:0002","accepted"
"mnt-0176","person-000038","COL 4:17","source:0002","accepted"
"mnt-0177","person-000038","PHM 1:2","source:0002","accepted"
"mnt-0178","person-000039","2CO 11:32","source:0002","accepted"
"mnt-0179","person-000040","ACT 19:29","source:0002","accepted"
"mnt-0180","person-000040","ACT 20:4","source:0002","accepted"
"mnt-0181","person-000040","ACT 27:2","source:0002","accepted"
"mnt-0182","person-000040","COL 4:10","source:0002","accepted"
"mnt-0183","person-000040","PHM 1:24","source:0002","accepted"
"mnt-0184","person-000041","ROM 16:10","source:0002","accepted"
"mnt-0185","person-000042","LUK 3:36","source:0002","accepted"
"mnt-0186","person-000043","TIT 3:12","source:0002","accepted"
"mnt-0187","person-000044","MAT 1:7","source:0002","accepted"
"mnt-0188","person-000044","MAT 1:8","source:0002","accepted"
"mnt-0189","person-000045","LUK 2:36","source:0002","accepted"
"mnt-0190","person-000045","REV 7:6","source:0002","accepted"
"mnt-0191","person-000046","ROM 16:14","source:0002","accepted"
"mnt-0192","person-000047","LUK 2:1","source:0002","accepted"
"mnt-0193","person-000047","ACT 27:1","source:0002","accepted"
"mnt-0194","person-000047","ACT 25:21","source:0002","accepted"
"mnt-0195","person-000047","ACT 25:25","source:0002","accepted"
"mnt-0196","person-000047","LUK 3:1","source:0002","accepted"
"mnt-0197","person-000048","MAT 1:13","source:0002","accepted"
"mnt-0198","person-000048","MAT 1:14","source:0002","accepted"
"mnt-0199","person-000049","2PE 2:15","source:0002","accepted"
"mnt-0200","person-000049","JUD 1:11","source:0002","accepted"
"mnt-0201","person-000049","REV 2:14","source:0002","accepted"
"mnt-0202","person-000050","REV 2:14","source:0002","accepted"
"mnt-0203","person-000051","MAT 27:16","source:0002","accepted"
"mnt-0204","person-000051","MAT 27:17","source:0002","accepted"
"mnt-0205","person-000051","MAT 27:20","source:0002","accepted"
"mnt-0206","person-000051","MAT 27:21","source:0002","accepted"
"mnt-0207","person-000051","MAT 27:26","source:0002","accepted"
"mnt-0208","person-000051","MRK 15:7","source:0002","accepted"
"mnt-0209","person-000051","MRK 15:11","source:0002","accepted"
"mnt-0210","person-000051","MRK 15:15","source:0002","accepted"
"mnt-0211","person-000051","LUK 23:18","source:0002","accepted"
"mnt-0212","person-000051","JHN 18:40","source:0002","accepted"
"mnt-0213","person-000052","HEB 11:32","source:0002","accepted"
"mnt-0214","person-000053","ACT 13:6","source:0002","accepted"
"mnt-0215","person-000053","ACT 13:8","source:0002","accepted"
"mnt-0216","person-000054","ACT 4:36","source:0002","accepted"
"mnt-0217","person-000054","ACT 9:27","source:0002","accepted"
"mnt-0218","person-000054","ACT 11:22","source:0002","accepted"
"mnt-0219","person-000054","ACT 11:25","source:0002","accepted"
"mnt-0220","person-000054","ACT 11:30","source:0002","accepted"
"mnt-0221","person-000054","ACT 12:25","source:0002","accepted"
"mnt-0222","person-000054","ACT 13:1","source:0002","accepted"
"mnt-0223","person-000054","ACT 13:2","source:0002","accepted"
"mnt-0224","person-000054","ACT 13:7","source:0002","accepted"
"mnt-0225","person-000054","ACT 13:43","source:0002","accepted"
"mnt-0226","person-000054","ACT 13:46","source:0002","accepted"
"mnt-0227","person-000054","ACT 13:50","source:0002","accepted"
"mnt-0228","person-000054","ACT 14:12","source:0002","accepted"
"mnt-0229","person-000054","ACT 14:14","source:0002","accepted"
"mnt-0230","person-000054","ACT 14:20","source:0002","accepted"
"mnt-0231","person-000054","ACT 15:2","source:0002","accepted"
"mnt-0232","person-000054","ACT 15:12","source:0002","accepted"
"mnt-0233","person-000054","ACT 15:22","source:0002","accepted"
"mnt-0234","person-000054","ACT 15:25","source:0002","accepted"
"mnt-0235","person-000054","ACT 15:35","source:0002","accepted"
"mnt-0236","person-000054","ACT 15:36","source:0002","accepted"
"mnt-0237","person-000054","ACT 15:37","source:0002","accepted"
"mnt-0238","person-000054","ACT 15:39","source:0002","accepted"
"mnt-0239","person-000054","1CO 9:6","source:0002","accepted"
"mnt-0240","person-000054","GAL 2:1","source:0002","accepted"
"mnt-0241","person-000054","GAL 2:9","source:0002","accepted"
"mnt-0242","person-000054","GAL 2:13","source:0002","accepted"
"mnt-0243","person-000054","COL 4:10","source:0002","accepted"
"mnt-0244","person-000055","MAT 10:3","source:0002","accepted"
"mnt-0245","person-000055","MRK 3:18","source:0002","accepted"
"mnt-0246","person-000055","LUK 6:14","source:0002","accepted"
"mnt-0247","person-000055","ACT 1:13","source:0002","accepted"
"mnt-0248","person-000056","MRK 10:46","source:0002","accepted"
"mnt-0249","person-000057","ACT 13:21","source:0002","accepted"
"mnt-0250","person-000057","ROM 11:1","source:0002","accepted"
"mnt-0251","person-000057","PHP 3:5","source:0002","accepted"
"mnt-0252","person-000057","REV 7:8","source:0002","accepted"
"mnt-0253","person-000058","2PE 2:15","source:0002","accepted"
"mnt-0254","person-000059","ACT 25:13","source:0002","accepted"
"mnt-0255","person-000059","ACT 25:23","source:0002","accepted"
"mnt-0256","person-000059","ACT 26:30","source:0002","accepted"
"mnt-0257","person-000060","ACT 12:20","source:0002","accepted"
"mnt-0258","person-000061","MAT 1:5","source:0002","accepted"
"mnt-0259","person-000061","LUK 3:32","source:0002","accepted"
"mnt-0260","person-000062","MAT 26:3","source:0002","accepted"
"mnt-0261","person-000062","MAT 26:57","source:0002","accepted"
"mnt-0262","person-000062","LUK 3:2","source:0002","accepted"
"mnt-0263","person-000062","JHN 11:49","source:0002","accepted"
"mnt-0264","person-000062","JHN 18:13","source:0002","accepted"
"mnt-0265","person-000062","JHN 18:14","source:0002","accepted"
"mnt-0266","person-000062","JHN 18:24","source:0002","accepted"
"mnt-0267","person-000062","JHN 18:28","source:0002","accepted"
"mnt-0268","person-000062","ACT 4:6","source:0002","accepted"
"mnt-0269","person-000063","HEB 11:4","source:0002","accepted"
"mnt-0270","person-000063","1JN 3:12","source:0002","accepted"
"mnt-0271","person-000063","JUD 1:11","source:0002","accepted"
"mnt-0272","person-000064","LUK 3:36","source:0002","accepted"
"mnt-0273","person-000065","2TI 4:13","source:0002","accepted"
"mnt-0274","person-000066","1CO 1:11","source:0002","accepted"
"mnt-0275","person-000067","LUK 8:3","source:0002","accepted"
"mnt-0276","person-000068","2TI 4:21","source:0002","accepted"
"mnt-0277","person-000069","ACT 11:28","source:0002","accepted"
"mnt-0278","person-000069","ACT 18:2","source:0002","accepted"
"mnt-0279","person-000069","ACT 17:7","source:0002","accepted"
"mnt-0280","person-000069","ACT 25:8","source:0002","accepted"
"mnt-0281","person-000069","ACT 25:10","source:0002","accepted"
"mnt-0282","person-000069","ACT 25:11","source:0002","accepted"
"mnt-0283","person-000069","ACT 25:12","source:0002","accepted"
"mnt-0284","person-000069","ACT 25:21","source:0002","accepted"
"mnt-0285","person-000069","ACT 26:32","source:0002","accepted"
"mnt-0286","person-000069","ACT 27:24","source:0002","accepted"
"mnt-0287","person-000069","ACT 28:19","source:0002","accepted"
"mnt-0288","person-000070","PHP 4:3","source:0002","accepted"
"mnt-0289","person-000071","ACT 10:1","source:0002","accepted"
"mnt-0290","person-000071","ACT 10:3","source:0002","accepted"
"mnt-0291","person-000071","ACT 10:7","source:0002","accepted"
"mnt-0292","person-000071","ACT 10:17","source:0002","accepted"
"mnt-0293","person-000071","ACT 10:21","source:0002","accepted"
"mnt-0294","person-000071","ACT 10:22","source:0002","accepted"
"mnt-0295","person-000071","ACT 10:24","source:0002","accepted"
"mnt-0296","person-000071","ACT 10:25","source:0002","accepted"
"mnt-0297","person-000071","ACT 10:30","source:0002","accepted"
"mnt-0298","person-000071","ACT 10:31","source:0002","accepted"
"mnt-0299","person-000072","LUK 3:28","source:0002","accepted"
"mnt-0300","person-000073","2TI 4:10","source:0002","accepted"
"mnt-0301","person-000074","ACT 18:8","source:0002","accepted"
"mnt-0302","person-000074","1CO 1:14","source:0002","accepted"
"mnt-0303","person-000075","ACT 17:34","source:0002","accepted"
"mnt-0304","person-000076","MRK 13:14","source:0002","accepted"
"mnt-0305","person-000076","MAT 24:15","source:0002","accepted"
"mnt-0306","person-000077","MAT 1:1","source:0002","accepted"
"mnt-0307","person-000077","MAT 1:6","source:0002","accepted"
"mnt-0308","person-000077","MAT 1:17","source:0002","accepted"
"mnt-0309","person-000077","MAT 1:20","source:0002","accepted"
"mnt-0310","person-000077","MAT 9:27","source:0002","accepted"
"mnt-0311","person-000077","MAT 12:3","source:0002","accepted"
"mnt-0312","person-000077","MAT 12:23","source:0002","accepted"
"mnt-0313","person-000077","MAT 15:22","source:0002","accepted"
"mnt-0314","person-000077","MAT 20:30","source:0002","accepted"
"mnt-0315","person-000077","MAT 20:31","source:0002","accepted"
"mnt-0316","person-000077","MAT 21:9","source:0002","accepted"
"mnt-0317","person-000077","MAT 21:15","source:0002","accepted"
"mnt-0318","person-000077","MAT 22:42","source:0002","accepted"
"mnt-0319","person-000077","MAT 22:43","source:0002","accepted"
"mnt-0320","person-000077","MAT 22:45","source:0002","accepted"
"mnt-0321","person-000077","MRK 2:25","source:0002","accepted"
"mnt-0322","person-000077","MRK 10:47","source:0002","accepted"
"mnt-0323","person-000077","MRK 10:48","source:0002","accepted"
"mnt-0324","person-000077","MRK 11:10","source:0002","accepted"
"mnt-0325","person-000077","MRK 12:35","source:0002","accepted"
"mnt-0326","person-000077","MRK 12:36","source:0002","accepted"
"mnt-0327","person-000077","MRK 12:37","source:0002","accepted"
"mnt-0328","person-000077","LUK 1:27","source:0002","accepted"
"mnt-0329","person-000077","LUK 1:32","source:0002","accepted"
"mnt-0330","person-000077","LUK 1:69","source:0002","accepted"
"mnt-0331","person-000077","LUK 2:4","source:0002","accepted"
"mnt-0332","person-000077","LUK 2:11","source:0002","accepted"
"mnt-0333","person-000077","LUK 3:31","source:0002","accepted"
"mnt-0334","person-000077","LUK 6:3","source:0002","accepted"
"mnt-0335","person-000077","LUK 18:38","source:0002","accepted"
"mnt-0336","person-000077","LUK 18:39","source:0002","accepted"
"mnt-0337","person-000077","LUK 20:41","source:0002","accepted"
"mnt-0338","person-000077","LUK 20:42","source:0002","accepted"
"mnt-0339","person-000077","LUK 20:44","source:0002","accepted"
"mnt-0340","person-000077","JHN 7:42","source:0002","accepted"
"mnt-0341","person-000077","ACT 1:16","source:0002","accepted"
"mnt-0342","person-000077","ACT 2:25","source:0002","accepted"
"mnt-0343","person-000077","ACT 2:29","source:0002","accepted"
"mnt-0344","person-000077","ACT 2:34","source:0002","accepted"
"mnt-0345","person-000077","ACT 4:25","source:0002","accepted"
"mnt-0346","person-000077","ACT 7:45","source:0002","accepted"
"mnt-0347","person-000077","ACT 13:22","source:0002","accepted"
"mnt-0348","person-000077","ACT 13:34","source:0002","accepted"
"mnt-0349","person-000077","ACT 13:36","source:0002","accepted"
"mnt-0350","person-000077","ACT 15:16","source:0002","accepted"
"mnt-0351","person-000077","ROM 1:3","source:0002","accepted"
"mnt-0352","person-000077","ROM 4:6","source:0002","accepted"
"mnt-0353","person-000077","ROM 11:9","source:0002","accepted"
"mnt-0354","person-000077","2TI 2:8","source:0002","accepted"
"mnt-0355","person-000077","HEB 4:7","source:0002","accepted"
"mnt-0356","person-000077","HEB 11:32","source:0002","accepted"
"mnt-0357","person-000077","REV 3:7","source:0002","accepted"
"mnt-0358","person-000077","REV 5:5","source:0002","accepted"
"mnt-0359","person-000077","REV 22:16","source:0002","accepted"
"mnt-0360","person-000078","COL 4:14","source:0002","accepted"
"mnt-0361","person-000078","2TI 4:10","source:0002","accepted"
"mnt-0362","person-000078","PHM 1:24","source:0002","accepted"
"mnt-0363","person-000079","ACT 19:24","source:0002","accepted"
"mnt-0364","person-000079","ACT 19:38","source:0002","accepted"
"mnt-0365","person-000371","3JN 1:12","source:0002","accepted"
"mnt-0366","person-000080","ACT 17:34","source:0002","accepted"
"mnt-0367","person-000081","3JN 1:9","source:0002","accepted"
"mnt-0368","person-000082","ACT 24:24","source:0002","accepted"
"mnt-0369","person-000083","LUK 3:35","source:0002","accepted"
"mnt-0370","person-000084","MAT 1:15","source:0002","accepted"
"mnt-0371","person-000085","LUK 3:30","source:0002","accepted"
"mnt-0372","person-000086","MAT 1:13","source:0002","accepted"
"mnt-0373","person-000087","LUK 3:29","source:0002","accepted"
"mnt-0374","person-000088","LUK 9:54","source:0002","accepted"
"mnt-0375","person-000088","MAT 11:14","source:0002","accepted"
"mnt-0376","person-000088","MAT 16:14","source:0002","accepted"
"mnt-0377","person-000088","MAT 17:3","source:0002","accepted"
"mnt-0378","person-000088","MAT 17:4","source:0002","accepted"
"mnt-0379","person-000088","MAT 17:10","source:0002","accepted"
"mnt-0380","person-000088","MAT 17:11","source:0002","accepted"
"mnt-0381","person-000088","MAT 17:12","source:0002","accepted"
"mnt-0382","person-000088","MAT 27:47","source:0002","accepted"
"mnt-0383","person-000088","MAT 27:49","source:0002","accepted"
"mnt-0384","person-000088","MRK 6:15","source:0002","accepted"
"mnt-0385","person-000088","MRK 8:28","source:0002","accepted"
"mnt-0386","person-000088","MRK 9:4","source:0002","accepted"
"mnt-0387","person-000088","MRK 9:5","source:0002","accepted"
"mnt-0388","person-000088","MRK 9:11","source:0002","accepted"
"mnt-0389","person-000088","MRK 9:12","source:0002","accepted"
"mnt-0390","person-000088","MRK 9:13","source:0002","accepted"
"mnt-0391","person-000088","MRK 15:35","source:0002","accepted"
"mnt-0392","person-000088","MRK 15:36","source:0002","accepted"
"mnt-0393","person-000088","LUK 1:17","source:0002","accepted"
"mnt-0394","person-000088","LUK 4:25","source:0002","accepted"
"mnt-0395","person-000088","LUK 4:26","source:0002","accepted"
"mnt-0396","person-000088","LUK 9:8","source:0002","accepted"
"mnt-0397","person-000088","LUK 9:19","source:0002","accepted"
"mnt-0398","person-000088","LUK 9:30","source:0002","accepted"
"mnt-0399","person-000088","LUK 9:33","source:0002","accepted"
"mnt-0400","person-000088","JHN 1:21","source:0002","accepted"
"mnt-0401","person-000088","JHN 1:25","source:0002","accepted"
"mnt-0402","person-000088","ROM 11:2","source:0002","accepted"
"mnt-0403","person-000088","JAS 5:17","source:0002","accepted"
"mnt-0404","person-000089","LUK 4:27","source:0002","accepted"
"mnt-0405","person-000090","MAT 1:14","source:0002","accepted"
"mnt-0406","person-000090","MAT 1:15","source:0002","accepted"
"mnt-0407","person-000091","LUK 1:5","source:0002","accepted"
"mnt-0408","person-000091","LUK 1:7","source:0002","accepted"
"mnt-0409","person-000091","LUK 1:13","source:0002","accepted"
"mnt-0410","person-000091","LUK 1:24","source:0002","accepted"
"mnt-0411","person-000091","LUK 1:36","source:0002","accepted"
"mnt-0412","person-000091","LUK 1:40","source:0002","accepted"
"mnt-0413","person-000091","LUK 1:41","source:0002","accepted"
"mnt-0414","person-000091","LUK 1:57","source:0002","accepted"
"mnt-0415","person-000092","LUK 3:28","source:0002","accepted"
"mnt-0416","person-000093","LUK 3:37","source:0002","accepted"
"mnt-0417","person-000093","HEB 11:5","source:0002","accepted"
"mnt-0418","person-000093","JUD 1:14","source:0002","accepted"
"mnt-0419","person-000094","LUK 3:38","source:0002","accepted"
"mnt-0420","person-000095","ROM 16:5","source:0002","accepted"
"mnt-0421","person-000096","COL 1:7","source:0002","accepted"
"mnt-0422","person-000096","COL 4:12","source:0002","accepted"
"mnt-0423","person-000096","PHM 1:23","source:0002","accepted"
"mnt-0424","person-000097","PHP 2:25","source:0002","accepted"
"mnt-0425","person-000097","PHP 4:18","source:0002","accepted"
"mnt-0426","person-000097","PHP 4:23","source:0002","accepted"
"mnt-0427","person-000098","LUK 3:28","source:0002","accepted"
"mnt-0428","person-000099","ACT 19:22","source:0002","accepted"
"mnt-0429","person-000099","ROM 16:23","source:0002","accepted"
"mnt-0430","person-000099","2TI 4:20","source:0002","accepted"
"mnt-0431","person-000100","HEB 11:20","source:0002","accepted"
"mnt-0432","person-000100","HEB 12:16","source:0002","accepted"
"mnt-0433","person-000101","LUK 3:25","source:0002","accepted"
"mnt-0434","person-000102","2TI 4:21","source:0002","accepted"
"mnt-0435","person-000103","2TI 1:5","source:0002","accepted"
"mnt-0436","person-000104","PHP 4:2","source:0002","accepted"
"mnt-0437","person-000105","ACT 20:9","source:0002","accepted"
"mnt-0438","person-000106","2CO 11:3","source:0002","accepted"
"mnt-0439","person-000106","1TI 2:13","source:0002","accepted"
"mnt-0440","person-000107","ACT 23:24","source:0002","accepted"
"mnt-0441","person-000107","ACT 23:26","source:0002","accepted"
"mnt-0442","person-000107","ACT 24:3","source:0002","accepted"
"mnt-0443","person-000107","ACT 24:22","source:0002","accepted"
"mnt-0444","person-000107","ACT 24:24","source:0002","accepted"
"mnt-0445","person-000107","ACT 24:25","source:0002","accepted"
"mnt-0446","person-000107","ACT 24:27","source:0002","accepted"
"mnt-0447","person-000107","ACT 25:14","source:0002","accepted"
"mnt-0448","person-000108","ACT 24:27","source:0002","accepted"
"mnt-0449","person-000108","ACT 25:1","source:0002","accepted"
"mnt-0450","person-000108","ACT 25:4","source:0002","accepted"
"mnt-0451","person-000108","ACT 25:9","source:0002","accepted"
"mnt-0452","person-000108","ACT 25:12","source:0002","accepted"
"mnt-0453","person-000108","ACT 25:13","source:0002","accepted"
"mnt-0454","person-000108","ACT 25:14","source:0002","accepted"
"mnt-0455","person-000108","ACT 25:22","source:0002","accepted"
"mnt-0456","person-000108","ACT 25:23","source:0002","accepted"
"mnt-0457","person-000108","ACT 25:24","source:0002","accepted"
"mnt-0458","person-000108","ACT 26:24","source:0002","accepted"
"mnt-0459","person-000108","ACT 26:25","source:0002","accepted"
"mnt-0460","person-000108","ACT 26:32","source:0002","accepted"
"mnt-0461","person-000109","1CO 16:17","source:0002","accepted"
"mnt-0462","person-000109","1CO 16:24","source:0002","accepted"
"mnt-0463","person-000110","REV 7:5","source:0002","accepted"
"mnt-0464","person-000111","3JN 1:1","source:0002","accepted"
"mnt-0465","person-000112","ACT 19:29","source:0002","accepted"
"mnt-0466","person-000113","ACT 20:4","source:0002","accepted"
"mnt-0467","person-000114","ROM 16:23","source:0002","accepted"
"mnt-0468","person-000114","1CO 1:14","source:0002","accepted"
"mnt-0469","person-000115","ACT 18:12","source:0002","accepted"
"mnt-0470","person-000115","ACT 18:14","source:0002","accepted"
"mnt-0471","person-000115","ACT 18:17","source:0002","accepted"
"mnt-0472","person-000116","ACT 5:34","source:0002","accepted"
"mnt-0473","person-000116","ACT 22:3","source:0002","accepted"
"mnt-0474","person-000117","HEB 11:32","source:0002","accepted"
"mnt-0475","person-000118","GAL 4:24","source:0002","accepted"
"mnt-0476","person-000118","GAL 4:25","source:0002","accepted"
"mnt-0477","person-000119","ACT 7:16","source:0002","accepted"
"mnt-0478","person-000120","LUK 3:23","source:0002","accepted"
"mnt-0479","person-000121","ROM 16:14","source:0002","accepted"
"mnt-0480","person-000122","ROM 16:14","source:0002","accepted"
"mnt-0481","person-000123","2TI 1:15","source:0002","accepted"
"mnt-0482","person-000124","ACT 12:1","source:0002","accepted"
"mnt-0483","person-000124","ACT 12:6","source:0002","accepted"
"mnt-0484","person-000124","ACT 12:11","source:0002","accepted"
"mnt-0485","person-000124","ACT 12:19","source:0002","accepted"
"mnt-0486","person-000124","ACT 12:20","source:0002","accepted"
"mnt-0487","person-000124","ACT 12:21","source:0002","accepted"
"mnt-0488","person-000125","MAT 14:1","source:0002","accepted"
"mnt-0489","person-000125","MAT 14:3","source:0002","accepted"
"mnt-0490","person-000125","MAT 14:6","source:0002","accepted"
"mnt-0491","person-000125","MRK 6:14","source:0002","accepted"
"mnt-0492","person-000125","MRK 6:16","source:0002","accepted"
"mnt-0493","person-000125","MRK 6:17","source:0002","accepted"
"mnt-0494","person-000125","MRK 6:18","source:0002","accepted"
"mnt-0495","person-000125","MRK 6:20","source:0002","accepted"
"mnt-0496","person-000125","MRK 6:21","source:0002","accepted"
"mnt-0497","person-000125","MRK 6:22","source:0002","accepted"
"mnt-0498","person-000125","MRK 8:15","source:0002","accepted"
"mnt-0499","person-000125","LUK 3:1","source:0002","accepted"
"mnt-0500","person-000125","LUK 3:19","source:0002","accepted"
"mnt-0501","person-000125","LUK 8:3","source:0002","accepted"
"mnt-0502","person-000125","LUK 9:7","source:0002","accepted"
"mnt-0503","person-000125","LUK 9:9","source:0002","accepted"
"mnt-0504","person-000125","LUK 13:31","source:0002","accepted"
"mnt-0505","person-000125","LUK 23:7","source:0002","accepted"
"mnt-0506","person-000125","LUK 23:8","source:0002","accepted"
"mnt-0507","person-000125","LUK 23:11","source:0002","accepted"
"mnt-0508","person-000125","LUK 23:12","source:0002","accepted"
"mnt-0509","person-000125","LUK 23:15","source:0002","accepted"
"mnt-0510","person-000125","ACT 4:27","source:0002","accepted"
"mnt-0511","person-000125","ACT 13:1","source:0002","accepted"
"mnt-0512","person-000126","MAT 2:1","source:0002","accepted"
"mnt-0513","person-000126","MAT 2:3","source:0002","accepted"
"mnt-0514","person-000126","MAT 2:7","source:0002","accepted"
"mnt-0515","person-000126","MAT 2:12","source:0002","accepted"
"mnt-0516","person-000126","MAT 2:13","source:0002","accepted"
"mnt-0517","person-000126","MAT 2:15","source:0002","accepted"
"mnt-0518","person-000126","MAT 2:16","source:0002","accepted"
"mnt-0519","person-000126","MAT 2:19","source:0002","accepted"
"mnt-0520","person-000126","MAT 2:22","source:0002","accepted"
"mnt-0521","person-000126","LUK 1:5","source:0002","accepted"
"mnt-0522","person-000126","ACT 23:35","source:0002","accepted"
"mnt-0523","person-000127","MAT 14:3","source:0002","accepted"
"mnt-0524","person-000127","MAT 14:6","source:0002","accepted"
"mnt-0525","person-000127","MRK 6:17","source:0002","accepted"
"mnt-0526","person-000127","MRK 6:19","source:0002","accepted"
"mnt-0527","person-000127","MRK 6:22","source:0002","accepted"
"mnt-0528","person-000127","LUK 3:19","source:0002","accepted"
"mnt-0529","person-000128","ROM 16:11","source:0002","accepted"
"mnt-0530","person-000129","MAT 1:9","source:0002","accepted"
"mnt-0531","person-000129","MAT 1:10","source:0002","accepted"
"mnt-0532","person-000131","ROM 9:25","source:0002","accepted"
"mnt-0533","person-000132","1TI 1:20","source:0002","accepted"
"mnt-0534","person-000132","2TI 2:17","source:0002","accepted"
"mnt-0535","person-000133","MAT 1:2","source:0002","accepted"
"mnt-0536","person-000133","MAT 8:11","source:0002","accepted"
"mnt-0537","person-000133","MAT 22:32","source:0002","accepted"
"mnt-0538","person-000133","MRK 12:26","source:0002","accepted"
"mnt-0539","person-000133","LUK 3:34","source:0002","accepted"
"mnt-0540","person-000133","LUK 13:28","source:0002","accepted"
"mnt-0541","person-000133","LUK 20:37","source:0002","accepted"
"mnt-0542","person-000133","ACT 3:13","source:0002","accepted"
"mnt-0543","person-000133","ACT 7:8","source:0002","accepted"
"mnt-0544","person-000133","ACT 7:32","source:0002","accepted"
"mnt-0545","person-000133","ROM 9:7","source:0002","accepted"
"mnt-0546","person-000133","ROM 9:10","source:0002","accepted"
"mnt-0547","person-000133","GAL 4:28","source:0002","accepted"
"mnt-0548","person-000133","HEB 11:9","source:0002","accepted"
"mnt-0549","person-000133","HEB 11:17","source:0002","accepted"
"mnt-0550","person-000133","HEB 11:18","source:0002","accepted"
"mnt-0551","person-000133","HEB 11:20","source:0002","accepted"
"mnt-0552","person-000133","JAS 2:21","source:0002","accepted"
"mnt-0553","person-000134","MAT 3:3","source:0002","accepted"
"mnt-0554","person-000134","MAT 4:14","source:0002","accepted"
"mnt-0555","person-000134","MAT 8:17","source:0002","accepted"
"mnt-0556","person-000134","MAT 12:17","source:0002","accepted"
"mnt-0557","person-000134","MAT 13:14","source:0002","accepted"
"mnt-0558","person-000134","MAT 15:7","source:0002","accepted"
"mnt-0559","person-000134","MRK 1:2","source:0002","accepted"
"mnt-0560","person-000134","MRK 7:6","source:0002","accepted"
"mnt-0561","person-000134","LUK 3:4","source:0002","accepted"
"mnt-0562","person-000134","LUK 4:17","source:0002","accepted"
"mnt-0563","person-000134","JHN 1:23","source:0002","accepted"
"mnt-0564","person-000134","JHN 12:38","source:0002","accepted"
"mnt-0565","person-000134","JHN 12:39","source:0002","accepted"
"mnt-0566","person-000134","JHN 12:41","source:0002","accepted"
"mnt-0567","person-000134","ACT 8:28","source:0002","accepted"
"mnt-0568","person-000134","ACT 8:30","source:0002","accepted"
"mnt-0569","person-000134","ACT 28:25","source:0002","accepted"
"mnt-0570","person-000134","ROM 9:27","source:0002","accepted"
"mnt-0571","person-000134","ROM 9:29","source:0002","accepted"
"mnt-0572","person-000134","ROM 10:16","source:0002","accepted"
"mnt-0573","person-000134","ROM 10:20","source:0002","accepted"
"mnt-0574","person-000134","ROM 15:12","source:0002","accepted"
"mnt-0575","person-000135","MAT 1:2","source:0002","accepted"
"mnt-0576","person-000135","MAT 8:11","source:0002","accepted"
"mnt-0577","person-000135","MAT 22:32","source:0002","accepted"
"mnt-0578","person-000135","MRK 12:26","source:0002","accepted"
"mnt-0579","person-000135","LUK 1:33","source:0002","accepted"
"mnt-0580","person-000135","LUK 3:34","source:0002","accepted"
"mnt-0581","person-000135","LUK 13:28","source:0002","accepted"
"mnt-0582","person-000135","LUK 20:37","source:0002","accepted"
"mnt-0583","person-000135","JHN 4:5","source:0002","accepted"
"mnt-0584","person-000135","JHN 4:6","source:0002","accepted"
"mnt-0585","person-000135","JHN 4:12","source:0002","accepted"
"mnt-0586","person-000135","ACT 3:13","source:0002","accepted"
"mnt-0587","person-000135","ACT 7:8","source:0002","accepted"
"mnt-0588","person-000135","ACT 7:12","source:0002","accepted"
"mnt-0589","person-000135","ACT 7:14","source:0002","accepted"
"mnt-0590","person-000135","ACT 7:15","source:0002","accepted"
"mnt-0591","person-000135","ACT 7:32","source:0002","accepted"
"mnt-0592","person-000135","ACT 7:46","source:0002","accepted"
"mnt-0593","person-000135","ROM 9:13","source:0002","accepted"
"mnt-0594","person-000135","ROM 11:26","source:0002","accepted"
"mnt-0595","person-000135","HEB 11:9","source:0002","accepted"
"mnt-0596","person-000135","HEB 11:20","source:0002","accepted"
"mnt-0597","person-000135","HEB 11:21","source:0002","accepted"
"mnt-0598","person-000137","MAT 1:15","source:0002","accepted"
"mnt-0599","person-000137","MAT 1:16","source:0002","accepted"
"mnt-0600","person-000138","MRK 5:22","source:0002","accepted"
"mnt-0601","person-000138","LUK 8:41","source:0002","accepted"
"mnt-0602","person-000139","2TI 3:8","source:0002","accepted"
"mnt-0603","person-000140","LUK 6:16","source:0002","accepted"
"mnt-0604","person-000140","ACT 1:13","source:0002","accepted"
"mnt-0605","person-000141","MAT 10:3","source:0002","accepted"
"mnt-0606","person-000141","MAT 27:56","source:0002","accepted"
"mnt-0607","person-000141","MRK 3:18","source:0002","accepted"
"mnt-0608","person-000141","MRK 15:40","source:0002","accepted"
"mnt-0609","person-000141","MRK 16:1","source:0002","accepted"
"mnt-0610","person-000141","LUK 6:15","source:0002","accepted"
"mnt-0611","person-000141","LUK 24:10","source:0002","accepted"
"mnt-0612","person-000141","ACT 1:13","source:0002","accepted"
"mnt-0613","person-000142","MAT 13:55","source:0002","accepted"
"mnt-0614","person-000142","MRK 6:3","source:0002","accepted"
"mnt-0615","person-000142","ACT 12:17","source:0002","accepted"
"mnt-0616","person-000142","ACT 15:13","source:0002","accepted"
"mnt-0617","person-000142","ACT 21:18","source:0002","accepted"
"mnt-0618","person-000142","1CO 15:7","source:0002","accepted"
"mnt-0619","person-000142","GAL 1:19","source:0002","accepted"
"mnt-0620","person-000142","GAL 2:9","source:0002","accepted"
"mnt-0621","person-000142","GAL 2:12","source:0002","accepted"
"mnt-0622","person-000142","JAS 1:1","source:0002","accepted"
"mnt-0623","person-000142","JUD 1:1","source:0002","accepted"
"mnt-0624","person-000143","MAT 4:21","source:0002","accepted"
"mnt-0625","person-000143","MAT 10:2","source:0002","accepted"
"mnt-0626","person-000143","MAT 17:1","source:0002","accepted"
"mnt-0627","person-000143","MRK 1:19","source:0002","accepted"
"mnt-0628","person-000143","MRK 1:29","source:0002","accepted"
"mnt-0629","person-000143","MRK 3:17","source:0002","accepted"
"mnt-0630","person-000143","MRK 5:37","source:0002","accepted"
"mnt-0631","person-000143","MRK 9:2","source:0002","accepted"
"mnt-0632","person-000143","MRK 10:35","source:0002","accepted"
"mnt-0633","person-000143","MRK 10:41","source:0002","accepted"
"mnt-0634","person-000143","MRK 13:3","source:0002","accepted"
"mnt-0635","person-000143","MRK 14:33","source:0002","accepted"
"mnt-0636","person-000143","LUK 5:10","source:0002","accepted"
"mnt-0637","person-000143","LUK 6:14","source:0002","accepted"
"mnt-0638","person-000143","LUK 8:51","source:0002","accepted"
"mnt-0639","person-000143","LUK 9:28","source:0002","accepted"
"mnt-0640","person-000143","LUK 9:54","source:0002","accepted"
"mnt-0641","person-000143","ACT 1:13","source:0002","accepted"
"mnt-0642","person-000143","ACT 12:2","source:0002","accepted"
"mnt-0643","person-000144","LUK 3:24","source:0002","accepted"
"mnt-0644","person-000145","2TI 3:8","source:0002","accepted"
"mnt-0645","person-000146","LUK 3:37","source:0002","accepted"
"mnt-0646","person-000147","ACT 17:5","source:0002","accepted"
"mnt-0647","person-000147","ACT 17:6","source:0002","accepted"
"mnt-0648","person-000147","ACT 17:7","source:0002","accepted"
"mnt-0649","person-000147","ACT 17:9","source:0002","accepted"
"mnt-0650","person-000147","ROM 16:21","source:0002","accepted"
"mnt-0651","person-000149","MAT 1:11","source:0002","accepted"
"mnt-0652","person-000149","MAT 1:12","source:0002","accepted"
"mnt-0653","person-000150","MAT 23:35","source:0002","accepted"
"mnt-0654","person-000151","MAT 1:8","source:0002","accepted"
"mnt-0655","person-000152","MAT 1:8","source:0002","accepted"
"mnt-0656","person-000153","HEB 11:32","source:0002","accepted"
"mnt-0657","person-000154","MAT 16:14","source:0002","accepted"
"mnt-0658","person-000154","MAT 2:17","source:0002","accepted"
"mnt-0659","person-000154","MAT 27:9","source:0002","accepted"
"mnt-0660","person-000155","MAT 1:5","source:0002","accepted"
"mnt-0661","person-000155","MAT 1:6","source:0002","accepted"
"mnt-0662","person-000155","LUK 3:32","source:0002","accepted"
"mnt-0663","person-000155","ACT 13:22","source:0002","accepted"
"mnt-0664","person-000155","ROM 15:12","source:0002","accepted"
"mnt-0665","person-000156","MAT 1:1","source:0002","accepted"
"mnt-0666","person-000156","MAT 1:16","source:0002","accepted"
"mnt-0667","person-000156","MAT 1:18","source:0002","accepted"
"mnt-0668","person-000156","MAT 1:21","source:0002","accepted"
"mnt-0669","person-000156","MAT 1:25","source:0002","accepted"
"mnt-0670","person-000156","MAT 2:1","source:0002","accepted"
"mnt-0671","person-000156","MAT 3:13","source:0002","accepted"
"mnt-0672","person-000156","MAT 3:15","source:0002","accepted"
"mnt-0673","person-000156","MAT 3:16","source:0002","accepted"
"mnt-0674","person-000156","MAT 4:1","source:0002","accepted"
"mnt-0675","person-000156","MAT 4:7","source:0002","accepted"
"mnt-0676","person-000156","MAT 4:10","source:0002","accepted"
"mnt-0677","person-000156","MAT 4:17","source:0002","accepted"
"mnt-0678","person-000156","MAT 7:28","source:0002","accepted"
"mnt-0679","person-000156","MAT 8:3","source:0002","accepted"
"mnt-0680","person-000156","MAT 8:4","source:0002","accepted"
"mnt-0681","person-000156","MAT 8:10","source:0002","accepted"
"mnt-0682","person-000156","MAT 8:13","source:0002","accepted"
"mnt-0683","person-000156","MAT 8:14","source:0002","accepted"
"mnt-0684","person-000156","MAT 8:18","source:0002","accepted"
"mnt-0685","person-000156","MAT 8:20","source:0002","accepted"
"mnt-0686","person-000156","MAT 8:22","source:0002","accepted"
"mnt-0687","person-000156","MAT 8:34","source:0002","accepted"
"mnt-0688","person-000156","MAT 9:2","source:0002","accepted"
"mnt-0689","person-000156","MAT 9:4","source:0002","accepted"
"mnt-0690","person-000156","MAT 9:9","source:0002","accepted"
"mnt-0691","person-000156","MAT 9:10","source:0002","accepted"
"mnt-0692","person-000156","MAT 9:15","source:0002","accepted"
"mnt-0693","person-000156","MAT 9:19","source:0002","accepted"
"mnt-0694","person-000156","MAT 9:22","source:0002","accepted"
"mnt-0695","person-000156","MAT 9:23","source:0002","accepted"
"mnt-0696","person-000156","MAT 9:27","source:0002","accepted"
"mnt-0697","person-000156","MAT 9:28","source:0002","accepted"
"mnt-0698","person-000156","MAT 9:30","source:0002","accepted"
"mnt-0699","person-000156","MAT 9:35","source:0002","accepted"
"mnt-0700","person-000156","MAT 10:5","source:0002","accepted"
"mnt-0701","person-000156","MAT 11:1","source:0002","accepted"
"mnt-0702","person-000156","MAT 11:4","source:0002","accepted"
"mnt-0703","person-000156","MAT 11:7","source:0002","accepted"
"mnt-0704","person-000156","MAT 11:25","source:0002","accepted"
"mnt-0705","person-000156","MAT 12:1","source:0002","accepted"
"mnt-0706","person-000156","MAT 12:15","source:0002","accepted"
"mnt-0707","person-000156","MAT 13:1","source:0002","accepted"
"mnt-0708","person-000156","MAT 13:34","source:0002","accepted"
"mnt-0709","person-000156","MAT 13:53","source:0002","accepted"
"mnt-0710","person-000156","MAT 13:57","source:0002","accepted"
"mnt-0711","person-000156","MAT 14:1","source:0002","accepted"
"mnt-0712","person-000156","MAT 14:12","source:0002","accepted"
"mnt-0713","person-000156","MAT 14:13","source:0002","accepted"
"mnt-0714","person-000156","MAT 14:16","source:0002","accepted"
"mnt-0715","person-000156","MAT 14:27","source:0002","accepted"
"mnt-0716","person-000156","MAT 14:29","source:0002","accepted"
"mnt-0717","person-000156","MAT 14:31","source:0002","accepted"
"mnt-0718","person-000156","MAT 15:1","source:0002","accepted"
"mnt-0719","person-000156","MAT 15:21","source:0002","accepted"
"mnt-0720","person-000156","MAT 15:28","source:0002","accepted"
"mnt-0721","person-000156","MAT 15:29","source:0002","accepted"
"mnt-0722","person-000156","MAT 15:32","source:0002","accepted"
"mnt-0723","person-000156","MAT 15:34","source:0002","accepted"
"mnt-0724","person-000156","MAT 16:6","source:0002","accepted"
"mnt-0725","person-000156","MAT 16:8","source:0002","accepted"
"mnt-0726","person-000156","MAT 16:13","source:0002","accepted"
"mnt-0727","person-000156","MAT 16:17","source:0002","accepted"
"mnt-0728","person-000156","MAT 16:21","source:0002","accepted"
"mnt-0729","person-000156","MAT 16:24","source:0002","accepted"
"mnt-0730","person-000156","MAT 17:1","source:0002","accepted"
"mnt-0731","person-000156","MAT 17:4","source:0002","accepted"
"mnt-0732","person-000156","MAT 17:7","source:0002","accepted"
"mnt-0733","person-000156","MAT 17:8","source:0002","accepted"
"mnt-0734","person-000156","MAT 17:9","source:0002","accepted"
"mnt-0735","person-000156","MAT 17:17","source:0002","accepted"
"mnt-0736","person-000156","MAT 17:18","source:0002","accepted"
"mnt-0737","person-000156","MAT 17:19","source:0002","accepted"
"mnt-0738","person-000156","MAT 17:22","source:0002","accepted"
"mnt-0739","person-000156","MAT 17:25","source:0002","accepted"
"mnt-0740","person-000156","MAT 17:26","source:0002","accepted"
"mnt-0741","person-000156","MAT 18:1","source:0002","accepted"
"mnt-0742","person-000156","MAT 18:22","source:0002","accepted"
"mnt-0743","person-000156","MAT 19:1","source:0002","accepted"
"mnt-0744","person-000156","MAT 19:14","source:0002","accepted"
"mnt-0745","person-000156","MAT 19:18","source:0002","accepted"
"mnt-0746","person-000156","MAT 19:21","source:0002","accepted"
"mnt-0747","person-000156","MAT 19:23","source:0002","accepted"
"mnt-0748","person-000156","MAT 19:26","source:0002","accepted"
"mnt-0749","person-000156","MAT 19:28","source:0002","accepted"
"mnt-0750","person-000156","MAT 20:17","source:0002","accepted"
"mnt-0751","person-000156","MAT 20:22","source:0002","accepted"
"mnt-0752","person-000156","MAT 20:25","source:0002","accepted"
"mnt-0753","person-000156","MAT 20:30","source:0002","accepted"
"mnt-0754","person-000156","MAT 20:32","source:0002","accepted"
"mnt-0755","person-000156","MAT 20:34","source:0002","accepted"
"mnt-0756","person-000156","MAT 21:1","source:0002","accepted"
"mnt-0757","person-000156","MAT 21:6","source:0002","accepted"
"mnt-0758","person-000156","MAT 21:11","source:0002","accepted"
"mnt-0759","person-000156","MAT 21:12","source:0002","accepted"
"mnt-0760","person-000156","MAT 21:16","source:0002","accepted"
"mnt-0761","person-000156","MAT 21:21","source:0002","accepted"
"mnt-0762","person-000156","MAT 21:24","source:0002","accepted"
"mnt-0763","person-000156","MAT 21:27","source:0002","accepted"
"mnt-0764","person-000156","MAT 21:31","source:0002","accepted"
"mnt-0765","person-000156","MAT 21:42","source:0002","accepted"
"mnt-0766","person-000156","MAT 22:1","source:0002","accepted"
"mnt-0767","person-000156","MAT 22:18","source:0002","accepted"
"mnt-0768","person-000156","MAT 22:29","source:0002","accepted"
"mnt-0769","person-000156","MAT 22:41","source:0002","accepted"
"mnt-0770","person-000156","MAT 23:1","source:0002","accepted"
"mnt-0771","person-000156","MAT 24:1","source:0002","accepted"
"mnt-0772","person-000156","MAT 24:4","source:0002","accepted"
"mnt-0773","person-000156","MAT 26:1","source:0002","accepted"
"mnt-0774","person-000156","MAT 26:4","source:0002","accepted"
"mnt-0775","person-000156","MAT 26:6","source:0002","accepted"
"mnt-0776","person-000156","MAT 26:10","source:0002","accepted"
"mnt-0777","person-000156","MAT 26:17","source:0002","accepted"
"mnt-0778","person-000156","MAT 26:19","source:0002","accepted"
"mnt-0779","person-000156","MAT 26:26","source:0002","accepted"
"mnt-0780","person-000156","MAT 26:31","source:0002","accepted"
"mnt-0781","person-000156","MAT 26:34","source:0002","accepted"
"mnt-0782","person-000156","MAT 26:36","source:0002","accepted"
"mnt-0783","person-000156","MAT 26:49","source:0002","accepted"
"mnt-0784","person-000156","MAT 26:50","source:0002","accepted"
"mnt-0785","person-000156","MAT 26:51","source:0002","accepted"
"mnt-0786","person-000156","MAT 26:52","source:0002","accepted"
"mnt-0787","person-000156","MAT 26:55","source:0002","accepted"
"mnt-0788","person-000156","MAT 26:57","source:0002","accepted"
"mnt-0789","person-000156","MAT 26:59","source:0002","accepted"
"mnt-0790","person-000156","MAT 26:63","source:0002","accepted"
"mnt-0791","person-000156","MAT 26:64","source:0002","accepted"
"mnt-0792","person-000156","MAT 26:69","source:0002","accepted"
"mnt-0793","person-000156","MAT 26:71","source:0002","accepted"
"mnt-0794","person-000156","MAT 26:75","source:0002","accepted"
"mnt-0795","person-000156","MAT 27:1","source:0002","accepted"
"mnt-0796","person-000156","MAT 27:11","source:0002","accepted"
"mnt-0797","person-000156","MAT 27:17","source:0002","accepted"
"mnt-0798","person-000156","MAT 27:20","source:0002","accepted"
"mnt-0799","person-000156","MAT 27:22","source:0002","accepted"
"mnt-0800","person-000156","MAT 27:26","source:0002","accepted"
"mnt-0801","person-000156","MAT 27:27","source:0002","accepted"
"mnt-0802","person-000156","MAT 27:37","source:0002","accepted"
"mnt-0803","person-000156","MAT 27:46","source:0002","accepted"
"mnt-0804","person-000156","MAT 27:50","source:0002","accepted"
"mnt-0805","person-000156","MAT 27:54","source:0002","accepted"
"mnt-0806","person-000156","MAT 27:55","source:0002","accepted"
"mnt-0807","person-000156","MAT 27:57","source:0002","accepted"
"mnt-0808","person-000156","MAT 27:58","source:0002","accepted"
"mnt-0809","person-000156","MAT 28:5","source:0002","accepted"
"mnt-0810","person-000156","MAT 28:9","source:0002","accepted"
"mnt-0811","person-000156","MAT 28:10","source:0002","accepted"
"mnt-0812","person-000156","MAT 28:16","source:0002","accepted"
"mnt-0813","person-000156","MAT 28:18","source:0002","accepted"
"mnt-0814","person-000156","MRK 1:1","source:0002","accepted"
"mnt-0815","person-000156","MRK 1:9","source:0002","accepted"
"mnt-0816","person-000156","MRK 1:14","source:0002","accepted"
"mnt-0817","person-000156","MRK 1:17","source:0002","accepted"
"mnt-0818","person-000156","MRK 1:24","source:0002","accepted"
"mnt-0819","person-000156","MRK 1:25","source:0002","accepted"
"mnt-0820","person-000156","MRK 2:5","source:0002","accepted"
"mnt-0821","person-000156","MRK 2:8","source:0002","accepted"
"mnt-0822","person-000156","MRK 2:15","source:0002","accepted"
"mnt-0823","person-000156","MRK 2:17","source:0002","accepted"
"mnt-0824","person-000156","MRK 2:19","source:0002","accepted"
"mnt-0825","person-000156","MRK 3:7","source:0002","accepted"
"mnt-0826","person-000156","MRK 5:6","source:0002","accepted"
"mnt-0827","person-000156","MRK 5:7","source:0002","accepted"
"mnt-0828","person-000156","MRK 5:15","source:0002","accepted"
"mnt-0829","person-000156","MRK 5:20","source:0002","accepted"
"mnt-0830","person-000156","MRK 5:21","source:0002","accepted"
"mnt-0831","person-000156","MRK 5:27","source:0002","accepted"
"mnt-0832","person-000156","MRK 5:30","source:0002","accepted"
"mnt-0833","person-000156","MRK 5:36","source:0002","accepted"
"mnt-0834","person-000156","MRK 6:4","source:0002","accepted"
"mnt-0835","person-000156","MRK 6:30","source:0002","accepted"
"mnt-0836","person-000156","MRK 8:17","source:0002","accepted"
"mnt-0837","person-000156","MRK 8:27","source:0002","accepted"
"mnt-0838","person-000156","MRK 9:2","source:0002","accepted"
"mnt-0839","person-000156","MRK 9:4","source:0002","accepted"
"mnt-0840","person-000156","MRK 9:5","source:0002","accepted"
"mnt-0841","person-000156","MRK 9:8","source:0002","accepted"
"mnt-0842","person-000156","MRK 9:23","source:0002","accepted"
"mnt-0843","person-000156","MRK 9:25","source:0002","accepted"
"mnt-0844","person-000156","MRK 9:27","source:0002","accepted"
"mnt-0845","person-000156","MRK 9:39","source:0002","accepted"
"mnt-0846","person-000156","MRK 10:5","source:0002","accepted"
"mnt-0847","person-000156","MRK 10:14","source:0002","accepted"
"mnt-0848","person-000156","MRK 10:18","source:0002","accepted"
"mnt-0849","person-000156","MRK 10:21","source:0002","accepted"
"mnt-0850","person-000156","MRK 10:23","source:0002","accepted"
"mnt-0851","person-000156","MRK 10:24","source:0002","accepted"
"mnt-0852","person-000156","MRK 10:27","source:0002","accepted"
"mnt-0853","person-000156","MRK 10:29","source:0002","accepted"
"mnt-0854","person-000156","MRK 10:32","source:0002","accepted"
"mnt-0855","person-000156","MRK 10:38","source:0002","accepted"
"mnt-0856","person-000156","MRK 10:39","source:0002","accepted"
"mnt-0857","person-000156","MRK 10:42","source:0002","accepted"
"mnt-0858","person-000156","MRK 10:47","source:0002","accepted"
"mnt-0859","person-000156","MRK 10:49","source:0002","accepted"
"mnt-0860","person-000156","MRK 10:50","source:0002","accepted"
"mnt-0861","person-000156","MRK 10:51","source:0002","accepted"
"mnt-0862","person-000156","MRK 10:52","source:0002","accepted"
"mnt-0863","person-000156","MRK 11:6","source:0002","accepted"
"mnt-0864","person-000156","MRK 11:7","source:0002","accepted"
"mnt-0865","person-000156","MRK 11:22","source:0002","accepted"
"mnt-0866","person-000156","MRK 11:29","source:0002","accepted"
"mnt-0867","person-000156","MRK 11:33","source:0002","accepted"
"mnt-0868","person-000156","MRK 12:17","source:0002","accepted"
"mnt-0869","person-000156","MRK 12:24","source:0002","accepted"
"mnt-0870","person-000156","MRK 12:29","source:0002","accepted"
"mnt-0871","person-000156","MRK 12:34","source:0002","accepted"
"mnt-0872","person-000156","MRK 12:35","source:0002","accepted"
"mnt-0873","person-000156","MRK 13:2","source:0002","accepted"
"mnt-0874","person-000156","MRK 13:5","source:0002","accepted"
"mnt-0875","person-000156","MRK 14:6","source:0002","accepted"
"mnt-0876","person-000156","MRK 14:18","source:0002","accepted"
"mnt-0877","person-000156","MRK 14:27","source:0002","accepted"
"mnt-0878","person-000156","MRK 14:30","source:0002","accepted"
"mnt-0879","person-000156","MRK 14:48","source:0002","accepted"
"mnt-0880","person-000156","MRK 14:53","source:0002","accepted"
"mnt-0881","person-000156","MRK 14:55","source:0002","accepted"
"mnt-0882","person-000156","MRK 14:60","source:0002","accepted"
"mnt-0883","person-000156","MRK 14:62","source:0002","accepted"
"mnt-0884","person-000156","MRK 14:67","source:0002","accepted"
"mnt-0885","person-000156","MRK 14:72","source:0002","accepted"
"mnt-0886","person-000156","MRK 15:1","source:0002","accepted"
"mnt-0887","person-000156","MRK 15:5","source:0002","accepted"
"mnt-0888","person-000156","MRK 15:15","source:0002","accepted"
"mnt-0889","person-000156","MRK 15:34","source:0002","accepted"
"mnt-0890","person-000156","MRK 15:37","source:0002","accepted"
"mnt-0891","person-000156","MRK 15:43","source:0002","accepted"
"mnt-0892","person-000156","MRK 16:6","source:0002","accepted"
"mnt-0893","person-000156","LUK 1:31","source:0002","accepted"
"mnt-0894","person-000156","LUK 2:21","source:0002","accepted"
"mnt-0895","person-000156","LUK 2:27","source:0002","accepted"
"mnt-0896","person-000156","LUK 2:43","source:0002","accepted"
"mnt-0897","person-000156","LUK 2:52","source:0002","accepted"
"mnt-0898","person-000156","LUK 3:21","source:0002","accepted"
"mnt-0899","person-000156","LUK 3:23","source:0002","accepted"
"mnt-0900","person-000156","LUK 4:1","source:0002","accepted"
"mnt-0901","person-000156","LUK 4:4","source:0002","accepted"
"mnt-0902","person-000156","LUK 4:8","source:0002","accepted"
"mnt-0903","person-000156","LUK 4:12","source:0002","accepted"
"mnt-0904","person-000156","LUK 4:14","source:0002","accepted"
"mnt-0905","person-000156","LUK 4:34","source:0002","accepted"
"mnt-0906","person-000156","LUK 4:35","source:0002","accepted"
"mnt-0907","person-000156","LUK 5:8","source:0002","accepted"
"mnt-0908","person-000156","LUK 5:10","source:0002","accepted"
"mnt-0909","person-000156","LUK 5:12","source:0002","accepted"
"mnt-0910","person-000156","LUK 5:19","source:0002","accepted"
"mnt-0911","person-000156","LUK 5:22","source:0002","accepted"
"mnt-0912","person-000156","LUK 5:31","source:0002","accepted"
"mnt-0913","person-000156","LUK 6:3","source:0002","accepted"
"mnt-0914","person-000156","LUK 6:9","source:0002","accepted"
"mnt-0915","person-000156","LUK 6:11","source:0002","accepted"
"mnt-0916","person-000156","LUK 7:3","source:0002","accepted"
"mnt-0917","person-000156","LUK 7:4","source:0002","accepted"
"mnt-0918","person-000156","LUK 7:6","source:0002","accepted"
"mnt-0919","person-000156","LUK 7:9","source:0002","accepted"
"mnt-0920","person-000156","LUK 7:40","source:0002","accepted"
"mnt-0921","person-000156","LUK 8:28","source:0002","accepted"
"mnt-0922","person-000156","LUK 8:30","source:0002","accepted"
"mnt-0923","person-000156","LUK 8:35","source:0002","accepted"
"mnt-0924","person-000156","LUK 8:38","source:0002","accepted"
"mnt-0925","person-000156","LUK 8:39","source:0002","accepted"
"mnt-0926","person-000156","LUK 8:40","source:0002","accepted"
"mnt-0927","person-000156","LUK 8:41","source:0002","accepted"
"mnt-0928","person-000156","LUK 8:45","source:0002","accepted"
"mnt-0929","person-000156","LUK 8:46","source:0002","accepted"
"mnt-0930","person-000156","LUK 8:50","source:0002","accepted"
"mnt-0931","person-000156","LUK 9:33","source:0002","accepted"
"mnt-0932","person-000156","LUK 9:36","source:0002","accepted"
"mnt-0933","person-000156","LUK 9:41","source:0002","accepted"
"mnt-0934","person-000156","LUK 9:42","source:0002","accepted"
"mnt-0935","person-000156","LUK 9:43","source:0002","accepted"
"mnt-0936","person-000156","LUK 9:47","source:0002","accepted"
"mnt-0937","person-000156","LUK 9:50","source:0002","accepted"
"mnt-0938","person-000156","LUK 9:58","source:0002","accepted"
"mnt-0939","person-000156","LUK 9:60","source:0002","accepted"
"mnt-0940","person-000156","LUK 9:62","source:0002","accepted"
"mnt-0941","person-000156","LUK 10:29","source:0002","accepted"
"mnt-0942","person-000156","LUK 10:30","source:0002","accepted"
"mnt-0943","person-000156","LUK 10:37","source:0002","accepted"
"mnt-0944","person-000156","LUK 13:12","source:0002","accepted"
"mnt-0945","person-000156","LUK 13:14","source:0002","accepted"
"mnt-0946","person-000156","LUK 14:3","source:0002","accepted"
"mnt-0947","person-000156","LUK 17:13","source:0002","accepted"
"mnt-0948","person-000156","LUK 17:17","source:0002","accepted"
"mnt-0949","person-000156","LUK 18:16","source:0002","accepted"
"mnt-0950","person-000156","LUK 18:19","source:0002","accepted"
"mnt-0951","person-000156","LUK 18:22","source:0002","accepted"
"mnt-0952","person-000156","LUK 18:24","source:0002","accepted"
"mnt-0953","person-000156","LUK 18:37","source:0002","accepted"
"mnt-0954","person-000156","LUK 18:38","source:0002","accepted"
"mnt-0955","person-000156","LUK 18:40","source:0002","accepted"
"mnt-0956","person-000156","LUK 18:42","source:0002","accepted"
"mnt-0957","person-000156","LUK 19:3","source:0002","accepted"
"mnt-0958","person-000156","LUK 19:5","source:0002","accepted"
"mnt-0959","person-000156","LUK 19:9","source:0002","accepted"
"mnt-0960","person-000156","LUK 19:35","source:0002","accepted"
"mnt-0961","person-000156","LUK 20:8","source:0002","accepted"
"mnt-0962","person-000156","LUK 20:34","source:0002","accepted"
"mnt-0963","person-000156","LUK 22:47","source:0002","accepted"
"mnt-0964","person-000156","LUK 22:48","source:0002","accepted"
"mnt-0965","person-000156","LUK 22:51","source:0002","accepted"
"mnt-0966","person-000156","LUK 22:52","source:0002","accepted"
"mnt-0967","person-000156","LUK 23:8","source:0002","accepted"
"mnt-0968","person-000156","LUK 23:20","source:0002","accepted"
"mnt-0969","person-000156","LUK 23:25","source:0002","accepted"
"mnt-0970","person-000156","LUK 23:26","source:0002","accepted"
"mnt-0971","person-000156","LUK 23:28","source:0002","accepted"
"mnt-0972","person-000156","LUK 23:34","source:0002","accepted"
"mnt-0973","person-000156","LUK 23:42","source:0002","accepted"
"mnt-0974","person-000156","LUK 23:46","source:0002","accepted"
"mnt-0975","person-000156","LUK 23:52","source:0002","accepted"
"mnt-0976","person-000156","LUK 24:3","source:0002","accepted"
"mnt-0977","person-000156","LUK 24:15","source:0002","accepted"
"mnt-0978","person-000156","LUK 24:19","source:0002","accepted"
"mnt-0979","person-000156","LUK 24:36","source:0002","accepted"
"mnt-0980","person-000156","JHN 1:17","source:0002","accepted"
"mnt-0981","person-000156","JHN 1:29","source:0002","accepted"
"mnt-0982","person-000156","JHN 1:36","source:0002","accepted"
"mnt-0983","person-000156","JHN 1:37","source:0002","accepted"
"mnt-0984","person-000156","JHN 1:38","source:0002","accepted"
"mnt-0985","person-000156","JHN 1:42","source:0002","accepted"
"mnt-0986","person-000156","JHN 1:43","source:0002","accepted"
"mnt-0987","person-000156","JHN 1:45","source:0002","accepted"
"mnt-0988","person-000156","JHN 1:47","source:0002","accepted"
"mnt-0989","person-000156","JHN 1:48","source:0002","accepted"
"mnt-0990","person-000156","JHN 1:50","source:0002","accepted"
"mnt-0991","person-000156","JHN 2:1","source:0002","accepted"
"mnt-0992","person-000156","JHN 2:2","source:0002","accepted"
"mnt-0993","person-000156","JHN 2:3","source:0002","accepted"
"mnt-0994","person-000156","JHN 2:4","source:0002","accepted"
"mnt-0995","person-000156","JHN 2:7","source:0002","accepted"
"mnt-0996","person-000156","JHN 2:11","source:0002","accepted"
"mnt-0997","person-000156","JHN 2:13","source:0002","accepted"
"mnt-0998","person-000156","JHN 2:19","source:0002","accepted"
"mnt-0999","person-000156","JHN 2:22","source:0002","accepted"
"mnt-1000","person-000156","JHN 2:24","source:0002","accepted"
"mnt-1001","person-000156","JHN 3:2","source:0002","accepted"
"mnt-1002","person-000156","JHN 3:3","source:0002","accepted"
"mnt-1003","person-000156","JHN 3:5","source:0002","accepted"
"mnt-1004","person-000156","JHN 3:10","source:0002","accepted"
"mnt-1005","person-000156","JHN 3:22","source:0002","accepted"
"mnt-1006","person-000156","JHN 4:1","source:0002","accepted"
"mnt-1007","person-000156","JHN 4:2","source:0002","accepted"
"mnt-1008","person-000156","JHN 4:6","source:0002","accepted"
"mnt-1009","person-000156","JHN 4:7","source:0002","accepted"
"mnt-1010","person-000156","JHN 4:10","source:0002","accepted"
"mnt-1011","person-000156","JHN 4:13","source:0002","accepted"
"mnt-1012","person-000156","JHN 4:16","source:0002","accepted"
"mnt-1013","person-000156","JHN 4:17","source:0002","accepted"
"mnt-1014","person-000156","JHN 4:21","source:0002","accepted"
"mnt-1015","person-000156","JHN 4:26","source:0002","accepted"
"mnt-1016","person-000156","JHN 4:34","source:0002","accepted"
"mnt-1017","person-000156","JHN 4:44","source:0002","accepted"
"mnt-1018","person-000156","JHN 4:47","source:0002","accepted"
"mnt-1019","person-000156","JHN 4:48","source:0002","accepted"
"mnt-1020","person-000156","JHN 4:50","source:0002","accepted"
"mnt-1021","person-000156","JHN 4:53","source:0002","accepted"
"mnt-1022","person-000156","JHN 4:54","source:0002","accepted"
"mnt-1023","person-000156","JHN 5:1","source:0002","accepted"
"mnt-1024","person-000156","JHN 5:6","source:0002","accepted"
"mnt-1025","person-000156","JHN 5:8","source:0002","accepted"
"mnt-1026","person-000156","JHN 5:13","source:0002","accepted"
"mnt-1027","person-000156","JHN 5:14","source:0002","accepted"
"mnt-1028","person-000156","JHN 5:15","source:0002","accepted"
"mnt-1029","person-000156","JHN 5:16","source:0002","accepted"
"mnt-1030","person-000156","JHN 5:17","source:0002","accepted"
"mnt-1031","person-000156","JHN 5:19","source:0002","accepted"
"mnt-1032","person-000156","JHN 6:1","source:0002","accepted"
"mnt-1033","person-000156","JHN 6:3","source:0002","accepted"
"mnt-1034","person-000156","JHN 6:5","source:0002","accepted"
"mnt-1035","person-000156","JHN 6:10","source:0002","accepted"
"mnt-1036","person-000156","JHN 6:11","source:0002","accepted"
"mnt-1037","person-000156","JHN 6:15","source:0002","accepted"
"mnt-1038","person-000156","JHN 6:17","source:0002","accepted"
"mnt-1039","person-000156","JHN 6:19","source:0002","accepted"
"mnt-1040","person-000156","JHN 6:22","source:0002","accepted"
"mnt-1041","person-000156","JHN 6:24","source:0002","accepted"
"mnt-1042","person-000156","JHN 6:26","source:0002","accepted"
"mnt-1043","person-000156","JHN 6:29","source:0002","accepted"
"mnt-1044","person-000156","JHN 6:32","source:0002","accepted"
"mnt-1045","person-000156","JHN 6:35","source:0002","accepted"
"mnt-1046","person-000156","JHN 6:42","source:0002","accepted"
"mnt-1047","person-000156","JHN 6:43","source:0002","accepted"
"mnt-1048","person-000156","JHN 6:53","source:0002","accepted"
"mnt-1049","person-000156","JHN 6:61","source:0002","accepted"
"mnt-1050","person-000156","JHN 6:64","source:0002","accepted"
"mnt-1051","person-000156","JHN 6:67","source:0002","accepted"
"mnt-1052","person-000156","JHN 6:70","source:0002","accepted"
"mnt-1053","person-000156","JHN 7:1","source:0002","accepted"
"mnt-1054","person-000156","JHN 7:6","source:0002","accepted"
"mnt-1055","person-000156","JHN 7:14","source:0002","accepted"
"mnt-1056","person-000156","JHN 7:16","source:0002","accepted"
"mnt-1057","person-000156","JHN 7:21","source:0002","accepted"
"mnt-1058","person-000156","JHN 7:28","source:0002","accepted"
"mnt-1059","person-000156","JHN 7:33","source:0002","accepted"
"mnt-1060","person-000156","JHN 7:37","source:0002","accepted"
"mnt-1061","person-000156","JHN 7:39","source:0002","accepted"
"mnt-1062","person-000156","JHN 8:1","source:0002","accepted"
"mnt-1063","person-000156","JHN 8:6","source:0002","accepted"
"mnt-1064","person-000156","JHN 8:9","source:0002","accepted"
"mnt-1065","person-000156","JHN 8:10","source:0002","accepted"
"mnt-1066","person-000156","JHN 8:11","source:0002","accepted"
"mnt-1067","person-000156","JHN 8:12","source:0002","accepted"
"mnt-1068","person-000156","JHN 8:14","source:0002","accepted"
"mnt-1069","person-000156","JHN 8:19","source:0002","accepted"
"mnt-1070","person-000156","JHN 8:25","source:0002","accepted"
"mnt-1071","person-000156","JHN 8:28","source:0002","accepted"
"mnt-1072","person-000156","JHN 8:31","source:0002","accepted"
"mnt-1073","person-000156","JHN 8:34","source:0002","accepted"
"mnt-1074","person-000156","JHN 8:39","source:0002","accepted"
"mnt-1075","person-000156","JHN 8:42","source:0002","accepted"
"mnt-1076","person-000156","JHN 8:49","source:0002","accepted"
"mnt-1077","person-000156","JHN 8:54","source:0002","accepted"
"mnt-1078","person-000156","JHN 8:58","source:0002","accepted"
"mnt-1079","person-000156","JHN 8:59","source:0002","accepted"
"mnt-1080","person-000156","JHN 9:3","source:0002","accepted"
"mnt-1081","person-000156","JHN 9:11","source:0002","accepted"
"mnt-1082","person-000156","JHN 9:14","source:0002","accepted"
"mnt-1083","person-000156","JHN 9:35","source:0002","accepted"
"mnt-1084","person-000156","JHN 9:37","source:0002","accepted"
"mnt-1085","person-000156","JHN 9:39","source:0002","accepted"
"mnt-1086","person-000156","JHN 9:41","source:0002","accepted"
"mnt-1087","person-000156","JHN 10:6","source:0002","accepted"
"mnt-1088","person-000156","JHN 10:7","source:0002","accepted"
"mnt-1089","person-000156","JHN 10:23","source:0002","accepted"
"mnt-1090","person-000156","JHN 10:25","source:0002","accepted"
"mnt-1091","person-000156","JHN 10:32","source:0002","accepted"
"mnt-1092","person-000156","JHN 10:34","source:0002","accepted"
"mnt-1093","person-000156","JHN 11:4","source:0002","accepted"
"mnt-1094","person-000156","JHN 11:5","source:0002","accepted"
"mnt-1095","person-000156","JHN 11:9","source:0002","accepted"
"mnt-1096","person-000156","JHN 11:13","source:0002","accepted"
"mnt-1097","person-000156","JHN 11:14","source:0002","accepted"
"mnt-1098","person-000156","JHN 11:17","source:0002","accepted"
"mnt-1099","person-000156","JHN 11:20","source:0002","accepted"
"mnt-1100","person-000156","JHN 11:21","source:0002","accepted"
"mnt-1101","person-000156","JHN 11:23","source:0002","accepted"
"mnt-1102","person-000156","JHN 11:25","source:0002","accepted"
"mnt-1103","person-000156","JHN 11:30","source:0002","accepted"
"mnt-1104","person-000156","JHN 11:32","source:0002","accepted"
"mnt-1105","person-000156","JHN 11:33","source:0002","accepted"
"mnt-1106","person-000156","JHN 11:35","source:0002","accepted"
"mnt-1107","person-000156","JHN 11:38","source:0002","accepted"
"mnt-1108","person-000156","JHN 11:39","source:0002","accepted"
"mnt-1109","person-000156","JHN 11:40","source:0002","accepted"
"mnt-1110","person-000156","JHN 11:41","source:0002","accepted"
"mnt-1111","person-000156","JHN 11:44","source:0002","accepted"
"mnt-1112","person-000156","JHN 11:46","source:0002","accepted"
"mnt-1113","person-000156","JHN 11:51","source:0002","accepted"
"mnt-1114","person-000156","JHN 11:54","source:0002","accepted"
"mnt-1115","person-000156","JHN 11:56","source:0002","accepted"
"mnt-1116","person-000156","JHN 12:1","source:0002","accepted"
"mnt-1117","person-000156","JHN 12:3","source:0002","accepted"
"mnt-1118","person-000156","JHN 12:7","source:0002","accepted"
"mnt-1119","person-000156","JHN 12:9","source:0002","accepted"
"mnt-1120","person-000156","JHN 12:11","source:0002","accepted"
"mnt-1121","person-000156","JHN 12:12","source:0002","accepted"
"mnt-1122","person-000156","JHN 12:14","source:0002","accepted"
"mnt-1123","person-000156","JHN 12:16","source:0002","accepted"
"mnt-1124","person-000156","JHN 12:21","source:0002","accepted"
"mnt-1125","person-000156","JHN 12:22","source:0002","accepted"
"mnt-1126","person-000156","JHN 12:23","source:0002","accepted"
"mnt-1127","person-000156","JHN 12:30","source:0002","accepted"
"mnt-1128","person-000156","JHN 12:35","source:0002","accepted"
"mnt-1129","person-000156","JHN 12:36","source:0002","accepted"
"mnt-1130","person-000156","JHN 12:44","source:0002","accepted"
"mnt-1131","person-000156","JHN 13:1","source:0002","accepted"
"mnt-1132","person-000156","JHN 13:3","source:0002","accepted"
"mnt-1133","person-000156","JHN 13:7","source:0002","accepted"
"mnt-1134","person-000156","JHN 13:8","source:0002","accepted"
"mnt-1135","person-000156","JHN 13:10","source:0002","accepted"
"mnt-1136","person-000156","JHN 13:21","source:0002","accepted"
"mnt-1137","person-000156","JHN 13:23","source:0002","accepted"
"mnt-1138","person-000156","JHN 13:25","source:0002","accepted"
"mnt-1139","person-000156","JHN 13:26","source:0002","accepted"
"mnt-1140","person-000156","JHN 13:27","source:0002","accepted"
"mnt-1141","person-000156","JHN 13:29","source:0002","accepted"
"mnt-1142","person-000156","JHN 13:31","source:0002","accepted"
"mnt-1143","person-000156","JHN 13:36","source:0002","accepted"
"mnt-1144","person-000156","JHN 13:38","source:0002","accepted"
"mnt-1145","person-000156","JHN 14:6","source:0002","accepted"
"mnt-1146","person-000156","JHN 14:9","source:0002","accepted"
"mnt-1147","person-000156","JHN 14:23","source:0002","accepted"
"mnt-1148","person-000156","JHN 16:19","source:0002","accepted"
"mnt-1149","person-000156","JHN 16:31","source:0002","accepted"
"mnt-1150","person-000156","JHN 17:1","source:0002","accepted"
"mnt-1151","person-000156","JHN 17:3","source:0002","accepted"
"mnt-1152","person-000156","JHN 18:1","source:0002","accepted"
"mnt-1153","person-000156","JHN 18:2","source:0002","accepted"
"mnt-1154","person-000156","JHN 18:4","source:0002","accepted"
"mnt-1155","person-000156","JHN 18:5","source:0002","accepted"
"mnt-1156","person-000156","JHN 18:7","source:0002","accepted"
"mnt-1157","person-000156","JHN 18:8","source:0002","accepted"
"mnt-1158","person-000156","JHN 18:11","source:0002","accepted"
"mnt-1159","person-000156","JHN 18:12","source:0002","accepted"
"mnt-1160","person-000156","JHN 18:15","source:0002","accepted"
"mnt-1161","person-000156","JHN 18:19","source:0002","accepted"
"mnt-1162","person-000156","JHN 18:20","source:0002","accepted"
"mnt-1163","person-000156","JHN 18:22","source:0002","accepted"
"mnt-1164","person-000156","JHN 18:23","source:0002","accepted"
"mnt-1165","person-000156","JHN 18:28","source:0002","accepted"
"mnt-1166","person-000156","JHN 18:32","source:0002","accepted"
"mnt-1167","person-000156","JHN 18:33","source:0002","accepted"
"mnt-1168","person-000156","JHN 18:34","source:0002","accepted"
"mnt-1169","person-000156","JHN 18:36","source:0002","accepted"
"mnt-1170","person-000156","JHN 18:37","source:0002","accepted"
"mnt-1171","person-000156","JHN 19:1","source:0002","accepted"
"mnt-1172","person-000156","JHN 19:5","source:0002","accepted"
"mnt-1173","person-000156","JHN 19:9","source:0002","accepted"
"mnt-1174","person-000156","JHN 19:11","source:0002","accepted"
"mnt-1175","person-000156","JHN 19:13","source:0002","accepted"
"mnt-1176","person-000156","JHN 19:16","source:0002","accepted"
"mnt-1177","person-000156","JHN 19:18","source:0002","accepted"
"mnt-1178","person-000156","JHN 19:19","source:0002","accepted"
"mnt-1179","person-000156","JHN 19:20","source:0002","accepted"
"mnt-1180","person-000156","JHN 19:23","source:0002","accepted"
"mnt-1181","person-000156","JHN 19:25","source:0002","accepted"
"mnt-1182","person-000156","JHN 19:26","source:0002","accepted"
"mnt-1183","person-000156","JHN 19:28","source:0002","accepted"
"mnt-1184","person-000156","JHN 19:30","source:0002","accepted"
"mnt-1185","person-000156","JHN 19:33","source:0002","accepted"
"mnt-1186","person-000156","JHN 19:38","source:0002","accepted"
"mnt-1187","person-000156","JHN 19:39","source:0002","accepted"
"mnt-1188","person-000156","JHN 19:40","source:0002","accepted"
"mnt-1189","person-000156","JHN 19:42","source:0002","accepted"
"mnt-1190","person-000156","JHN 20:2","source:0002","accepted"
"mnt-1191","person-000156","JHN 20:12","source:0002","accepted"
"mnt-1192","person-000156","JHN 20:14","source:0002","accepted"
"mnt-1193","person-000156","JHN 20:15","source:0002","accepted"
"mnt-1194","person-000156","JHN 20:16","source:0002","accepted"
"mnt-1195","person-000156","JHN 20:17","source:0002","accepted"
"mnt-1196","person-000156","JHN 20:19","source:0002","accepted"
"mnt-1197","person-000156","JHN 20:21","source:0002","accepted"
"mnt-1198","person-000156","JHN 20:24","source:0002","accepted"
"mnt-1199","person-000156","JHN 20:26","source:0002","accepted"
"mnt-1200","person-000156","JHN 20:29","source:0002","accepted"
"mnt-1201","person-000156","JHN 20:30","source:0002","accepted"
"mnt-1202","person-000156","JHN 20:31","source:0002","accepted"
"mnt-1203","person-000156","JHN 21:1","source:0002","accepted"
"mnt-1204","person-000156","JHN 21:4","source:0002","accepted"
"mnt-1205","person-000156","JHN 21:5","source:0002","accepted"
"mnt-1206","person-000156","JHN 21:7","source:0002","accepted"
"mnt-1207","person-000156","JHN 21:10","source:0002","accepted"
"mnt-1208","person-000156","JHN 21:12","source:0002","accepted"
"mnt-1209","person-000156","JHN 21:13","source:0002","accepted"
"mnt-1210","person-000156","JHN 21:14","source:0002","accepted"
"mnt-1211","person-000156","JHN 21:15","source:0002","accepted"
"mnt-1212","person-000156","JHN 21:17","source:0002","accepted"
"mnt-1213","person-000156","JHN 21:20","source:0002","accepted"
"mnt-1214","person-000156","JHN 21:21","source:0002","accepted"
"mnt-1215","person-000156","JHN 21:22","source:0002","accepted"
"mnt-1216","person-000156","JHN 21:23","source:0002","accepted"
"mnt-1217","person-000156","JHN 21:25","source:0002","accepted"
"mnt-1218","person-000156","ACT 1:1","source:0002","accepted"
"mnt-1219","person-000156","ACT 1:11","source:0002","accepted"
"mnt-1220","person-000156","ACT 1:14","source:0002","accepted"
"mnt-1221","person-000156","ACT 1:16","source:0002","accepted"
"mnt-1222","person-000156","ACT 1:21","source:0002","accepted"
"mnt-1223","person-000156","ACT 2:22","source:0002","accepted"
"mnt-1224","person-000156","ACT 2:32","source:0002","accepted"
"mnt-1225","person-000156","ACT 2:36","source:0002","accepted"
"mnt-1226","person-000156","ACT 2:38","source:0002","accepted"
"mnt-1227","person-000156","ACT 3:6","source:0002","accepted"
"mnt-1228","person-000156","ACT 3:13","source:0002","accepted"
"mnt-1229","person-000156","ACT 3:20","source:0002","accepted"
"mnt-1230","person-000156","ACT 4:2","source:0002","accepted"
"mnt-1231","person-000156","ACT 4:10","source:0002","accepted"
"mnt-1232","person-000156","ACT 4:13","source:0002","accepted"
"mnt-1233","person-000156","ACT 4:18","source:0002","accepted"
"mnt-1234","person-000156","ACT 4:27","source:0002","accepted"
"mnt-1235","person-000156","ACT 4:30","source:0002","accepted"
"mnt-1236","person-000156","ACT 4:33","source:0002","accepted"
"mnt-1237","person-000156","ACT 5:30","source:0002","accepted"
"mnt-1238","person-000156","ACT 5:40","source:0002","accepted"
"mnt-1239","person-000156","ACT 5:42","source:0002","accepted"
"mnt-1240","person-000156","ACT 6:14","source:0002","accepted"
"mnt-1241","person-000156","ACT 7:55","source:0002","accepted"
"mnt-1242","person-000156","ACT 7:59","source:0002","accepted"
"mnt-1243","person-000156","ACT 8:12","source:0002","accepted"
"mnt-1244","person-000156","ACT 8:16","source:0002","accepted"
"mnt-1245","person-000156","ACT 8:35","source:0002","accepted"
"mnt-1246","person-000156","ACT 9:5","source:0002","accepted"
"mnt-1247","person-000156","ACT 9:17","source:0002","accepted"
"mnt-1248","person-000156","ACT 9:27","source:0002","accepted"
"mnt-1249","person-000156","ACT 9:34","source:0002","accepted"
"mnt-1250","person-000156","ACT 10:36","source:0002","accepted"
"mnt-1251","person-000156","ACT 10:38","source:0002","accepted"
"mnt-1252","person-000156","ACT 11:17","source:0002","accepted"
"mnt-1253","person-000156","ACT 11:20","source:0002","accepted"
"mnt-1254","person-000156","ACT 13:23","source:0002","accepted"
"mnt-1255","person-000156","ACT 13:33","source:0002","accepted"
"mnt-1256","person-000156","ACT 15:11","source:0002","accepted"
"mnt-1257","person-000156","ACT 15:26","source:0002","accepted"
"mnt-1258","person-000156","ACT 16:7","source:0002","accepted"
"mnt-1259","person-000156","ACT 16:18","source:0002","accepted"
"mnt-1260","person-000156","ACT 16:31","source:0002","accepted"
"mnt-1261","person-000156","ACT 17:3","source:0002","accepted"
"mnt-1262","person-000156","ACT 17:7","source:0002","accepted"
"mnt-1263","person-000156","ACT 17:18","source:0002","accepted"
"mnt-1264","person-000156","ACT 18:5","source:0002","accepted"
"mnt-1265","person-000156","ACT 18:28","source:0002","accepted"
"mnt-1266","person-000156","ACT 19:4","source:0002","accepted"
"mnt-1267","person-000156","ACT 19:5","source:0002","accepted"
"mnt-1268","person-000156","ACT 19:13","source:0002","accepted"
"mnt-1269","person-000156","ACT 19:15","source:0002","accepted"
"mnt-1270","person-000156","ACT 19:17","source:0002","accepted"
"mnt-1271","person-000156","ACT 20:21","source:0002","accepted"
"mnt-1272","person-000156","ACT 20:24","source:0002","accepted"
"mnt-1273","person-000156","ACT 20:35","source:0002","accepted"
"mnt-1274","person-000156","ACT 21:13","source:0002","accepted"
"mnt-1275","person-000156","ACT 22:8","source:0002","accepted"
"mnt-1276","person-000156","ACT 24:24","source:0002","accepted"
"mnt-1277","person-000156","ACT 25:19","source:0002","accepted"
"mnt-1278","person-000156","ACT 26:9","source:0002","accepted"
"mnt-1279","person-000156","ACT 26:15","source:0002","accepted"
"mnt-1280","person-000156","ACT 28:23","source:0002","accepted"
"mnt-1281","person-000156","ACT 28:31","source:0002","accepted"
"mnt-1282","person-000156","ROM 1:1","source:0002","accepted"
"mnt-1283","person-000156","ROM 1:4","source:0002","accepted"
"mnt-1284","person-000156","ROM 1:6","source:0002","accepted"
"mnt-1285","person-000156","ROM 1:7","source:0002","accepted"
"mnt-1286","person-000156","ROM 1:8","source:0002","accepted"
"mnt-1287","person-000156","ROM 2:16","source:0002","accepted"
"mnt-1288","person-000156","ROM 3:22","source:0002","accepted"
"mnt-1289","person-000156","ROM 3:24","source:0002","accepted"
"mnt-1290","person-000156","ROM 3:26","source:0002","accepted"
"mnt-1291","person-000156","ROM 4:24","source:0002","accepted"
"mnt-1292","person-000156","ROM 5:1","source:0002","accepted"
"mnt-1293","person-000156","ROM 5:11","source:0002","accepted"
"mnt-1294","person-000156","ROM 5:15","source:0002","accepted"
"mnt-1295","person-000156","ROM 5:17","source:0002","accepted"
"mnt-1296","person-000156","ROM 5:21","source:0002","accepted"
"mnt-1297","person-000156","ROM 6:3","source:0002","accepted"
"mnt-1298","person-000156","ROM 6:11","source:0002","accepted"
"mnt-1299","person-000156","ROM 6:23","source:0002","accepted"
"mnt-1300","person-000156","ROM 7:25","source:0002","accepted"
"mnt-1301","person-000156","ROM 8:1","source:0002","accepted"
"mnt-1302","person-000156","ROM 8:2","source:0002","accepted"
"mnt-1303","person-000156","ROM 8:11","source:0002","accepted"
"mnt-1304","person-000156","ROM 8:39","source:0002","accepted"
"mnt-1305","person-000156","ROM 10:9","source:0002","accepted"
"mnt-1306","person-000156","ROM 13:14","source:0002","accepted"
"mnt-1307","person-000156","ROM 14:14","source:0002","accepted"
"mnt-1308","person-000156","ROM 15:5","source:0002","accepted"
"mnt-1309","person-000156","ROM 15:6","source:0002","accepted"
"mnt-1310","person-000156","ROM 15:16","source:0002","accepted"
"mnt-1311","person-000156","ROM 15:17","source:0002","accepted"
"mnt-1312","person-000156","ROM 15:30","source:0002","accepted"
"mnt-1313","person-000156","ROM 16:3","source:0002","accepted"
"mnt-1314","person-000156","ROM 16:20","source:0002","accepted"
"mnt-1315","person-000156","ROM 16:25","source:0002","excluded"
"mnt-1316","person-000156","ROM 16:27","source:0002","excluded"
"mnt-1317","person-000156","1CO 1:1","source:0002","accepted"
"mnt-1318","person-000156","1CO 1:2","source:0002","accepted"
"mnt-1319","person-000156","1CO 1:3","source:0002","accepted"
"mnt-1320","person-000156","1CO 1:4","source:0002","accepted"
"mnt-1321","person-000156","1CO 1:7","source:0002","accepted"
"mnt-1322","person-000156","1CO 1:8","source:0002","accepted"
"mnt-1323","person-000156","1CO 1:9","source:0002","accepted"
"mnt-1324","person-000156","1CO 1:10","source:0002","accepted"
"mnt-1325","person-000156","1CO 1:30","source:0002","accepted"
"mnt-1326","person-000156","1CO 2:2","source:0002","accepted"
"mnt-1327","person-000156","1CO 3:11","source:0002","accepted"
"mnt-1328","person-000156","1CO 4:15","source:0002","accepted"
"mnt-1329","person-000156","1CO 5:4","source:0002","accepted"
"mnt-1330","person-000156","1CO 6:11","source:0002","accepted"
"mnt-1331","person-000156","1CO 8:6","source:0002","accepted"
"mnt-1332","person-000156","1CO 9:1","source:0002","accepted"
"mnt-1333","person-000156","1CO 11:23","source:0002","accepted"
"mnt-1334","person-000156","1CO 12:3","source:0002","accepted"
"mnt-1335","person-000156","1CO 15:31","source:0002","accepted"
"mnt-1336","person-000156","1CO 15:57","source:0002","accepted"
"mnt-1337","person-000156","1CO 16:23","source:0002","accepted"
"mnt-1338","person-000156","1CO 16:24","source:0002","accepted"
"mnt-1339","person-000156","2CO 1:1","source:0002","accepted"
"mnt-1340","person-000156","2CO 1:2","source:0002","accepted"
"mnt-1341","person-000156","2CO 1:3","source:0002","accepted"
"mnt-1342","person-000156","2CO 1:14","source:0002","accepted"
"mnt-1343","person-000156","2CO 1:19","source:0002","accepted"
"mnt-1344","person-000156","2CO 4:5","source:0002","accepted"
"mnt-1345","person-000156","2CO 4:6","source:0002","accepted"
"mnt-1346","person-000156","2CO 4:10","source:0002","accepted"
"mnt-1347","person-000156","2CO 4:11","source:0002","accepted"
"mnt-1348","person-000156","2CO 4:14","source:0002","accepted"
"mnt-1349","person-000156","2CO 8:9","source:0002","accepted"
"mnt-1350","person-000156","2CO 11:4","source:0002","accepted"
"mnt-1351","person-000156","2CO 11:31","source:0002","accepted"
"mnt-1352","person-000156","2CO 13:5","source:0002","accepted"
"mnt-1353","person-000156","2CO 13:13","source:0002","accepted"
"mnt-1354","person-000156","2CO 13:14","source:0002","excluded"
"mnt-1355","person-000156","GAL 1:1","source:0002","accepted"
"mnt-1356","person-000156","GAL 1:3","source:0002","accepted"
"mnt-1357","person-000156","GAL 1:12","source:0002","accepted"
"mnt-1358","person-000156","GAL 2:4","source:0002","accepted"
"mnt-1359","person-000156","GAL 2:16","source:0002","accepted"
"mnt-1360","person-000156","GAL 3:1","source:0002","accepted"
"mnt-1361","person-000156","GAL 3:14","source:0002","accepted"
"mnt-1362","person-000156","GAL 3:22","source:0002","accepted"
"mnt-1363","person-000156","GAL 3:26","source:0002","accepted"
"mnt-1364","person-000156","GAL 3:28","source:0002","accepted"
"mnt-1365","person-000156","GAL 4:14","source:0002","accepted"
"mnt-1366","person-000156","GAL 5:6","source:0002","accepted"
"mnt-1367","person-000156","GAL 5:24","source:0002","accepted"
"mnt-1368","person-000156","GAL 6:14","source:0002","accepted"
"mnt-1369","person-000156","GAL 6:17","source:0002","accepted"
"mnt-1370","person-000156","GAL 6:18","source:0002","accepted"
"mnt-1371","person-000156","EPH 1:1","source:0002","accepted"
"mnt-1372","person-000156","EPH 1:2","source:0002","accepted"
"mnt-1373","person-000156","EPH 1:3","source:0002","accepted"
"mnt-1374","person-000156","EPH 1:5","source:0002","accepted"
"mnt-1375","person-000156","EPH 1:15","source:0002","accepted"
"mnt-1376","person-000156","EPH 1:17","source:0002","accepted"
"mnt-1377","person-000156","EPH 2:6","source:0002","accepted"
"mnt-1378","person-000156","EPH 2:7","source:0002","accepted"
"mnt-1379","person-000156","EPH 2:10","source:0002","accepted"
"mnt-1380","person-000156","EPH 2:13","source:0002","accepted"
"mnt-1381","person-000156","EPH 2:20","source:0002","accepted"
"mnt-1382","person-000156","EPH 3:1","source:0002","accepted"
"mnt-1383","person-000156","EPH 3:6","source:0002","accepted"
"mnt-1384","person-000156","EPH 3:11","source:0002","accepted"
"mnt-1385","person-000156","EPH 3:21","source:0002","accepted"
"mnt-1386","person-000156","EPH 4:21","source:0002","accepted"
"mnt-1387","person-000156","EPH 5:20","source:0002","accepted"
"mnt-1388","person-000156","EPH 6:23","source:0002","accepted"
"mnt-1389","person-000156","EPH 6:24","source:0002","accepted"
"mnt-1390","person-000156","PHP 1:1","source:0002","accepted"
"mnt-1391","person-000156","PHP 1:2","source:0002","accepted"
"mnt-1392","person-000156","PHP 1:6","source:0002","accepted"
"mnt-1393","person-000156","PHP 1:8","source:0002","accepted"
"mnt-1394","person-000156","PHP 1:11","source:0002","accepted"
"mnt-1395","person-000156","PHP 1:19","source:0002","accepted"
"mnt-1396","person-000156","PHP 1:26","source:0002","accepted"
"mnt-1397","person-000156","PHP 2:5","source:0002","accepted"
"mnt-1398","person-000156","PHP 2:10","source:0002","accepted"
"mnt-1399","person-000156","PHP 2:11","source:0002","accepted"
"mnt-1400","person-000156","PHP 2:19","source:0002","accepted"
"mnt-1401","person-000156","PHP 2:21","source:0002","accepted"
"mnt-1402","person-000156","PHP 3:3","source:0002","accepted"
"mnt-1403","person-000156","PHP 3:8","source:0002","accepted"
"mnt-1404","person-000156","PHP 3:12","source:0002","accepted"
"mnt-1405","person-000156","PHP 3:14","source:0002","accepted"
"mnt-1406","person-000156","PHP 3:20","source:0002","accepted"
"mnt-1407","person-000156","PHP 4:7","source:0002","accepted"
"mnt-1408","person-000156","PHP 4:19","source:0002","accepted"
"mnt-1409","person-000156","PHP 4:21","source:0002","accepted"
"mnt-1410","person-000156","PHP 4:23","source:0002","accepted"
"mnt-1411","person-000156","COL 1:1","source:0002","accepted"
"mnt-1412","person-000156","COL 1:3","source:0002","accepted"
"mnt-1413","person-000156","COL 1:4","source:0002","accepted"
"mnt-1414","person-000156","COL 2:6","source:0002","accepted"
"mnt-1415","person-000156","COL 3:17","source:0002","accepted"
"mnt-1416","person-000156","1TH 1:1","source:0002","accepted"
"mnt-1417","person-000156","1TH 1:3","source:0002","accepted"
"mnt-1418","person-000156","1TH 1:10","source:0002","accepted"
"mnt-1419","person-000156","1TH 2:14","source:0002","accepted"
"mnt-1420","person-000156","1TH 2:15","source:0002","accepted"
"mnt-1421","person-000156","1TH 2:19","source:0002","accepted"
"mnt-1422","person-000156","1TH 3:11","source:0002","accepted"
"mnt-1423","person-000156","1TH 3:13","source:0002","accepted"
"mnt-1424","person-000156","1TH 4:1","source:0002","accepted"
"mnt-1425","person-000156","1TH 4:2","source:0002","accepted"
"mnt-1426","person-000156","1TH 4:14","source:0002","accepted"
"mnt-1427","person-000156","1TH 5:9","source:0002","accepted"
"mnt-1428","person-000156","1TH 5:18","source:0002","accepted"
"mnt-1429","person-000156","1TH 5:23","source:0002","accepted"
"mnt-1430","person-000156","1TH 5:28","source:0002","accepted"
"mnt-1431","person-000156","2TH 1:1","source:0002","accepted"
"mnt-1432","person-000156","2TH 1:2","source:0002","accepted"
"mnt-1433","person-000156","2TH 1:7","source:0002","accepted"
"mnt-1434","person-000156","2TH 1:8","source:0002","accepted"
"mnt-1435","person-000156","2TH 1:12","source:0002","accepted"
"mnt-1436","person-000156","2TH 2:1","source:0002","accepted"
"mnt-1437","person-000156","2TH 2:14","source:0002","accepted"
"mnt-1438","person-000156","2TH 2:16","source:0002","accepted"
"mnt-1439","person-000156","2TH 3:6","source:0002","accepted"
"mnt-1440","person-000156","2TH 3:12","source:0002","accepted"
"mnt-1441","person-000156","2TH 3:18","source:0002","accepted"
"mnt-1442","person-000156","1TI 1:1","source:0002","accepted"
"mnt-1443","person-000156","1TI 1:2","source:0002","accepted"
"mnt-1444","person-000156","1TI 1:12","source:0002","accepted"
"mnt-1445","person-000156","1TI 1:14","source:0002","accepted"
"mnt-1446","person-000156","1TI 1:15","source:0002","accepted"
"mnt-1447","person-000156","1TI 1:16","source:0002","accepted"
"mnt-1448","person-000156","1TI 2:5","source:0002","accepted"
"mnt-1449","person-000156","1TI 3:13","source:0002","accepted"
"mnt-1450","person-000156","1TI 4:6","source:0002","accepted"
"mnt-1451","person-000156","1TI 5:21","source:0002","accepted"
"mnt-1452","person-000156","1TI 6:3","source:0002","accepted"
"mnt-1453","person-000156","1TI 6:13","source:0002","accepted"
"mnt-1454","person-000156","1TI 6:14","source:0002","accepted"
"mnt-1455","person-000156","2TI 1:1","source:0002","accepted"
"mnt-1456","person-000156","2TI 1:2","source:0002","accepted"
"mnt-1457","person-000156","2TI 1:9","source:0002","accepted"
"mnt-1458","person-000156","2TI 1:10","source:0002","accepted"
"mnt-1459","person-000156","2TI 1:13","source:0002","accepted"
"mnt-1460","person-000156","2TI 2:1","source:0002","accepted"
"mnt-1461","person-000156","2TI 2:3","source:0002","accepted"
"mnt-1462","person-000156","2TI 2:8","source:0002","accepted"
"mnt-1463","person-000156","2TI 2:10","source:0002","accepted"
"mnt-1464","person-000156","2TI 3:12","source:0002","accepted"
"mnt-1465","person-000156","2TI 3:15","source:0002","accepted"
"mnt-1466","person-000156","2TI 4:1","source:0002","accepted"
"mnt-1467","person-000156","TIT 1:1","source:0002","accepted"
"mnt-1468","person-000156","TIT 1:4","source:0002","accepted"
"mnt-1469","person-000156","TIT 2:13","source:0002","accepted"
"mnt-1470","person-000156","TIT 3:6","source:0002","accepted"
"mnt-1471","person-000156","PHM 1:1","source:0002","accepted"
"mnt-1472","person-000156","PHM 1:3","source:0002","accepted"
"mnt-1473","person-000156","PHM 1:5","source:0002","accepted"
"mnt-1474","person-000156","PHM 1:9","source:0002","accepted"
"mnt-1475","person-000156","PHM 1:23","source:0002","accepted"
"mnt-1476","person-000156","PHM 1:25","source:0002","accepted"
"mnt-1477","person-000156","HEB 2:9","source:0002","accepted"
"mnt-1478","person-000156","HEB 3:1","source:0002","accepted"
"mnt-1479","person-000156","HEB 4:14","source:0002","accepted"
"mnt-1480","person-000156","HEB 6:20","source:0002","accepted"
"mnt-1481","person-000156","HEB 7:22","source:0002","accepted"
"mnt-1482","person-000156","HEB 10:10","source:0002","accepted"
"mnt-1483","person-000156","HEB 10:19","source:0002","accepted"
"mnt-1484","person-000156","HEB 12:2","source:0002","accepted"
"mnt-1485","person-000156","HEB 12:24","source:0002","accepted"
"mnt-1486","person-000156","HEB 13:8","source:0002","accepted"
"mnt-1487","person-000156","HEB 13:12","source:0002","accepted"
"mnt-1488","person-000156","HEB 13:20","source:0002","accepted"
"mnt-1489","person-000156","HEB 13:21","source:0002","accepted"
"mnt-1490","person-000156","JAS 1:1","source:0002","accepted"
"mnt-1491","person-000156","JAS 2:1","source:0002","accepted"
"mnt-1492","person-000156","1PE 1:1","source:0002","accepted"
"mnt-1493","person-000156","1PE 1:2","source:0002","accepted"
"mnt-1494","person-000156","1PE 1:3","source:0002","accepted"
"mnt-1495","person-000156","1PE 1:7","source:0002","accepted"
"mnt-1496","person-000156","1PE 1:13","source:0002","accepted"
"mnt-1497","person-000156","1PE 2:5","source:0002","accepted"
"mnt-1498","person-000156","1PE 3:21","source:0002","accepted"
"mnt-1499","person-000156","1PE 4:11","source:0002","accepted"
"mnt-1500","person-000156","2PE 1:1","source:0002","accepted"
"mnt-1501","person-000156","2PE 1:2","source:0002","accepted"
"mnt-1502","person-000156","2PE 1:8","source:0002","accepted"
"mnt-1503","person-000156","2PE 1:11","source:0002","accepted"
"mnt-1504","person-000156","2PE 1:14","source:0002","accepted"
"mnt-1505","person-000156","2PE 1:16","source:0002","accepted"
"mnt-1506","person-000156","2PE 2:20","source:0002","accepted"
"mnt-1507","person-000156","2PE 3:18","source:0002","accepted"
"mnt-1508","person-000156","1JN 1:3","source:0002","accepted"
"mnt-1509","person-000156","1JN 1:7","source:0002","accepted"
"mnt-1510","person-000156","1JN 2:1","source:0002","accepted"
"mnt-1511","person-000156","1JN 2:22","source:0002","accepted"
"mnt-1512","person-000156","1JN 3:23","source:0002","accepted"
"mnt-1513","person-000156","1JN 4:2","source:0002","accepted"
"mnt-1514","person-000156","1JN 4:3","source:0002","accepted"
"mnt-1515","person-000156","1JN 4:15","source:0002","accepted"
"mnt-1516","person-000156","1JN 5:1","source:0002","accepted"
"mnt-1517","person-000156","1JN 5:5","source:0002","accepted"
"mnt-1518","person-000156","1JN 5:6","source:0002","accepted"
"mnt-1519","person-000156","1JN 5:20","source:0002","accepted"
"mnt-1520","person-000156","2JN 1:3","source:0002","accepted"
"mnt-1521","person-000156","2JN 1:7","source:0002","accepted"
"mnt-1522","person-000156","JUD 1:1","source:0002","accepted"
"mnt-1523","person-000156","JUD 1:4","source:0002","accepted"
"mnt-1524","person-000156","JUD 1:5","source:0002","accepted"
"mnt-1525","person-000156","JUD 1:17","source:0002","accepted"
"mnt-1526","person-000156","JUD 1:21","source:0002","accepted"
"mnt-1527","person-000156","JUD 1:25","source:0002","accepted"
"mnt-1528","person-000156","REV 1:1","source:0002","accepted"
"mnt-1529","person-000156","REV 1:2","source:0002","accepted"
"mnt-1530","person-000156","REV 1:5","source:0002","accepted"
"mnt-1531","person-000156","REV 1:9","source:0002","accepted"
"mnt-1532","person-000156","REV 12:17","source:0002","accepted"
"mnt-1533","person-000156","REV 14:12","source:0002","accepted"
"mnt-1534","person-000156","REV 17:6","source:0002","accepted"
"mnt-1535","person-000156","REV 19:10","source:0002","accepted"
"mnt-1536","person-000156","REV 20:4","source:0002","accepted"
"mnt-1537","person-000156","REV 22:16","source:0002","accepted"
"mnt-1538","person-000156","REV 22:20","source:0002","accepted"
"mnt-1539","person-000156","REV 22:21","source:0002","accepted"
"mnt-1540","person-000156","MAT 4:12","source:0002","accepted"
"mnt-1541","person-000156","MAT 4:18","source:0002","accepted"
"mnt-1542","person-000156","MAT 4:23","source:0002","accepted"
"mnt-1543","person-000156","MAT 12:25","source:0002","accepted"
"mnt-1544","person-000156","MAT 15:16","source:0002","accepted"
"mnt-1545","person-000156","MRK 6:34","source:0002","accepted"
"mnt-1546","person-000156","MRK 8:1","source:0002","accepted"
"mnt-1547","person-000156","MRK 14:22","source:0002","accepted"
"mnt-1548","person-000156","LUK 10:21","source:0002","accepted"
"mnt-1549","person-000156","LUK 10:39","source:0002","accepted"
"mnt-1550","person-000156","MAT 24:2","source:0002","accepted"
"mnt-1551","person-000156","MRK 7:27","source:0002","accepted"
"mnt-1552","person-000156","LUK 7:22","source:0002","accepted"
"mnt-1553","person-000156","LUK 7:19","source:0002","accepted"
"mnt-1554","person-000156","ACT 9:20","source:0002","accepted"
"mnt-1555","person-000156","COL 1:2","source:0002","accepted"
"mnt-1556","person-000156","MAT 1:17","source:0002","accepted"
"mnt-1557","person-000156","MAT 2:4","source:0002","accepted"
"mnt-1558","person-000156","MAT 11:2","source:0002","accepted"
"mnt-1559","person-000156","MAT 16:16","source:0002","accepted"
"mnt-1560","person-000156","MAT 16:20","source:0002","accepted"
"mnt-1561","person-000156","MAT 22:42","source:0002","accepted"
"mnt-1562","person-000156","MAT 23:10","source:0002","accepted"
"mnt-1563","person-000156","MAT 24:5","source:0002","accepted"
"mnt-1564","person-000156","MAT 24:23","source:0002","accepted"
"mnt-1565","person-000156","MAT 26:68","source:0002","accepted"
"mnt-1566","person-000156","MRK 8:29","source:0002","accepted"
"mnt-1567","person-000156","MRK 9:41","source:0002","accepted"
"mnt-1568","person-000156","MRK 13:21","source:0002","accepted"
"mnt-1569","person-000156","MRK 14:61","source:0002","accepted"
"mnt-1570","person-000156","MRK 15:32","source:0002","accepted"
"mnt-1571","person-000156","LUK 2:11","source:0002","accepted"
"mnt-1572","person-000156","LUK 2:26","source:0002","accepted"
"mnt-1573","person-000156","LUK 3:15","source:0002","accepted"
"mnt-1574","person-000156","LUK 4:41","source:0002","accepted"
"mnt-1575","person-000156","LUK 9:20","source:0002","accepted"
"mnt-1576","person-000156","LUK 20:41","source:0002","accepted"
"mnt-1577","person-000156","LUK 22:67","source:0002","accepted"
"mnt-1578","person-000156","LUK 23:2","source:0002","accepted"
"mnt-1579","person-000156","LUK 23:35","source:0002","accepted"
"mnt-1580","person-000156","LUK 23:39","source:0002","accepted"
"mnt-1581","person-000156","LUK 24:26","source:0002","accepted"
"mnt-1582","person-000156","LUK 24:46","source:0002","accepted"
"mnt-1583","person-000156","JHN 1:20","source:0002","accepted"
"mnt-1584","person-000156","JHN 1:25","source:0002","accepted"
"mnt-1585","person-000156","JHN 1:41","source:0002","accepted"
"mnt-1586","person-000156","JHN 3:28","source:0002","accepted"
"mnt-1587","person-000156","JHN 4:25","source:0002","accepted"
"mnt-1588","person-000156","JHN 4:29","source:0002","accepted"
"mnt-1589","person-000156","JHN 7:26","source:0002","accepted"
"mnt-1590","person-000156","JHN 7:27","source:0002","accepted"
"mnt-1591","person-000156","JHN 7:31","source:0002","accepted"
"mnt-1592","person-000156","JHN 7:41","source:0002","accepted"
"mnt-1593","person-000156","JHN 7:42","source:0002","accepted"
"mnt-1594","person-000156","JHN 9:22","source:0002","accepted"
"mnt-1595","person-000156","JHN 10:24","source:0002","accepted"
"mnt-1596","person-000156","JHN 11:27","source:0002","accepted"
"mnt-1597","person-000156","JHN 12:34","source:0002","accepted"
"mnt-1598","person-000156","ACT 2:31","source:0002","accepted"
"mnt-1599","person-000156","ACT 3:18","source:0002","accepted"
"mnt-1600","person-000156","ACT 8:5","source:0002","accepted"
"mnt-1601","person-000156","ACT 9:22","source:0002","accepted"
"mnt-1602","person-000156","ACT 26:23","source:0002","accepted"
"mnt-1603","person-000156","ROM 5:6","source:0002","accepted"
"mnt-1604","person-000156","ROM 5:8","source:0002","accepted"
"mnt-1605","person-000156","ROM 6:4","source:0002","accepted"
"mnt-1606","person-000156","ROM 6:8","source:0002","accepted"
"mnt-1607","person-000156","ROM 6:9","source:0002","accepted"
"mnt-1608","person-000156","ROM 7:4","source:0002","accepted"
"mnt-1609","person-000156","ROM 8:9","source:0002","accepted"
"mnt-1610","person-000156","ROM 8:10","source:0002","accepted"
"mnt-1611","person-000156","ROM 8:17","source:0002","accepted"
"mnt-1612","person-000156","ROM 8:34","source:0002","accepted"
"mnt-1613","person-000156","ROM 8:35","source:0002","accepted"
"mnt-1614","person-000156","ROM 9:1","source:0002","accepted"
"mnt-1615","person-000156","ROM 9:3","source:0002","accepted"
"mnt-1616","person-000156","ROM 9:5","source:0002","accepted"
"mnt-1617","person-000156","ROM 10:4","source:0002","accepted"
"mnt-1618","person-000156","ROM 10:6","source:0002","accepted"
"mnt-1619","person-000156","ROM 10:7","source:0002","accepted"
"mnt-1620","person-000156","ROM 10:17","source:0002","accepted"
"mnt-1621","person-000156","ROM 12:5","source:0002","accepted"
"mnt-1622","person-000156","ROM 14:9","source:0002","accepted"
"mnt-1623","person-000156","ROM 14:15","source:0002","accepted"
"mnt-1624","person-000156","ROM 14:18","source:0002","accepted"
"mnt-1625","person-000156","ROM 15:3","source:0002","accepted"
"mnt-1626","person-000156","ROM 15:7","source:0002","accepted"
"mnt-1627","person-000156","ROM 15:8","source:0002","accepted"
"mnt-1628","person-000156","ROM 15:18","source:0002","accepted"
"mnt-1629","person-000156","ROM 15:19","source:0002","accepted"
"mnt-1630","person-000156","ROM 15:20","source:0002","accepted"
"mnt-1631","person-000156","ROM 15:29","source:0002","accepted"
"mnt-1632","person-000156","ROM 16:5","source:0002","accepted"
"mnt-1633","person-000156","ROM 16:7","source:0002","accepted"
"mnt-1634","person-000156","ROM 16:9","source:0002","accepted"
"mnt-1635","person-000156","ROM 16:10","source:0002","accepted"
"mnt-1636","person-000156","ROM 16:16","source:0002","accepted"
"mnt-1637","person-000156","ROM 16:18","source:0002","accepted"
"mnt-1638","person-000156","1CO 1:6","source:0002","accepted"
"mnt-1639","person-000156","1CO 1:12","source:0002","accepted"
"mnt-1640","person-000156","1CO 1:13","source:0002","accepted"
"mnt-1641","person-000156","1CO 1:17","source:0002","accepted"
"mnt-1642","person-000156","1CO 1:23","source:0002","accepted"
"mnt-1643","person-000156","1CO 1:24","source:0002","accepted"
"mnt-1644","person-000156","1CO 2:16","source:0002","accepted"
"mnt-1645","person-000156","1CO 3:1","source:0002","accepted"
"mnt-1646","person-000156","1CO 3:23","source:0002","accepted"
"mnt-1647","person-000156","1CO 4:1","source:0002","accepted"
"mnt-1648","person-000156","1CO 4:10","source:0002","accepted"
"mnt-1649","person-000156","1CO 4:17","source:0002","accepted"
"mnt-1650","person-000156","1CO 5:7","source:0002","accepted"
"mnt-1651","person-000156","1CO 6:15","source:0002","accepted"
"mnt-1652","person-000156","1CO 7:22","source:0002","accepted"
"mnt-1653","person-000156","1CO 8:11","source:0002","accepted"
"mnt-1654","person-000156","1CO 8:12","source:0002","accepted"
"mnt-1655","person-000156","1CO 9:12","source:0002","accepted"
"mnt-1656","person-000156","1CO 9:21","source:0002","accepted"
"mnt-1657","person-000156","1CO 10:4","source:0002","accepted"
"mnt-1658","person-000156","1CO 10:9","source:0002","accepted"
"mnt-1659","person-000156","1CO 10:16","source:0002","accepted"
"mnt-1660","person-000156","1CO 11:1","source:0002","accepted"
"mnt-1661","person-000156","1CO 11:3","source:0002","accepted"
"mnt-1662","person-000156","1CO 12:12","source:0002","accepted"
"mnt-1663","person-000156","1CO 12:27","source:0002","accepted"
"mnt-1664","person-000156","1CO 15:3","source:0002","accepted"
"mnt-1665","person-000156","1CO 15:12","source:0002","accepted"
"mnt-1666","person-000156","1CO 15:13","source:0002","accepted"
"mnt-1667","person-000156","1CO 15:14","source:0002","accepted"
"mnt-1668","person-000156","1CO 15:15","source:0002","accepted"
"mnt-1669","person-000156","1CO 15:16","source:0002","accepted"
"mnt-1670","person-000156","1CO 15:17","source:0002","accepted"
"mnt-1671","person-000156","1CO 15:18","source:0002","accepted"
"mnt-1672","person-000156","1CO 15:19","source:0002","accepted"
"mnt-1673","person-000156","1CO 15:20","source:0002","accepted"
"mnt-1674","person-000156","1CO 15:22","source:0002","accepted"
"mnt-1675","person-000156","1CO 15:23","source:0002","accepted"
"mnt-1676","person-000156","2CO 1:5","source:0002","accepted"
"mnt-1677","person-000156","2CO 1:21","source:0002","accepted"
"mnt-1678","person-000156","2CO 2:10","source:0002","accepted"
"mnt-1679","person-000156","2CO 2:12","source:0002","accepted"
"mnt-1680","person-000156","2CO 2:14","source:0002","accepted"
"mnt-1681","person-000156","2CO 2:15","source:0002","accepted"
"mnt-1682","person-000156","2CO 2:17","source:0002","accepted"
"mnt-1683","person-000156","2CO 3:3","source:0002","accepted"
"mnt-1684","person-000156","2CO 3:4","source:0002","accepted"
"mnt-1685","person-000156","2CO 3:14","source:0002","accepted"
"mnt-1686","person-000156","2CO 4:4","source:0002","accepted"
"mnt-1687","person-000156","2CO 5:10","source:0002","accepted"
"mnt-1688","person-000156","2CO 5:14","source:0002","accepted"
"mnt-1689","person-000156","2CO 5:16","source:0002","accepted"
"mnt-1690","person-000156","2CO 5:17","source:0002","accepted"
"mnt-1691","person-000156","2CO 5:18","source:0002","accepted"
"mnt-1692","person-000156","2CO 5:19","source:0002","accepted"
"mnt-1693","person-000156","2CO 5:20","source:0002","accepted"
"mnt-1694","person-000156","2CO 6:15","source:0002","accepted"
"mnt-1695","person-000156","2CO 8:23","source:0002","accepted"
"mnt-1696","person-000156","2CO 9:13","source:0002","accepted"
"mnt-1697","person-000156","2CO 10:1","source:0002","accepted"
"mnt-1698","person-000156","2CO 10:5","source:0002","accepted"
"mnt-1699","person-000156","2CO 10:7","source:0002","accepted"
"mnt-1700","person-000156","2CO 10:14","source:0002","accepted"
"mnt-1701","person-000156","2CO 11:2","source:0002","accepted"
"mnt-1702","person-000156","2CO 11:3","source:0002","accepted"
"mnt-1703","person-000156","2CO 11:10","source:0002","accepted"
"mnt-1704","person-000156","2CO 11:13","source:0002","accepted"
"mnt-1705","person-000156","2CO 11:23","source:0002","accepted"
"mnt-1706","person-000156","2CO 12:2","source:0002","accepted"
"mnt-1707","person-000156","2CO 12:9","source:0002","accepted"
"mnt-1708","person-000156","2CO 12:10","source:0002","accepted"
"mnt-1709","person-000156","2CO 12:19","source:0002","accepted"
"mnt-1710","person-000156","2CO 13:3","source:0002","accepted"
"mnt-1711","person-000156","GAL 1:6","source:0002","accepted"
"mnt-1712","person-000156","GAL 1:7","source:0002","accepted"
"mnt-1713","person-000156","GAL 1:10","source:0002","accepted"
"mnt-1714","person-000156","GAL 1:22","source:0002","accepted"
"mnt-1715","person-000156","GAL 2:17","source:0002","accepted"
"mnt-1716","person-000156","GAL 2:20","source:0002","accepted"
"mnt-1717","person-000156","GAL 2:21","source:0002","accepted"
"mnt-1718","person-000156","GAL 3:13","source:0002","accepted"
"mnt-1719","person-000156","GAL 3:16","source:0002","accepted"
"mnt-1720","person-000156","GAL 3:24","source:0002","accepted"
"mnt-1721","person-000156","GAL 3:27","source:0002","accepted"
"mnt-1722","person-000156","GAL 3:29","source:0002","accepted"
"mnt-1723","person-000156","GAL 4:19","source:0002","accepted"
"mnt-1724","person-000156","GAL 5:1","source:0002","accepted"
"mnt-1725","person-000156","GAL 5:2","source:0002","accepted"
"mnt-1726","person-000156","GAL 5:4","source:0002","accepted"
"mnt-1727","person-000156","GAL 6:2","source:0002","accepted"
"mnt-1728","person-000156","GAL 6:12","source:0002","accepted"
"mnt-1729","person-000156","EPH 1:12","source:0002","accepted"
"mnt-1730","person-000156","EPH 1:20","source:0002","accepted"
"mnt-1731","person-000156","EPH 2:5","source:0002","accepted"
"mnt-1732","person-000156","EPH 2:12","source:0002","accepted"
"mnt-1733","person-000156","EPH 3:4","source:0002","accepted"
"mnt-1734","person-000156","EPH 3:8","source:0002","accepted"
"mnt-1735","person-000156","EPH 3:17","source:0002","accepted"
"mnt-1736","person-000156","EPH 3:19","source:0002","accepted"
"mnt-1737","person-000156","EPH 4:7","source:0002","accepted"
"mnt-1738","person-000156","EPH 4:12","source:0002","accepted"
"mnt-1739","person-000156","EPH 4:13","source:0002","accepted"
"mnt-1740","person-000156","EPH 4:15","source:0002","accepted"
"mnt-1741","person-000156","EPH 4:20","source:0002","accepted"
"mnt-1742","person-000156","EPH 4:32","source:0002","accepted"
"mnt-1743","person-000156","EPH 5:2","source:0002","accepted"
"mnt-1744","person-000156","EPH 5:5","source:0002","accepted"
"mnt-1745","person-000156","EPH 5:14","source:0002","accepted"
"mnt-1746","person-000156","EPH 5:21","source:0002","accepted"
"mnt-1747","person-000156","EPH 5:23","source:0002","accepted"
"mnt-1748","person-000156","EPH 5:24","source:0002","accepted"
"mnt-1749","person-000156","EPH 5:25","source:0002","accepted"
"mnt-1750","person-000156","EPH 5:32","source:0002","accepted"
"mnt-1751","person-000156","EPH 6:5","source:0002","accepted"
"mnt-1752","person-000156","EPH 6:6","source:0002","accepted"
"mnt-1753","person-000156","PHP 1:10","source:0002","accepted"
"mnt-1754","person-000156","PHP 1:13","source:0002","accepted"
"mnt-1755","person-000156","PHP 1:15","source:0002","accepted"
"mnt-1756","person-000156","PHP 1:17","source:0002","accepted"
"mnt-1757","person-000156","PHP 1:18","source:0002","accepted"
"mnt-1758","person-000156","PHP 1:20","source:0002","accepted"
"mnt-1759","person-000156","PHP 1:21","source:0002","accepted"
"mnt-1760","person-000156","PHP 1:23","source:0002","accepted"
"mnt-1761","person-000156","PHP 1:27","source:0002","accepted"
"mnt-1762","person-000156","PHP 1:29","source:0002","accepted"
"mnt-1763","person-000156","PHP 2:1","source:0002","accepted"
"mnt-1764","person-000156","PHP 2:16","source:0002","accepted"
"mnt-1765","person-000156","PHP 2:30","source:0002","accepted"
"mnt-1766","person-000156","PHP 3:7","source:0002","accepted"
"mnt-1767","person-000156","PHP 3:9","source:0002","accepted"
"mnt-1768","person-000156","PHP 3:18","source:0002","accepted"
"mnt-1769","person-000156","COL 1:7","source:0002","accepted"
"mnt-1770","person-000156","COL 1:24","source:0002","accepted"
"mnt-1771","person-000156","COL 1:27","source:0002","accepted"
"mnt-1772","person-000156","COL 1:28","source:0002","accepted"
"mnt-1773","person-000156","COL 2:2","source:0002","accepted"
"mnt-1774","person-000156","COL 2:5","source:0002","accepted"
"mnt-1775","person-000156","COL 2:8","source:0002","accepted"
"mnt-1776","person-000156","COL 2:11","source:0002","accepted"
"mnt-1777","person-000156","COL 2:17","source:0002","accepted"
"mnt-1778","person-000156","COL 2:20","source:0002","accepted"
"mnt-1779","person-000156","COL 3:1","source:0002","accepted"
"mnt-1780","person-000156","COL 3:3","source:0002","accepted"
"mnt-1781","person-000156","COL 3:4","source:0002","accepted"
"mnt-1782","person-000156","COL 3:11","source:0002","accepted"
"mnt-1783","person-000156","COL 3:16","source:0002","accepted"
"mnt-1784","person-000156","COL 3:24","source:0002","accepted"
"mnt-1785","person-000156","COL 4:3","source:0002","accepted"
"mnt-1786","person-000156","COL 4:12","source:0002","accepted"
"mnt-1787","person-000156","1TH 2:6","source:0002","accepted"
"mnt-1788","person-000156","1TH 3:2","source:0002","accepted"
"mnt-1789","person-000156","1TH 4:16","source:0002","accepted"
"mnt-1790","person-000156","2TH 3:5","source:0002","accepted"
"mnt-1791","person-000156","1TI 5:11","source:0002","accepted"
"mnt-1792","person-000156","PHM 1:6","source:0002","accepted"
"mnt-1793","person-000156","PHM 1:8","source:0002","accepted"
"mnt-1794","person-000156","PHM 1:20","source:0002","accepted"
"mnt-1795","person-000156","HEB 3:6","source:0002","accepted"
"mnt-1796","person-000156","HEB 3:14","source:0002","accepted"
"mnt-1797","person-000156","HEB 5:5","source:0002","accepted"
"mnt-1798","person-000156","HEB 6:1","source:0002","accepted"
"mnt-1799","person-000156","HEB 9:11","source:0002","accepted"
"mnt-1800","person-000156","HEB 9:14","source:0002","accepted"
"mnt-1801","person-000156","HEB 9:24","source:0002","accepted"
"mnt-1802","person-000156","HEB 9:28","source:0002","accepted"
"mnt-1803","person-000156","HEB 11:26","source:0002","accepted"
"mnt-1804","person-000156","1PE 1:11","source:0002","accepted"
"mnt-1805","person-000156","1PE 1:19","source:0002","accepted"
"mnt-1806","person-000156","1PE 2:21","source:0002","accepted"
"mnt-1807","person-000156","1PE 3:16","source:0002","accepted"
"mnt-1808","person-000156","1PE 3:18","source:0002","accepted"
"mnt-1809","person-000156","1PE 4:1","source:0002","accepted"
"mnt-1810","person-000156","1PE 4:13","source:0002","accepted"
"mnt-1811","person-000156","1PE 4:14","source:0002","accepted"
"mnt-1812","person-000156","1PE 5:1","source:0002","accepted"
"mnt-1813","person-000156","1PE 5:10","source:0002","accepted"
"mnt-1814","person-000156","1PE 5:14","source:0002","accepted"
"mnt-1815","person-000156","2JN 1:9","source:0002","accepted"
"mnt-1816","person-000156","REV 11:15","source:0002","accepted"
"mnt-1817","person-000156","REV 12:10","source:0002","accepted"
"mnt-1818","person-000156","REV 20:6","source:0002","accepted"
"mnt-1819","person-000156","MAT 1:23","source:0002","accepted"
"mnt-1820","person-000374","REV 2:20","source:0002","accepted"
"mnt-1821","person-000158","LUK 3:27","source:0002","accepted"
"mnt-1822","person-000159","LUK 8:3","source:0002","accepted"
"mnt-1823","person-000159","LUK 24:10","source:0002","accepted"
"mnt-1824","person-000160","JAS 5:11","source:0002","accepted"
"mnt-1825","person-000161","LUK 3:26","source:0002","accepted"
"mnt-1826","person-000162","ACT 2:16","source:0002","accepted"
"mnt-1827","person-000163","ACT 4:6","source:0002","accepted"
"mnt-1828","person-000164","JHN 21:15","source:0002","accepted"
"mnt-1829","person-000164","JHN 21:16","source:0002","accepted"
"mnt-1830","person-000164","JHN 21:17","source:0002","accepted"
"mnt-1831","person-000164","JHN 1:42","source:0002","accepted"
"mnt-1832","person-000164","MAT 16:17","source:0002","accepted"
"mnt-1833","person-000165","MAT 3:1","source:0002","accepted"
"mnt-1834","person-000165","MAT 3:4","source:0002","accepted"
"mnt-1835","person-000165","MAT 3:13","source:0002","accepted"
"mnt-1836","person-000165","MAT 3:14","source:0002","accepted"
"mnt-1837","person-000165","MAT 4:12","source:0002","accepted"
"mnt-1838","person-000165","MAT 9:14","source:0002","accepted"
"mnt-1839","person-000165","MAT 11:2","source:0002","accepted"
"mnt-1840","person-000165","MAT 11:4","source:0002","accepted"
"mnt-1841","person-000165","MAT 11:7","source:0002","accepted"
"mnt-1842","person-000165","MAT 11:11","source:0002","accepted"
"mnt-1843","person-000165","MAT 11:12","source:0002","accepted"
"mnt-1844","person-000165","MAT 11:13","source:0002","accepted"
"mnt-1845","person-000165","MAT 11:18","source:0002","accepted"
"mnt-1846","person-000165","MAT 14:2","source:0002","accepted"
"mnt-1847","person-000165","MAT 14:3","source:0002","accepted"
"mnt-1848","person-000165","MAT 14:4","source:0002","accepted"
"mnt-1849","person-000165","MAT 14:8","source:0002","accepted"
"mnt-1850","person-000165","MAT 14:10","source:0002","accepted"
"mnt-1851","person-000165","MAT 16:14","source:0002","accepted"
"mnt-1852","person-000165","MAT 17:13","source:0002","accepted"
"mnt-1853","person-000165","MAT 21:25","source:0002","accepted"
"mnt-1854","person-000165","MAT 21:26","source:0002","accepted"
"mnt-1855","person-000165","MAT 21:32","source:0002","accepted"
"mnt-1856","person-000165","MRK 1:4","source:0002","accepted"
"mnt-1857","person-000165","MRK 1:6","source:0002","accepted"
"mnt-1858","person-000165","MRK 1:9","source:0002","accepted"
"mnt-1859","person-000165","MRK 1:14","source:0002","accepted"
"mnt-1860","person-000165","MRK 2:18","source:0002","accepted"
"mnt-1861","person-000165","MRK 6:14","source:0002","accepted"
"mnt-1862","person-000165","MRK 6:16","source:0002","accepted"
"mnt-1863","person-000165","MRK 6:17","source:0002","accepted"
"mnt-1864","person-000165","MRK 6:18","source:0002","accepted"
"mnt-1865","person-000165","MRK 6:20","source:0002","accepted"
"mnt-1866","person-000165","MRK 6:24","source:0002","accepted"
"mnt-1867","person-000165","MRK 6:25","source:0002","accepted"
"mnt-1868","person-000165","MRK 8:28","source:0002","accepted"
"mnt-1869","person-000165","MRK 11:30","source:0002","accepted"
"mnt-1870","person-000165","MRK 11:32","source:0002","accepted"
"mnt-1871","person-000165","LUK 1:13","source:0002","accepted"
"mnt-1872","person-000165","LUK 1:60","source:0002","accepted"
"mnt-1873","person-000165","LUK 1:63","source:0002","accepted"
"mnt-1874","person-000165","LUK 3:2","source:0002","accepted"
"mnt-1875","person-000165","LUK 3:15","source:0002","accepted"
"mnt-1876","person-000165","LUK 3:16","source:0002","accepted"
"mnt-1877","person-000165","LUK 3:20","source:0002","accepted"
"mnt-1878","person-000165","LUK 5:33","source:0002","accepted"
"mnt-1879","person-000165","LUK 7:18","source:0002","accepted"
"mnt-1880","person-000165","LUK 7:19","source:0002","accepted"
"mnt-1881","person-000165","LUK 7:20","source:0002","accepted"
"mnt-1882","person-000165","LUK 7:22","source:0002","accepted"
"mnt-1883","person-000165","LUK 7:24","source:0002","accepted"
"mnt-1884","person-000165","LUK 7:28","source:0002","accepted"
"mnt-1885","person-000165","LUK 7:29","source:0002","accepted"
"mnt-1886","person-000165","LUK 7:33","source:0002","accepted"
"mnt-1887","person-000165","LUK 9:7","source:0002","accepted"
"mnt-1888","person-000165","LUK 9:9","source:0002","accepted"
"mnt-1889","person-000165","LUK 9:19","source:0002","accepted"
"mnt-1890","person-000165","LUK 11:1","source:0002","accepted"
"mnt-1891","person-000165","LUK 16:16","source:0002","accepted"
"mnt-1892","person-000165","LUK 20:4","source:0002","accepted"
"mnt-1893","person-000165","LUK 20:6","source:0002","accepted"
"mnt-1894","person-000165","JHN 1:6","source:0002","accepted"
"mnt-1895","person-000165","JHN 1:15","source:0002","accepted"
"mnt-1896","person-000165","JHN 1:19","source:0002","accepted"
"mnt-1897","person-000165","JHN 1:26","source:0002","accepted"
"mnt-1898","person-000165","JHN 1:28","source:0002","accepted"
"mnt-1899","person-000165","JHN 1:29","source:0002","accepted"
"mnt-1900","person-000165","JHN 1:32","source:0002","accepted"
"mnt-1901","person-000165","JHN 1:35","source:0002","accepted"
"mnt-1902","person-000165","JHN 1:40","source:0002","accepted"
"mnt-1903","person-000165","JHN 3:23","source:0002","accepted"
"mnt-1904","person-000165","JHN 3:24","source:0002","accepted"
"mnt-1905","person-000165","JHN 3:25","source:0002","accepted"
"mnt-1906","person-000165","JHN 3:26","source:0002","accepted"
"mnt-1907","person-000165","JHN 3:27","source:0002","accepted"
"mnt-1908","person-000165","JHN 4:1","source:0002","accepted"
"mnt-1909","person-000165","JHN 5:33","source:0002","accepted"
"mnt-1910","person-000165","JHN 5:36","source:0002","accepted"
"mnt-1911","person-000165","JHN 10:40","source:0002","accepted"
"mnt-1912","person-000165","JHN 10:41","source:0002","accepted"
"mnt-1913","person-000165","ACT 1:5","source:0002","accepted"
"mnt-1914","person-000165","ACT 1:22","source:0002","accepted"
"mnt-1915","person-000165","ACT 10:37","source:0002","accepted"
"mnt-1916","person-000165","ACT 11:16","source:0002","accepted"
"mnt-1917","person-000165","ACT 13:24","source:0002","accepted"
"mnt-1918","person-000165","ACT 13:25","source:0002","accepted"
"mnt-1919","person-000165","ACT 18:25","source:0002","accepted"
"mnt-1920","person-000165","ACT 19:3","source:0002","accepted"
"mnt-1921","person-000165","ACT 19:4","source:0002","accepted"
"mnt-1922","person-000166","MAT 4:21","source:0002","accepted"
"mnt-1923","person-000166","MAT 10:2","source:0002","accepted"
"mnt-1924","person-000166","MAT 17:1","source:0002","accepted"
"mnt-1925","person-000166","MRK 1:19","source:0002","accepted"
"mnt-1926","person-000166","MRK 1:29","source:0002","accepted"
"mnt-1927","person-000166","MRK 3:17","source:0002","accepted"
"mnt-1928","person-000166","MRK 5:37","source:0002","accepted"
"mnt-1929","person-000166","MRK 9:2","source:0002","accepted"
"mnt-1930","person-000166","MRK 9:38","source:0002","accepted"
"mnt-1931","person-000166","MRK 10:35","source:0002","accepted"
"mnt-1932","person-000166","MRK 10:41","source:0002","accepted"
"mnt-1933","person-000166","MRK 13:3","source:0002","accepted"
"mnt-1934","person-000166","MRK 14:33","source:0002","accepted"
"mnt-1935","person-000166","LUK 5:10","source:0002","accepted"
"mnt-1936","person-000166","LUK 6:14","source:0002","accepted"
"mnt-1937","person-000166","LUK 8:51","source:0002","accepted"
"mnt-1938","person-000166","LUK 9:28","source:0002","accepted"
"mnt-1939","person-000166","LUK 9:49","source:0002","accepted"
"mnt-1940","person-000166","LUK 9:54","source:0002","accepted"
"mnt-1941","person-000166","LUK 22:8","source:0002","accepted"
"mnt-1942","person-000166","ACT 1:13","source:0002","accepted"
"mnt-1943","person-000166","ACT 3:1","source:0002","accepted"
"mnt-1944","person-000166","ACT 3:3","source:0002","accepted"
"mnt-1945","person-000166","ACT 3:4","source:0002","accepted"
"mnt-1946","person-000166","ACT 3:11","source:0002","accepted"
"mnt-1947","person-000166","ACT 4:13","source:0002","accepted"
"mnt-1948","person-000166","ACT 4:19","source:0002","accepted"
"mnt-1949","person-000166","ACT 8:14","source:0002","accepted"
"mnt-1950","person-000166","ACT 12:2","source:0002","accepted"
"mnt-1951","person-000166","GAL 2:9","source:0002","accepted"
"mnt-1952","person-000166","REV 1:1","source:0002","accepted"
"mnt-1953","person-000166","REV 1:4","source:0002","accepted"
"mnt-1954","person-000166","REV 1:9","source:0002","accepted"
"mnt-1955","person-000166","REV 21:2","source:0002","accepted"
"mnt-1956","person-000166","REV 22:8","source:0002","accepted"
"mnt-1957","person-000167","MAT 12:39","source:0002","accepted"
"mnt-1958","person-000167","MAT 12:40","source:0002","accepted"
"mnt-1959","person-000167","MAT 12:41","source:0002","accepted"
"mnt-1960","person-000167","MAT 16:4","source:0002","accepted"
"mnt-1961","person-000167","LUK 11:29","source:0002","accepted"
"mnt-1962","person-000167","LUK 11:30","source:0002","accepted"
"mnt-1963","person-000167","LUK 11:32","source:0002","accepted"
"mnt-1964","person-000168","LUK 3:30","source:0002","accepted"
"mnt-1965","person-000169","LUK 3:29","source:0002","accepted"
"mnt-1966","person-000170","LUK 3:26","source:0002","accepted"
"mnt-1967","person-000171","ACT 1:23","source:0002","accepted"
"mnt-1968","person-000172","JHN 4:5","source:0002","accepted"
"mnt-1969","person-000172","ACT 7:13","source:0002","accepted"
"mnt-1970","person-000172","ACT 7:14","source:0002","accepted"
"mnt-1971","person-000172","ACT 7:18","source:0002","accepted"
"mnt-1972","person-000172","HEB 11:21","source:0002","accepted"
"mnt-1973","person-000172","HEB 11:22","source:0002","accepted"
"mnt-1974","person-000172","REV 7:8","source:0002","accepted"
"mnt-1975","person-000172","ACT 7:9","source:0002","accepted"
"mnt-1976","person-000173","LUK 3:24","source:0002","accepted"
"mnt-1977","person-000174","LUK 3:30","source:0002","accepted"
"mnt-1978","person-000175","MAT 1:16","source:0002","accepted"
"mnt-1979","person-000175","MAT 1:18","source:0002","accepted"
"mnt-1980","person-000175","MAT 1:19","source:0002","accepted"
"mnt-1981","person-000175","MAT 1:20","source:0002","accepted"
"mnt-1982","person-000175","MAT 1:24","source:0002","accepted"
"mnt-1983","person-000175","MAT 2:13","source:0002","accepted"
"mnt-1984","person-000175","MAT 2:19","source:0002","accepted"
"mnt-1985","person-000175","MAT 13:55","source:0002","accepted"
"mnt-1986","person-000175","LUK 1:27","source:0002","accepted"
"mnt-1987","person-000175","LUK 2:4","source:0002","accepted"
"mnt-1988","person-000175","LUK 2:16","source:0002","accepted"
"mnt-1989","person-000175","LUK 3:23","source:0002","accepted"
"mnt-1990","person-000175","LUK 4:22","source:0002","accepted"
"mnt-1991","person-000175","JHN 1:45","source:0002","accepted"
"mnt-1992","person-000175","JHN 6:42","source:0002","accepted"
"mnt-1993","person-000175","LUK 2:33","source:0002","accepted"
"mnt-1994","person-000175","LUK 2:43","source:0002","accepted"
"mnt-1995","person-000176","MAT 27:57","source:0002","accepted"
"mnt-1996","person-000176","MAT 27:59","source:0002","accepted"
"mnt-1997","person-000176","MRK 15:43","source:0002","accepted"
"mnt-1998","person-000176","MRK 15:45","source:0002","accepted"
"mnt-1999","person-000176","LUK 23:50","source:0002","accepted"
"mnt-2000","person-000176","JHN 19:38","source:0002","accepted"
"mnt-2001","person-000177","MRK 6:3","source:0002","accepted"
"mnt-2002","person-000177","MAT 13:55","source:0002","accepted"
"mnt-2003","person-000178","MRK 15:40","source:0002","accepted"
"mnt-2004","person-000178","MRK 15:47","source:0002","accepted"
"mnt-2005","person-000178","MAT 27:56","source:0002","accepted"
"mnt-2006","person-000179","ACT 7:45","source:0002","accepted"
"mnt-2007","person-000179","HEB 4:8","source:0002","accepted"
"mnt-2008","person-000180","LUK 3:29","source:0002","accepted"
"mnt-2009","person-000181","MAT 1:10","source:0002","accepted"
"mnt-2010","person-000181","MAT 1:11","source:0002","accepted"
"mnt-2011","person-000182","MAT 1:9","source:0002","accepted"
"mnt-2012","person-000183","MAT 2:6","source:0002","accepted"
"mnt-2013","person-000183","LUK 1:39","source:0002","accepted"
"mnt-2014","person-000183","MAT 1:2","source:0002","accepted"
"mnt-2015","person-000183","MAT 1:3","source:0002","accepted"
"mnt-2016","person-000183","LUK 3:33","source:0002","accepted"
"mnt-2017","person-000183","HEB 7:14","source:0002","accepted"
"mnt-2018","person-000183","HEB 8:8","source:0002","accepted"
"mnt-2019","person-000183","REV 5:5","source:0002","accepted"
"mnt-2020","person-000183","REV 7:5","source:0002","accepted"
"mnt-2021","person-000184","LUK 3:30","source:0002","accepted"
"mnt-2022","person-000185","ACT 15:22","source:0002","accepted"
"mnt-2023","person-000185","ACT 15:27","source:0002","accepted"
"mnt-2024","person-000185","ACT 15:32","source:0002","accepted"
"mnt-2025","person-000186","ACT 5:37","source:0002","accepted"
"mnt-2026","person-000187","ACT 9:11","source:0002","accepted"
"mnt-2027","person-000188","LUK 6:16","source:0002","accepted"
"mnt-2028","person-000188","JHN 14:22","source:0002","accepted"
"mnt-2029","person-000188","ACT 1:13","source:0002","accepted"
"mnt-2030","person-000188","MAT 10:3","source:0002","accepted"
"mnt-2031","person-000188","MRK 3:18","source:0002","accepted"
"mnt-2032","person-000189","MAT 10:4","source:0002","accepted"
"mnt-2033","person-000189","MAT 26:14","source:0002","accepted"
"mnt-2034","person-000189","MAT 26:25","source:0002","accepted"
"mnt-2035","person-000189","MAT 26:47","source:0002","accepted"
"mnt-2036","person-000189","MAT 27:3","source:0002","accepted"
"mnt-2037","person-000189","MRK 3:19","source:0002","accepted"
"mnt-2038","person-000189","MRK 14:10","source:0002","accepted"
"mnt-2039","person-000189","MRK 14:43","source:0002","accepted"
"mnt-2040","person-000189","LUK 6:16","source:0002","accepted"
"mnt-2041","person-000189","LUK 22:3","source:0002","accepted"
"mnt-2042","person-000189","LUK 22:47","source:0002","accepted"
"mnt-2043","person-000189","LUK 22:48","source:0002","accepted"
"mnt-2044","person-000189","JHN 6:71","source:0002","accepted"
"mnt-2045","person-000189","JHN 12:4","source:0002","accepted"
"mnt-2046","person-000189","JHN 13:2","source:0002","accepted"
"mnt-2047","person-000189","JHN 13:26","source:0002","accepted"
"mnt-2048","person-000189","JHN 13:29","source:0002","accepted"
"mnt-2049","person-000189","JHN 18:2","source:0002","accepted"
"mnt-2050","person-000189","JHN 18:3","source:0002","accepted"
"mnt-2051","person-000189","JHN 18:5","source:0002","accepted"
"mnt-2052","person-000189","ACT 1:16","source:0002","accepted"
"mnt-2053","person-000189","ACT 1:25","source:0002","accepted"
"mnt-2054","person-000189","JHN 14:22","source:0002","accepted"
"mnt-2055","person-000190","JUD 1:1","source:0002","accepted"
"mnt-2056","person-000190","MAT 13:55","source:0002","accepted"
"mnt-2057","person-000190","MRK 6:3","source:0002","accepted"
"mnt-2058","person-000191","ROM 16:15","source:0002","accepted"
"mnt-2059","person-000192","ACT 27:1","source:0002","accepted"
"mnt-2060","person-000192","ACT 27:3","source:0002","accepted"
"mnt-2061","person-000193","ROM 16:7","source:0002","accepted"
"mnt-2062","person-000194","ACT 18:7","source:0002","accepted"
"mnt-2063","person-000195","COL 4:11","source:0002","accepted"
"mnt-2064","person-000196","LUK 3:37","source:0002","accepted"
"mnt-2065","person-000197","ACT 13:21","source:0002","accepted"
"mnt-2066","person-000199","LUK 3:36","source:0002","accepted"
"mnt-2067","person-000200","JHN 11:1","source:0002","accepted"
"mnt-2068","person-000200","JHN 11:2","source:0002","accepted"
"mnt-2069","person-000200","JHN 11:5","source:0002","accepted"
"mnt-2070","person-000200","JHN 11:11","source:0002","accepted"
"mnt-2071","person-000200","JHN 11:14","source:0002","accepted"
"mnt-2072","person-000200","JHN 11:43","source:0002","accepted"
"mnt-2073","person-000200","JHN 12:1","source:0002","accepted"
"mnt-2074","person-000200","JHN 12:2","source:0002","accepted"
"mnt-2075","person-000200","JHN 12:9","source:0002","accepted"
"mnt-2076","person-000200","JHN 12:10","source:0002","accepted"
"mnt-2077","person-000200","JHN 12:17","source:0002","accepted"
"mnt-2078","person-000201","LUK 16:20","source:0002","accepted"
"mnt-2079","person-000201","LUK 16:23","source:0002","accepted"
"mnt-2080","person-000201","LUK 16:24","source:0002","accepted"
"mnt-2081","person-000201","LUK 16:25","source:0002","accepted"
"mnt-2082","person-000202","HEB 7:5","source:0002","accepted"
"mnt-2083","person-000202","HEB 7:9","source:0002","accepted"
"mnt-2084","person-000202","REV 7:7","source:0002","accepted"
"mnt-2085","person-000203","LUK 3:24","source:0002","accepted"
"mnt-2086","person-000204","LUK 3:29","source:0002","accepted"
"mnt-2087","person-000205","2TI 4:21","source:0002","accepted"
"mnt-2088","person-000206","2TI 1:5","source:0002","accepted"
"mnt-2089","person-000207","LUK 17:28","source:0002","accepted"
"mnt-2090","person-000207","LUK 17:29","source:0002","accepted"
"mnt-2091","person-000207","LUK 17:32","source:0002","accepted"
"mnt-2092","person-000207","2PE 2:7","source:0002","accepted"
"mnt-2093","person-000208","ACT 13:1","source:0002","accepted"
"mnt-2094","person-000208","ROM 16:21","source:0002","accepted"
"mnt-2095","person-000209","2CO 13:13","source:0002","accepted"
"mnt-2096","person-000209","2CO 13:14","source:0002","excluded"
"mnt-2097","person-000209","COL 4:14","source:0002","accepted"
"mnt-2098","person-000209","2TI 4:11","source:0002","accepted"
"mnt-2099","person-000209","PHM 1:24","source:0002","accepted"
"mnt-2100","person-000210","ACT 16:14","source:0002","accepted"
"mnt-2101","person-000210","ACT 16:40","source:0002","accepted"
"mnt-2102","person-000211","LUK 3:1","source:0002","accepted"
"mnt-2103","person-000212","ACT 23:26","source:0002","accepted"
"mnt-2104","person-000212","ACT 24:22","source:0002","accepted"
"mnt-2105","person-000212","ACT 24:7","source:0002","excluded"
"mnt-2106","person-000213","LUK 3:26","source:0002","accepted"
"mnt-2107","person-000214","LUK 3:37","source:0002","accepted"
"mnt-2108","person-000215","JHN 18:10","source:0002","accepted"
"mnt-2109","person-000216","ACT 13:1","source:0002","accepted"
"mnt-2110","person-000217","MAT 1:10","source:0002","accepted"
"mnt-2111","person-000219","ACT 12:12","source:0002","accepted"
"mnt-2112","person-000219","ACT 12:25","source:0002","accepted"
"mnt-2113","person-000219","ACT 15:37","source:0002","accepted"
"mnt-2114","person-000219","ACT 15:39","source:0002","accepted"
"mnt-2115","person-000219","COL 4:10","source:0002","accepted"
"mnt-2116","person-000219","2TI 4:11","source:0002","accepted"
"mnt-2117","person-000219","PHM 1:24","source:0002","accepted"
"mnt-2118","person-000219","1PE 5:13","source:0002","accepted"
"mnt-2119","person-000219","ACT 13:5","source:0002","accepted"
"mnt-2120","person-000219","ACT 13:13","source:0002","accepted"
"mnt-2121","person-000220","LUK 10:38","source:0002","accepted"
"mnt-2122","person-000220","LUK 10:40","source:0002","accepted"
"mnt-2123","person-000220","LUK 10:41","source:0002","accepted"
"mnt-2124","person-000220","JHN 11:1","source:0002","accepted"
"mnt-2125","person-000220","JHN 11:5","source:0002","accepted"
"mnt-2126","person-000220","JHN 11:19","source:0002","accepted"
"mnt-2127","person-000220","JHN 11:20","source:0002","accepted"
"mnt-2128","person-000220","JHN 11:21","source:0002","accepted"
"mnt-2129","person-000220","JHN 11:24","source:0002","accepted"
"mnt-2130","person-000220","JHN 11:30","source:0002","accepted"
"mnt-2131","person-000220","JHN 11:39","source:0002","accepted"
"mnt-2132","person-000220","JHN 12:2","source:0002","accepted"
"mnt-2133","person-000221","ACT 12:12","source:0002","accepted"
"mnt-2134","person-000222","LUK 10:39","source:0002","accepted"
"mnt-2135","person-000222","LUK 10:42","source:0002","accepted"
"mnt-2136","person-000222","JHN 11:1","source:0002","accepted"
"mnt-2137","person-000222","JHN 11:2","source:0002","accepted"
"mnt-2138","person-000222","JHN 11:19","source:0002","accepted"
"mnt-2139","person-000222","JHN 11:20","source:0002","accepted"
"mnt-2140","person-000222","JHN 11:28","source:0002","accepted"
"mnt-2141","person-000222","JHN 11:31","source:0002","accepted"
"mnt-2142","person-000222","JHN 11:32","source:0002","accepted"
"mnt-2143","person-000222","JHN 11:45","source:0002","accepted"
"mnt-2144","person-000222","JHN 12:3","source:0002","accepted"
"mnt-2145","person-000223","MAT 1:16","source:0002","accepted"
"mnt-2146","person-000223","MAT 1:18","source:0002","accepted"
"mnt-2147","person-000223","MAT 1:20","source:0002","accepted"
"mnt-2148","person-000223","MAT 2:11","source:0002","accepted"
"mnt-2149","person-000223","MAT 13:55","source:0002","accepted"
"mnt-2150","person-000223","MRK 6:3","source:0002","accepted"
"mnt-2151","person-000223","MRK 15:47","source:0002","accepted"
"mnt-2152","person-000223","LUK 1:27","source:0002","accepted"
"mnt-2153","person-000223","LUK 1:30","source:0002","accepted"
"mnt-2154","person-000223","LUK 1:34","source:0002","accepted"
"mnt-2155","person-000223","LUK 1:38","source:0002","accepted"
"mnt-2156","person-000223","LUK 1:39","source:0002","accepted"
"mnt-2157","person-000223","LUK 1:41","source:0002","accepted"
"mnt-2158","person-000223","LUK 1:46","source:0002","accepted"
"mnt-2159","person-000223","LUK 1:56","source:0002","accepted"
"mnt-2160","person-000223","LUK 2:5","source:0002","accepted"
"mnt-2161","person-000223","LUK 2:16","source:0002","accepted"
"mnt-2162","person-000223","LUK 2:19","source:0002","accepted"
"mnt-2163","person-000223","LUK 2:34","source:0002","accepted"
"mnt-2164","person-000223","ACT 1:14","source:0002","accepted"
"mnt-2165","person-000224","MAT 27:56","source:0002","accepted"
"mnt-2166","person-000224","MAT 27:61","source:0002","accepted"
"mnt-2167","person-000224","MAT 28:1","source:0002","accepted"
"mnt-2168","person-000224","MRK 15:40","source:0002","accepted"
"mnt-2169","person-000224","MRK 16:1","source:0002","accepted"
"mnt-2170","person-000224","LUK 24:10","source:0002","accepted"
"mnt-2171","person-000224","JHN 19:25","source:0002","accepted"
"mnt-2172","person-000225","ROM 16:6","source:0002","accepted"
"mnt-2173","person-000226","MAT 27:56","source:0002","accepted"
"mnt-2174","person-000226","MAT 27:61","source:0002","accepted"
"mnt-2175","person-000226","MAT 28:1","source:0002","accepted"
"mnt-2176","person-000226","MRK 15:40","source:0002","accepted"
"mnt-2177","person-000226","MRK 15:47","source:0002","accepted"
"mnt-2178","person-000226","MRK 16:1","source:0002","accepted"
"mnt-2179","person-000226","MRK 16:9","source:0002","accepted"
"mnt-2180","person-000226","LUK 8:2","source:0002","accepted"
"mnt-2181","person-000226","LUK 24:10","source:0002","accepted"
"mnt-2182","person-000226","JHN 19:25","source:0002","accepted"
"mnt-2183","person-000226","JHN 20:1","source:0002","accepted"
"mnt-2184","person-000226","JHN 20:11","source:0002","accepted"
"mnt-2185","person-000226","JHN 20:16","source:0002","accepted"
"mnt-2186","person-000226","JHN 20:18","source:0002","accepted"
"mnt-2187","person-000227","LUK 3:31","source:0002","accepted"
"mnt-2188","person-000228","LUK 3:25","source:0002","accepted"
"mnt-2189","person-000229","LUK 3:26","source:0002","accepted"
"mnt-2190","person-000230","MAT 1:15","source:0002","accepted"
"mnt-2191","person-000231","LUK 3:24","source:0002","accepted"
"mnt-2192","person-000232","LUK 3:29","source:0002","accepted"
"mnt-2193","person-000233","MAT 9:9","source:0002","accepted"
"mnt-2194","person-000233","MAT 10:3","source:0002","accepted"
"mnt-2195","person-000233","MRK 3:18","source:0002","accepted"
"mnt-2196","person-000233","LUK 6:15","source:0002","accepted"
"mnt-2197","person-000233","ACT 1:13","source:0002","accepted"
"mnt-2198","person-000233","MRK 2:14","source:0002","accepted"
"mnt-2199","person-000233","LUK 5:27","source:0002","accepted"
"mnt-2200","person-000233","LUK 5:29","source:0002","accepted"
"mnt-2201","person-000234","ACT 1:23","source:0002","accepted"
"mnt-2202","person-000234","ACT 1:26","source:0002","accepted"
"mnt-2203","person-000235","LUK 3:24","source:0002","accepted"
"mnt-2204","person-000236","LUK 3:28","source:0002","accepted"
"mnt-2205","person-000237","HEB 5:6","source:0002","accepted"
"mnt-2206","person-000237","HEB 5:10","source:0002","accepted"
"mnt-2207","person-000237","HEB 6:20","source:0002","accepted"
"mnt-2208","person-000237","HEB 7:1","source:0002","accepted"
"mnt-2209","person-000237","HEB 7:10","source:0002","accepted"
"mnt-2210","person-000237","HEB 7:11","source:0002","accepted"
"mnt-2211","person-000237","HEB 7:15","source:0002","accepted"
"mnt-2212","person-000237","HEB 7:17","source:0002","accepted"
"mnt-2213","person-000237","HEB 7:21","source:0002","accepted"
"mnt-2214","person-000238","LUK 3:31","source:0002","accepted"
"mnt-2215","person-000239","LUK 3:31","source:0002","accepted"
"mnt-2216","person-000240","LUK 3:37","source:0002","accepted"
"mnt-2217","person-000241","ACT 21:16","source:0002","accepted"
"mnt-2218","person-000242","MAT 8:4","source:0002","accepted"
"mnt-2219","person-000242","MAT 17:3","source:0002","accepted"
"mnt-2220","person-000242","MAT 17:4","source:0002","accepted"
"mnt-2221","person-000242","MAT 19:7","source:0002","accepted"
"mnt-2222","person-000242","MAT 19:8","source:0002","accepted"
"mnt-2223","person-000242","MAT 22:24","source:0002","accepted"
"mnt-2224","person-000242","MAT 23:2","source:0002","accepted"
"mnt-2225","person-000242","MRK 1:44","source:0002","accepted"
"mnt-2226","person-000242","MRK 7:10","source:0002","accepted"
"mnt-2227","person-000242","MRK 9:4","source:0002","accepted"
"mnt-2228","person-000242","MRK 9:5","source:0002","accepted"
"mnt-2229","person-000242","MRK 10:3","source:0002","accepted"
"mnt-2230","person-000242","MRK 10:4","source:0002","accepted"
"mnt-2231","person-000242","MRK 12:19","source:0002","accepted"
"mnt-2232","person-000242","MRK 12:26","source:0002","accepted"
"mnt-2233","person-000242","LUK 2:22","source:0002","accepted"
"mnt-2234","person-000242","LUK 5:14","source:0002","accepted"
"mnt-2235","person-000242","LUK 9:30","source:0002","accepted"
"mnt-2236","person-000242","LUK 9:33","source:0002","accepted"
"mnt-2237","person-000242","LUK 16:29","source:0002","accepted"
"mnt-2238","person-000242","LUK 16:31","source:0002","accepted"
"mnt-2239","person-000242","LUK 20:28","source:0002","accepted"
"mnt-2240","person-000242","LUK 20:37","source:0002","accepted"
"mnt-2241","person-000242","LUK 24:27","source:0002","accepted"
"mnt-2242","person-000242","LUK 24:44","source:0002","accepted"
"mnt-2243","person-000242","JHN 1:17","source:0002","accepted"
"mnt-2244","person-000242","JHN 1:45","source:0002","accepted"
"mnt-2245","person-000242","JHN 3:14","source:0002","accepted"
"mnt-2246","person-000242","JHN 5:45","source:0002","accepted"
"mnt-2247","person-000242","JHN 5:46","source:0002","accepted"
"mnt-2248","person-000242","JHN 6:32","source:0002","accepted"
"mnt-2249","person-000242","JHN 7:19","source:0002","accepted"
"mnt-2250","person-000242","JHN 7:22","source:0002","accepted"
"mnt-2251","person-000242","JHN 7:23","source:0002","accepted"
"mnt-2252","person-000242","JHN 8:5","source:0002","accepted"
"mnt-2253","person-000242","JHN 9:28","source:0002","accepted"
"mnt-2254","person-000242","JHN 9:29","source:0002","accepted"
"mnt-2255","person-000242","ACT 3:22","source:0002","accepted"
"mnt-2256","person-000242","ACT 6:11","source:0002","accepted"
"mnt-2257","person-000242","ACT 6:14","source:0002","accepted"
"mnt-2258","person-000242","ACT 7:20","source:0002","accepted"
"mnt-2259","person-000242","ACT 7:22","source:0002","accepted"
"mnt-2260","person-000242","ACT 7:29","source:0002","accepted"
"mnt-2261","person-000242","ACT 7:31","source:0002","accepted"
"mnt-2262","person-000242","ACT 7:32","source:0002","accepted"
"mnt-2263","person-000242","ACT 7:35","source:0002","accepted"
"mnt-2264","person-000242","ACT 7:37","source:0002","accepted"
"mnt-2265","person-000242","ACT 7:40","source:0002","accepted"
"mnt-2266","person-000242","ACT 7:44","source:0002","accepted"
"mnt-2267","person-000242","ACT 13:38","source:0002","accepted"
"mnt-2268","person-000242","ACT 13:39","source:0002","accepted"
"mnt-2269","person-000242","ACT 15:1","source:0002","accepted"
"mnt-2270","person-000242","ACT 15:5","source:0002","accepted"
"mnt-2271","person-000242","ACT 15:21","source:0002","accepted"
"mnt-2272","person-000242","ACT 21:21","source:0002","accepted"
"mnt-2273","person-000242","ACT 26:22","source:0002","accepted"
"mnt-2274","person-000242","ACT 28:23","source:0002","accepted"
"mnt-2275","person-000242","ROM 5:14","source:0002","accepted"
"mnt-2276","person-000242","ROM 9:15","source:0002","accepted"
"mnt-2277","person-000242","ROM 10:5","source:0002","accepted"
"mnt-2278","person-000242","ROM 10:19","source:0002","accepted"
"mnt-2279","person-000242","1CO 9:9","source:0002","accepted"
"mnt-2280","person-000242","1CO 10:2","source:0002","accepted"
"mnt-2281","person-000242","2CO 3:7","source:0002","accepted"
"mnt-2282","person-000242","2CO 3:13","source:0002","accepted"
"mnt-2283","person-000242","2CO 3:15","source:0002","accepted"
"mnt-2284","person-000242","2TI 3:8","source:0002","accepted"
"mnt-2285","person-000242","HEB 3:2","source:0002","accepted"
"mnt-2286","person-000242","HEB 3:3","source:0002","accepted"
"mnt-2287","person-000242","HEB 3:5","source:0002","accepted"
"mnt-2288","person-000242","HEB 3:16","source:0002","accepted"
"mnt-2289","person-000242","HEB 7:14","source:0002","accepted"
"mnt-2290","person-000242","HEB 8:5","source:0002","accepted"
"mnt-2291","person-000242","HEB 9:19","source:0002","accepted"
"mnt-2292","person-000242","HEB 10:28","source:0002","accepted"
"mnt-2293","person-000242","HEB 11:23","source:0002","accepted"
"mnt-2294","person-000242","HEB 11:24","source:0002","accepted"
"mnt-2295","person-000242","HEB 12:21","source:0002","accepted"
"mnt-2296","person-000242","JUD 1:9","source:0002","accepted"
"mnt-2297","person-000242","REV 15:3","source:0002","accepted"
"mnt-2298","person-000243","LUK 4:27","source:0002","accepted"
"mnt-2299","person-000244","LUK 3:25","source:0002","accepted"
"mnt-2300","person-000245","LUK 3:34","source:0002","accepted"
"mnt-2301","person-000246","MAT 1:4","source:0002","accepted"
"mnt-2302","person-000246","LUK 3:32","source:0002","accepted"
"mnt-2303","person-000247","LUK 3:25","source:0002","accepted"
"mnt-2304","person-000249","ROM 16:11","source:0002","accepted"
"mnt-2305","person-000250","LUK 3:31","source:0002","accepted"
"mnt-2306","person-000251","JHN 1:45","source:0002","accepted"
"mnt-2307","person-000251","JHN 1:46","source:0002","accepted"
"mnt-2308","person-000251","JHN 1:47","source:0002","accepted"
"mnt-2309","person-000251","JHN 1:48","source:0002","accepted"
"mnt-2310","person-000251","JHN 1:49","source:0002","accepted"
"mnt-2311","person-000251","JHN 21:2","source:0002","accepted"
"mnt-2312","person-000252","ROM 16:15","source:0002","accepted"
"mnt-2313","person-000253","LUK 3:27","source:0002","accepted"
"mnt-2314","person-000255","ACT 6:5","source:0002","accepted"
"mnt-2315","person-000256","JHN 3:1","source:0002","accepted"
"mnt-2316","person-000256","JHN 3:4","source:0002","accepted"
"mnt-2317","person-000256","JHN 3:9","source:0002","accepted"
"mnt-2318","person-000256","JHN 7:50","source:0002","accepted"
"mnt-2319","person-000256","JHN 19:39","source:0002","accepted"
"mnt-2320","person-000257","ACT 6:5","source:0002","accepted"
"mnt-2321","person-000258","MAT 24:37","source:0002","accepted"
"mnt-2322","person-000258","MAT 24:38","source:0002","accepted"
"mnt-2323","person-000258","LUK 3:36","source:0002","accepted"
"mnt-2324","person-000258","LUK 17:26","source:0002","accepted"
"mnt-2325","person-000258","LUK 17:27","source:0002","accepted"
"mnt-2326","person-000258","HEB 11:7","source:0002","accepted"
"mnt-2327","person-000258","1PE 3:20","source:0002","accepted"
"mnt-2328","person-000258","2PE 2:5","source:0002","accepted"
"mnt-2329","person-000259","COL 4:15","source:0002","accepted"
"mnt-2330","person-000260","MAT 1:5","source:0002","accepted"
"mnt-2331","person-000260","LUK 3:32","source:0002","accepted"
"mnt-2332","person-000261","ROM 16:15","source:0002","accepted"
"mnt-2333","person-000262","COL 4:9","source:0002","accepted"
"mnt-2334","person-000262","PHM 1:10","source:0002","accepted"
"mnt-2335","person-000262","PHM 1:25","source:0002","accepted"
"mnt-2336","person-000262","COL 4:18","source:0002","accepted"
"mnt-2337","person-000263","2TI 1:16","source:0002","accepted"
"mnt-2338","person-000263","2TI 4:19","source:0002","accepted"
"mnt-2339","person-000264","ACT 6:5","source:0002","accepted"
"mnt-2340","person-000265","ROM 16:14","source:0002","accepted"
"mnt-2341","person-000266","ACT 13:9","source:0002","accepted"
"mnt-2342","person-000266","ACT 13:13","source:0002","accepted"
"mnt-2343","person-000266","ACT 13:16","source:0002","accepted"
"mnt-2344","person-000266","ACT 13:43","source:0002","accepted"
"mnt-2345","person-000266","ACT 13:45","source:0002","accepted"
"mnt-2346","person-000266","ACT 13:46","source:0002","accepted"
"mnt-2347","person-000266","ACT 13:50","source:0002","accepted"
"mnt-2348","person-000266","ACT 14:9","source:0002","accepted"
"mnt-2349","person-000266","ACT 14:11","source:0002","accepted"
"mnt-2350","person-000266","ACT 14:12","source:0002","accepted"
"mnt-2351","person-000266","ACT 14:14","source:0002","accepted"
"mnt-2352","person-000266","ACT 14:19","source:0002","accepted"
"mnt-2353","person-000266","ACT 15:2","source:0002","accepted"
"mnt-2354","person-000266","ACT 15:12","source:0002","accepted"
"mnt-2355","person-000266","ACT 15:22","source:0002","accepted"
"mnt-2356","person-000266","ACT 15:25","source:0002","accepted"
"mnt-2357","person-000266","ACT 15:35","source:0002","accepted"
"mnt-2358","person-000266","ACT 15:36","source:0002","accepted"
"mnt-2359","person-000266","ACT 15:38","source:0002","accepted"
"mnt-2360","person-000266","ACT 15:40","source:0002","accepted"
"mnt-2361","person-000266","ACT 16:3","source:0002","accepted"
"mnt-2362","person-000266","ACT 16:9","source:0002","accepted"
"mnt-2363","person-000266","ACT 16:14","source:0002","accepted"
"mnt-2364","person-000266","ACT 16:17","source:0002","accepted"
"mnt-2365","person-000266","ACT 16:18","source:0002","accepted"
"mnt-2366","person-000266","ACT 16:19","source:0002","accepted"
"mnt-2367","person-000266","ACT 16:25","source:0002","accepted"
"mnt-2368","person-000266","ACT 16:28","source:0002","accepted"
"mnt-2369","person-000266","ACT 16:29","source:0002","accepted"
"mnt-2370","person-000266","ACT 16:36","source:0002","accepted"
"mnt-2371","person-000266","ACT 16:37","source:0002","accepted"
"mnt-2372","person-000266","ACT 17:2","source:0002","accepted"
"mnt-2373","person-000266","ACT 17:4","source:0002","accepted"
"mnt-2374","person-000266","ACT 17:10","source:0002","accepted"
"mnt-2375","person-000266","ACT 17:13","source:0002","accepted"
"mnt-2376","person-000266","ACT 17:14","source:0002","accepted"
"mnt-2377","person-000266","ACT 17:15","source:0002","accepted"
"mnt-2378","person-000266","ACT 17:16","source:0002","accepted"
"mnt-2379","person-000266","ACT 17:22","source:0002","accepted"
"mnt-2380","person-000266","ACT 17:33","source:0002","accepted"
"mnt-2381","person-000266","ACT 18:1","source:0002","accepted"
"mnt-2382","person-000266","ACT 18:5","source:0002","accepted"
"mnt-2383","person-000266","ACT 18:9","source:0002","accepted"
"mnt-2384","person-000266","ACT 18:12","source:0002","accepted"
"mnt-2385","person-000266","ACT 18:14","source:0002","accepted"
"mnt-2386","person-000266","ACT 18:18","source:0002","accepted"
"mnt-2387","person-000266","ACT 19:1","source:0002","accepted"
"mnt-2388","person-000266","ACT 19:4","source:0002","accepted"
"mnt-2389","person-000266","ACT 19:6","source:0002","accepted"
"mnt-2390","person-000266","ACT 19:11","source:0002","accepted"
"mnt-2391","person-000266","ACT 19:13","source:0002","accepted"
"mnt-2392","person-000266","ACT 19:15","source:0002","accepted"
"mnt-2393","person-000266","ACT 19:21","source:0002","accepted"
"mnt-2394","person-000266","ACT 19:26","source:0002","accepted"
"mnt-2395","person-000266","ACT 19:29","source:0002","accepted"
"mnt-2396","person-000266","ACT 19:30","source:0002","accepted"
"mnt-2397","person-000266","ACT 20:1","source:0002","accepted"
"mnt-2398","person-000266","ACT 20:7","source:0002","accepted"
"mnt-2399","person-000266","ACT 20:9","source:0002","accepted"
"mnt-2400","person-000266","ACT 20:10","source:0002","accepted"
"mnt-2401","person-000266","ACT 20:13","source:0002","accepted"
"mnt-2402","person-000266","ACT 20:16","source:0002","accepted"
"mnt-2403","person-000266","ACT 20:37","source:0002","accepted"
"mnt-2404","person-000266","ACT 21:4","source:0002","accepted"
"mnt-2405","person-000266","ACT 21:11","source:0002","accepted"
"mnt-2406","person-000266","ACT 21:13","source:0002","accepted"
"mnt-2407","person-000266","ACT 21:18","source:0002","accepted"
"mnt-2408","person-000266","ACT 21:26","source:0002","accepted"
"mnt-2409","person-000266","ACT 21:29","source:0002","accepted"
"mnt-2410","person-000266","ACT 21:30","source:0002","accepted"
"mnt-2411","person-000266","ACT 21:32","source:0002","accepted"
"mnt-2412","person-000266","ACT 21:37","source:0002","accepted"
"mnt-2413","person-000266","ACT 21:39","source:0002","accepted"
"mnt-2414","person-000266","ACT 21:40","source:0002","accepted"
"mnt-2415","person-000266","ACT 22:25","source:0002","accepted"
"mnt-2416","person-000266","ACT 22:28","source:0002","accepted"
"mnt-2417","person-000266","ACT 22:30","source:0002","accepted"
"mnt-2418","person-000266","ACT 23:1","source:0002","accepted"
"mnt-2419","person-000266","ACT 23:3","source:0002","accepted"
"mnt-2420","person-000266","ACT 23:5","source:0002","accepted"
"mnt-2421","person-000266","ACT 23:6","source:0002","accepted"
"mnt-2422","person-000266","ACT 23:10","source:0002","accepted"
"mnt-2423","person-000266","ACT 23:12","source:0002","accepted"
"mnt-2424","person-000266","ACT 23:14","source:0002","accepted"
"mnt-2425","person-000266","ACT 23:16","source:0002","accepted"
"mnt-2426","person-000266","ACT 23:17","source:0002","accepted"
"mnt-2427","person-000266","ACT 23:18","source:0002","accepted"
"mnt-2428","person-000266","ACT 23:20","source:0002","accepted"
"mnt-2429","person-000266","ACT 23:24","source:0002","accepted"
"mnt-2430","person-000266","ACT 23:31","source:0002","accepted"
"mnt-2431","person-000266","ACT 23:33","source:0002","accepted"
"mnt-2432","person-000266","ACT 24:1","source:0002","accepted"
"mnt-2433","person-000266","ACT 24:10","source:0002","accepted"
"mnt-2434","person-000266","ACT 24:24","source:0002","accepted"
"mnt-2435","person-000266","ACT 24:26","source:0002","accepted"
"mnt-2436","person-000266","ACT 24:27","source:0002","accepted"
"mnt-2437","person-000266","ACT 25:2","source:0002","accepted"
"mnt-2438","person-000266","ACT 25:4","source:0002","accepted"
"mnt-2439","person-000266","ACT 25:6","source:0002","accepted"
"mnt-2440","person-000266","ACT 25:8","source:0002","accepted"
"mnt-2441","person-000266","ACT 25:9","source:0002","accepted"
"mnt-2442","person-000266","ACT 25:10","source:0002","accepted"
"mnt-2443","person-000266","ACT 25:14","source:0002","accepted"
"mnt-2444","person-000266","ACT 25:19","source:0002","accepted"
"mnt-2445","person-000266","ACT 25:21","source:0002","accepted"
"mnt-2446","person-000266","ACT 25:23","source:0002","accepted"
"mnt-2447","person-000266","ACT 26:1","source:0002","accepted"
"mnt-2448","person-000266","ACT 26:24","source:0002","accepted"
"mnt-2449","person-000266","ACT 26:25","source:0002","accepted"
"mnt-2450","person-000266","ACT 26:28","source:0002","accepted"
"mnt-2451","person-000266","ACT 26:29","source:0002","accepted"
"mnt-2452","person-000266","ACT 27:1","source:0002","accepted"
"mnt-2453","person-000266","ACT 27:3","source:0002","accepted"
"mnt-2454","person-000266","ACT 27:9","source:0002","accepted"
"mnt-2455","person-000266","ACT 27:11","source:0002","accepted"
"mnt-2456","person-000266","ACT 27:21","source:0002","accepted"
"mnt-2457","person-000266","ACT 27:24","source:0002","accepted"
"mnt-2458","person-000266","ACT 27:31","source:0002","accepted"
"mnt-2459","person-000266","ACT 27:33","source:0002","accepted"
"mnt-2460","person-000266","ACT 27:43","source:0002","accepted"
"mnt-2461","person-000266","ACT 28:3","source:0002","accepted"
"mnt-2462","person-000266","ACT 28:8","source:0002","accepted"
"mnt-2463","person-000266","ACT 28:15","source:0002","accepted"
"mnt-2464","person-000266","ACT 28:16","source:0002","accepted"
"mnt-2465","person-000266","ACT 28:25","source:0002","accepted"
"mnt-2466","person-000266","ROM 1:1","source:0002","accepted"
"mnt-2467","person-000266","1CO 1:1","source:0002","accepted"
"mnt-2468","person-000266","1CO 1:12","source:0002","accepted"
"mnt-2469","person-000266","1CO 1:13","source:0002","accepted"
"mnt-2470","person-000266","1CO 3:4","source:0002","accepted"
"mnt-2471","person-000266","1CO 3:5","source:0002","accepted"
"mnt-2472","person-000266","1CO 3:22","source:0002","accepted"
"mnt-2473","person-000266","1CO 16:21","source:0002","accepted"
"mnt-2474","person-000266","2CO 1:1","source:0002","accepted"
"mnt-2475","person-000266","2CO 10:1","source:0002","accepted"
"mnt-2476","person-000266","GAL 1:1","source:0002","accepted"
"mnt-2477","person-000266","GAL 5:2","source:0002","accepted"
"mnt-2478","person-000266","EPH 1:1","source:0002","accepted"
"mnt-2479","person-000266","EPH 3:1","source:0002","accepted"
"mnt-2480","person-000266","PHP 1:1","source:0002","accepted"
"mnt-2481","person-000266","COL 1:1","source:0002","accepted"
"mnt-2482","person-000266","COL 1:23","source:0002","accepted"
"mnt-2483","person-000266","COL 4:18","source:0002","accepted"
"mnt-2484","person-000266","1TH 1:1","source:0002","accepted"
"mnt-2485","person-000266","1TH 2:18","source:0002","accepted"
"mnt-2486","person-000266","2TH 1:1","source:0002","accepted"
"mnt-2487","person-000266","2TH 3:17","source:0002","accepted"
"mnt-2488","person-000266","1TI 1:1","source:0002","accepted"
"mnt-2489","person-000266","2TI 1:1","source:0002","accepted"
"mnt-2490","person-000266","TIT 1:1","source:0002","accepted"
"mnt-2491","person-000266","PHM 1:1","source:0002","accepted"
"mnt-2492","person-000266","PHM 1:9","source:0002","accepted"
"mnt-2493","person-000266","PHM 1:19","source:0002","accepted"
"mnt-2494","person-000266","2PE 3:15","source:0002","accepted"
"mnt-2495","person-000266","ACT 23:11","source:0002","accepted"
"mnt-2496","person-000266","ACT 24:23","source:0002","accepted"
"mnt-2497","person-000266","ACT 25:7","source:0002","accepted"
"mnt-2498","person-000266","ACT 28:17","source:0002","accepted"
"mnt-2499","person-000266","ACT 28:30","source:0002","accepted"
"mnt-2500","person-000266","ACT 21:8","source:0002","accepted"
"mnt-2501","person-000266","2TI 4:22","source:0002","accepted"
"mnt-2502","person-000266","ACT 9:4","source:0002","accepted"
"mnt-2503","person-000266","ACT 9:17","source:0002","accepted"
"mnt-2504","person-000266","ACT 22:7","source:0002","accepted"
"mnt-2505","person-000266","ACT 22:13","source:0002","accepted"
"mnt-2506","person-000266","ACT 26:14","source:0002","accepted"
"mnt-2507","person-000266","ACT 7:58","source:0002","accepted"
"mnt-2508","person-000266","ACT 8:1","source:0002","accepted"
"mnt-2509","person-000266","ACT 8:3","source:0002","accepted"
"mnt-2510","person-000266","ACT 9:1","source:0002","accepted"
"mnt-2511","person-000266","ACT 9:8","source:0002","accepted"
"mnt-2512","person-000266","ACT 9:11","source:0002","accepted"
"mnt-2513","person-000266","ACT 9:22","source:0002","accepted"
"mnt-2514","person-000266","ACT 9:24","source:0002","accepted"
"mnt-2515","person-000266","ACT 11:25","source:0002","accepted"
"mnt-2516","person-000266","ACT 11:30","source:0002","accepted"
"mnt-2517","person-000266","ACT 12:25","source:0002","accepted"
"mnt-2518","person-000266","ACT 13:1","source:0002","accepted"
"mnt-2519","person-000266","ACT 13:2","source:0002","accepted"
"mnt-2520","person-000266","ACT 13:7","source:0002","accepted"
"mnt-2521","person-000266","ACT 9:19","source:0002","accepted"
"mnt-2522","person-000266","ACT 9:26","source:0002","accepted"
"mnt-2523","person-000267","LUK 3:35","source:0002","accepted"
"mnt-2524","person-000269","ROM 16:12","source:0002","accepted"
"mnt-2525","person-000270","MAT 4:18","source:0002","accepted"
"mnt-2526","person-000270","MAT 8:14","source:0002","accepted"
"mnt-2527","person-000270","MAT 10:2","source:0002","accepted"
"mnt-2528","person-000270","MAT 14:28","source:0002","accepted"
"mnt-2529","person-000270","MAT 14:29","source:0002","accepted"
"mnt-2530","person-000270","MAT 15:15","source:0002","accepted"
"mnt-2531","person-000270","MAT 16:16","source:0002","accepted"
"mnt-2532","person-000270","MAT 16:18","source:0002","accepted"
"mnt-2533","person-000270","MAT 16:22","source:0002","accepted"
"mnt-2534","person-000270","MAT 16:23","source:0002","accepted"
"mnt-2535","person-000270","MAT 17:1","source:0002","accepted"
"mnt-2536","person-000270","MAT 17:4","source:0002","accepted"
"mnt-2537","person-000270","MAT 17:24","source:0002","accepted"
"mnt-2538","person-000270","MAT 18:21","source:0002","accepted"
"mnt-2539","person-000270","MAT 19:27","source:0002","accepted"
"mnt-2540","person-000270","MAT 26:33","source:0002","accepted"
"mnt-2541","person-000270","MAT 26:35","source:0002","accepted"
"mnt-2542","person-000270","MAT 26:37","source:0002","accepted"
"mnt-2543","person-000270","MAT 26:40","source:0002","accepted"
"mnt-2544","person-000270","MAT 26:58","source:0002","accepted"
"mnt-2545","person-000270","MAT 26:69","source:0002","accepted"
"mnt-2546","person-000270","MAT 26:73","source:0002","accepted"
"mnt-2547","person-000270","MAT 26:75","source:0002","accepted"
"mnt-2548","person-000270","MRK 3:16","source:0002","accepted"
"mnt-2549","person-000270","MRK 5:37","source:0002","accepted"
"mnt-2550","person-000270","MRK 8:29","source:0002","accepted"
"mnt-2551","person-000270","MRK 8:32","source:0002","accepted"
"mnt-2552","person-000270","MRK 8:33","source:0002","accepted"
"mnt-2553","person-000270","MRK 9:2","source:0002","accepted"
"mnt-2554","person-000270","MRK 9:5","source:0002","accepted"
"mnt-2555","person-000270","MRK 10:28","source:0002","accepted"
"mnt-2556","person-000270","MRK 11:21","source:0002","accepted"
"mnt-2557","person-000270","MRK 13:3","source:0002","accepted"
"mnt-2558","person-000270","MRK 14:29","source:0002","accepted"
"mnt-2559","person-000270","MRK 14:33","source:0002","accepted"
"mnt-2560","person-000270","MRK 14:37","source:0002","accepted"
"mnt-2561","person-000270","MRK 14:54","source:0002","accepted"
"mnt-2562","person-000270","MRK 14:66","source:0002","accepted"
"mnt-2563","person-000270","MRK 14:67","source:0002","accepted"
"mnt-2564","person-000270","MRK 14:70","source:0002","accepted"
"mnt-2565","person-000270","MRK 14:72","source:0002","accepted"
"mnt-2566","person-000270","MRK 16:7","source:0002","accepted"
"mnt-2567","person-000270","MRK 16:6","source:0002","accepted"
"mnt-2568","person-000270","LUK 5:8","source:0002","accepted"
"mnt-2569","person-000270","LUK 6:14","source:0002","accepted"
"mnt-2570","person-000270","LUK 8:45","source:0002","accepted"
"mnt-2571","person-000270","LUK 8:51","source:0002","accepted"
"mnt-2572","person-000270","LUK 9:20","source:0002","accepted"
"mnt-2573","person-000270","LUK 9:28","source:0002","accepted"
"mnt-2574","person-000270","LUK 9:32","source:0002","accepted"
"mnt-2575","person-000270","LUK 9:33","source:0002","accepted"
"mnt-2576","person-000270","LUK 12:41","source:0002","accepted"
"mnt-2577","person-000270","LUK 18:28","source:0002","accepted"
"mnt-2578","person-000270","LUK 22:8","source:0002","accepted"
"mnt-2579","person-000270","LUK 22:34","source:0002","accepted"
"mnt-2580","person-000270","LUK 22:54","source:0002","accepted"
"mnt-2581","person-000270","LUK 22:55","source:0002","accepted"
"mnt-2582","person-000270","LUK 22:58","source:0002","accepted"
"mnt-2583","person-000270","LUK 22:60","source:0002","accepted"
"mnt-2584","person-000270","LUK 22:61","source:0002","accepted"
"mnt-2585","person-000270","LUK 24:12","source:0002","accepted"
"mnt-2586","person-000270","JHN 1:40","source:0002","accepted"
"mnt-2587","person-000270","JHN 1:42","source:0002","accepted"
"mnt-2588","person-000270","JHN 1:44","source:0002","accepted"
"mnt-2589","person-000270","JHN 6:8","source:0002","accepted"
"mnt-2590","person-000270","JHN 6:68","source:0002","accepted"
"mnt-2591","person-000270","JHN 13:6","source:0002","accepted"
"mnt-2592","person-000270","JHN 13:8","source:0002","accepted"
"mnt-2593","person-000270","JHN 13:9","source:0002","accepted"
"mnt-2594","person-000270","JHN 13:24","source:0002","accepted"
"mnt-2595","person-000270","JHN 13:36","source:0002","accepted"
"mnt-2596","person-000270","JHN 13:37","source:0002","accepted"
"mnt-2597","person-000270","JHN 18:10","source:0002","accepted"
"mnt-2598","person-000270","JHN 18:11","source:0002","accepted"
"mnt-2599","person-000270","JHN 18:15","source:0002","accepted"
"mnt-2600","person-000270","JHN 18:16","source:0002","accepted"
"mnt-2601","person-000270","JHN 18:17","source:0002","accepted"
"mnt-2602","person-000270","JHN 18:18","source:0002","accepted"
"mnt-2603","person-000270","JHN 18:25","source:0002","accepted"
"mnt-2604","person-000270","JHN 18:26","source:0002","accepted"
"mnt-2605","person-000270","JHN 18:27","source:0002","accepted"
"mnt-2606","person-000270","JHN 20:2","source:0002","accepted"
"mnt-2607","person-000270","JHN 20:3","source:0002","accepted"
"mnt-2608","person-000270","JHN 20:4","source:0002","accepted"
"mnt-2609","person-000270","JHN 20:6","source:0002","accepted"
"mnt-2610","person-000270","JHN 21:2","source:0002","accepted"
"mnt-2611","person-000270","JHN 21:3","source:0002","accepted"
"mnt-2612","person-000270","JHN 21:7","source:0002","accepted"
"mnt-2613","person-000270","JHN 21:11","source:0002","accepted"
"mnt-2614","person-000270","JHN 21:15","source:0002","accepted"
"mnt-2615","person-000270","JHN 21:17","source:0002","accepted"
"mnt-2616","person-000270","JHN 21:20","source:0002","accepted"
"mnt-2617","person-000270","JHN 21:21","source:0002","accepted"
"mnt-2618","person-000270","ACT 1:13","source:0002","accepted"
"mnt-2619","person-000270","ACT 1:15","source:0002","accepted"
"mnt-2620","person-000270","ACT 2:14","source:0002","accepted"
"mnt-2621","person-000270","ACT 2:37","source:0002","accepted"
"mnt-2622","person-000270","ACT 2:38","source:0002","accepted"
"mnt-2623","person-000270","ACT 3:1","source:0002","accepted"
"mnt-2624","person-000270","ACT 3:3","source:0002","accepted"
"mnt-2625","person-000270","ACT 3:4","source:0002","accepted"
"mnt-2626","person-000270","ACT 3:6","source:0002","accepted"
"mnt-2627","person-000270","ACT 3:11","source:0002","accepted"
"mnt-2628","person-000270","ACT 3:12","source:0002","accepted"
"mnt-2629","person-000270","ACT 4:8","source:0002","accepted"
"mnt-2630","person-000270","ACT 4:13","source:0002","accepted"
"mnt-2631","person-000270","ACT 4:19","source:0002","accepted"
"mnt-2632","person-000270","ACT 5:3","source:0002","accepted"
"mnt-2633","person-000270","ACT 5:8","source:0002","accepted"
"mnt-2634","person-000270","ACT 5:9","source:0002","accepted"
"mnt-2635","person-000270","ACT 5:15","source:0002","accepted"
"mnt-2636","person-000270","ACT 5:29","source:0002","accepted"
"mnt-2637","person-000270","ACT 8:14","source:0002","accepted"
"mnt-2638","person-000270","ACT 8:20","source:0002","accepted"
"mnt-2639","person-000270","ACT 9:32","source:0002","accepted"
"mnt-2640","person-000270","ACT 9:34","source:0002","accepted"
"mnt-2641","person-000270","ACT 9:38","source:0002","accepted"
"mnt-2642","person-000270","ACT 9:39","source:0002","accepted"
"mnt-2643","person-000270","ACT 9:40","source:0002","accepted"
"mnt-2644","person-000270","ACT 10:5","source:0002","accepted"
"mnt-2645","person-000270","ACT 10:9","source:0002","accepted"
"mnt-2646","person-000270","ACT 10:13","source:0002","accepted"
"mnt-2647","person-000270","ACT 10:14","source:0002","accepted"
"mnt-2648","person-000270","ACT 10:17","source:0002","accepted"
"mnt-2649","person-000270","ACT 10:18","source:0002","accepted"
"mnt-2650","person-000270","ACT 10:19","source:0002","accepted"
"mnt-2651","person-000270","ACT 10:21","source:0002","accepted"
"mnt-2652","person-000270","ACT 10:25","source:0002","accepted"
"mnt-2653","person-000270","ACT 10:26","source:0002","accepted"
"mnt-2654","person-000270","ACT 10:32","source:0002","accepted"
"mnt-2655","person-000270","ACT 10:34","source:0002","accepted"
"mnt-2656","person-000270","ACT 10:44","source:0002","accepted"
"mnt-2657","person-000270","ACT 10:45","source:0002","accepted"
"mnt-2658","person-000270","ACT 10:46","source:0002","accepted"
"mnt-2659","person-000270","ACT 11:2","source:0002","accepted"
"mnt-2660","person-000270","ACT 11:4","source:0002","accepted"
"mnt-2661","person-000270","ACT 11:7","source:0002","accepted"
"mnt-2662","person-000270","ACT 11:13","source:0002","accepted"
"mnt-2663","person-000270","ACT 12:3","source:0002","accepted"
"mnt-2664","person-000270","ACT 12:5","source:0002","accepted"
"mnt-2665","person-000270","ACT 12:6","source:0002","accepted"
"mnt-2666","person-000270","ACT 12:7","source:0002","accepted"
"mnt-2667","person-000270","ACT 12:11","source:0002","accepted"
"mnt-2668","person-000270","ACT 12:14","source:0002","accepted"
"mnt-2669","person-000270","ACT 12:16","source:0002","accepted"
"mnt-2670","person-000270","ACT 12:18","source:0002","accepted"
"mnt-2671","person-000270","ACT 15:7","source:0002","accepted"
"mnt-2672","person-000270","GAL 2:7","source:0002","accepted"
"mnt-2673","person-000270","GAL 2:8","source:0002","accepted"
"mnt-2674","person-000270","1PE 1:1","source:0002","accepted"
"mnt-2675","person-000270","2PE 1:1","source:0002","accepted"
"mnt-2676","person-000270","MAT 17:26","source:0002","accepted"
"mnt-2677","person-000270","LUK 22:62","source:0002","accepted"
"mnt-2678","person-000270","ACT 10:23","source:0002","accepted"
"mnt-2679","person-000270","ACT 12:13","source:0002","accepted"
"mnt-2680","person-000270","MAT 16:17","source:0002","accepted"
"mnt-2681","person-000270","MAT 17:25","source:0002","accepted"
"mnt-2682","person-000270","MRK 1:16","source:0002","accepted"
"mnt-2683","person-000270","MRK 1:29","source:0002","accepted"
"mnt-2684","person-000270","MRK 1:30","source:0002","accepted"
"mnt-2685","person-000270","MRK 1:36","source:0002","accepted"
"mnt-2686","person-000270","LUK 4:38","source:0002","accepted"
"mnt-2687","person-000270","LUK 5:3","source:0002","accepted"
"mnt-2688","person-000270","LUK 5:4","source:0002","accepted"
"mnt-2689","person-000270","LUK 5:5","source:0002","accepted"
"mnt-2690","person-000270","LUK 5:10","source:0002","accepted"
"mnt-2691","person-000270","LUK 22:31","source:0002","accepted"
"mnt-2692","person-000270","LUK 24:34","source:0002","accepted"
"mnt-2693","person-000270","JHN 1:41","source:0002","accepted"
"mnt-2694","person-000270","JHN 21:16","source:0002","accepted"
"mnt-2695","person-000270","ACT 15:14","source:0002","accepted"
"mnt-2696","person-000270","1CO 1:12","source:0002","accepted"
"mnt-2697","person-000270","1CO 3:22","source:0002","accepted"
"mnt-2698","person-000270","1CO 9:5","source:0002","accepted"
"mnt-2699","person-000270","1CO 15:5","source:0002","accepted"
"mnt-2700","person-000270","GAL 2:9","source:0002","accepted"
"mnt-2701","person-000270","GAL 1:18","source:0002","accepted"
"mnt-2702","person-000270","GAL 2:11","source:0002","accepted"
"mnt-2703","person-000270","GAL 2:14","source:0002","accepted"
"mnt-2704","person-000271","LUK 2:36","source:0002","accepted"
"mnt-2705","person-000272","PHM 1:1","source:0002","accepted"
"mnt-2706","person-000272","PHM 1:25","source:0002","accepted"
"mnt-2707","person-000273","2TI 2:17","source:0002","accepted"
"mnt-2708","person-000274","ACT 6:5","source:0002","accepted"
"mnt-2709","person-000274","ACT 8:5","source:0002","accepted"
"mnt-2710","person-000274","ACT 8:6","source:0002","accepted"
"mnt-2711","person-000274","ACT 8:12","source:0002","accepted"
"mnt-2712","person-000274","ACT 8:13","source:0002","accepted"
"mnt-2713","person-000274","ACT 8:26","source:0002","accepted"
"mnt-2714","person-000274","ACT 8:29","source:0002","accepted"
"mnt-2715","person-000274","ACT 8:30","source:0002","accepted"
"mnt-2716","person-000274","ACT 8:31","source:0002","accepted"
"mnt-2717","person-000274","ACT 8:34","source:0002","accepted"
"mnt-2718","person-000274","ACT 8:35","source:0002","accepted"
"mnt-2719","person-000274","ACT 8:38","source:0002","accepted"
"mnt-2720","person-000274","ACT 8:39","source:0002","accepted"
"mnt-2721","person-000274","ACT 8:40","source:0002","accepted"
"mnt-2722","person-000274","ACT 21:8","source:0002","accepted"
"mnt-2723","person-000274","ACT 8:37","source:0002","excluded"
"mnt-2724","person-000275","LUK 3:1","source:0002","accepted"
"mnt-2725","person-000276","MAT 10:3","source:0002","accepted"
"mnt-2726","person-000276","MRK 3:18","source:0002","accepted"
"mnt-2727","person-000276","LUK 6:14","source:0002","accepted"
"mnt-2728","person-000276","JHN 1:43","source:0002","accepted"
"mnt-2729","person-000276","JHN 1:44","source:0002","accepted"
"mnt-2730","person-000276","JHN 1:45","source:0002","accepted"
"mnt-2731","person-000276","JHN 1:46","source:0002","accepted"
"mnt-2732","person-000276","JHN 1:48","source:0002","accepted"
"mnt-2733","person-000276","JHN 6:5","source:0002","accepted"
"mnt-2734","person-000276","JHN 6:7","source:0002","accepted"
"mnt-2735","person-000276","JHN 12:21","source:0002","accepted"
"mnt-2736","person-000276","JHN 12:22","source:0002","accepted"
"mnt-2737","person-000276","JHN 14:8","source:0002","accepted"
"mnt-2738","person-000276","JHN 14:9","source:0002","accepted"
"mnt-2739","person-000276","ACT 1:13","source:0002","accepted"
"mnt-2740","person-000277","MAT 14:3","source:0002","accepted"
"mnt-2741","person-000277","MRK 6:17","source:0002","accepted"
"mnt-2742","person-000277","LUK 3:19","source:0002","accepted"
"mnt-2743","person-000278","ROM 16:15","source:0002","accepted"
"mnt-2744","person-000279","ROM 16:14","source:0002","accepted"
"mnt-2745","person-000280","ROM 16:1","source:0002","accepted"
"mnt-2746","person-000280","ROM 16:27","source:0002","excluded"
"mnt-2747","person-000281","2TI 1:15","source:0002","accepted"
"mnt-2748","person-000282","MAT 27:2","source:0002","accepted"
"mnt-2749","person-000282","MAT 27:13","source:0002","accepted"
"mnt-2750","person-000282","MAT 27:17","source:0002","accepted"
"mnt-2751","person-000282","MAT 27:22","source:0002","accepted"
"mnt-2752","person-000282","MAT 27:24","source:0002","accepted"
"mnt-2753","person-000282","MAT 27:58","source:0002","accepted"
"mnt-2754","person-000282","MAT 27:62","source:0002","accepted"
"mnt-2755","person-000282","MAT 27:65","source:0002","accepted"
"mnt-2756","person-000282","MRK 15:1","source:0002","accepted"
"mnt-2757","person-000282","MRK 15:2","source:0002","accepted"
"mnt-2758","person-000282","MRK 15:4","source:0002","accepted"
"mnt-2759","person-000282","MRK 15:5","source:0002","accepted"
"mnt-2760","person-000282","MRK 15:12","source:0002","accepted"
"mnt-2761","person-000282","MRK 15:14","source:0002","accepted"
"mnt-2762","person-000282","MRK 15:15","source:0002","accepted"
"mnt-2763","person-000282","MRK 15:43","source:0002","accepted"
"mnt-2764","person-000282","MRK 15:44","source:0002","accepted"
"mnt-2765","person-000282","LUK 3:1","source:0002","accepted"
"mnt-2766","person-000282","LUK 13:1","source:0002","accepted"
"mnt-2767","person-000282","LUK 23:1","source:0002","accepted"
"mnt-2768","person-000282","LUK 23:3","source:0002","accepted"
"mnt-2769","person-000282","LUK 23:4","source:0002","accepted"
"mnt-2770","person-000282","LUK 23:6","source:0002","accepted"
"mnt-2771","person-000282","LUK 23:11","source:0002","accepted"
"mnt-2772","person-000282","LUK 23:12","source:0002","accepted"
"mnt-2773","person-000282","LUK 23:13","source:0002","accepted"
"mnt-2774","person-000282","LUK 23:20","source:0002","accepted"
"mnt-2775","person-000282","LUK 23:24","source:0002","accepted"
"mnt-2776","person-000282","LUK 23:52","source:0002","accepted"
"mnt-2777","person-000282","JHN 18:29","source:0002","accepted"
"mnt-2778","person-000282","JHN 18:31","source:0002","accepted"
"mnt-2779","person-000282","JHN 18:33","source:0002","accepted"
"mnt-2780","person-000282","JHN 18:35","source:0002","accepted"
"mnt-2781","person-000282","JHN 18:37","source:0002","accepted"
"mnt-2782","person-000282","JHN 18:38","source:0002","accepted"
"mnt-2783","person-000282","JHN 19:1","source:0002","accepted"
"mnt-2784","person-000282","JHN 19:4","source:0002","accepted"
"mnt-2785","person-000282","JHN 19:6","source:0002","accepted"
"mnt-2786","person-000282","JHN 19:8","source:0002","accepted"
"mnt-2787","person-000282","JHN 19:10","source:0002","accepted"
"mnt-2788","person-000282","JHN 19:12","source:0002","accepted"
"mnt-2789","person-000282","JHN 19:13","source:0002","accepted"
"mnt-2790","person-000282","JHN 19:15","source:0002","accepted"
"mnt-2791","person-000282","JHN 19:19","source:0002","accepted"
"mnt-2792","person-000282","JHN 19:21","source:0002","accepted"
"mnt-2793","person-000282","JHN 19:22","source:0002","accepted"
"mnt-2794","person-000282","JHN 19:31","source:0002","accepted"
"mnt-2795","person-000282","JHN 19:38","source:0002","accepted"
"mnt-2796","person-000282","ACT 3:13","source:0002","accepted"
"mnt-2797","person-000282","ACT 4:27","source:0002","accepted"
"mnt-2798","person-000282","ACT 13:28","source:0002","accepted"
"mnt-2799","person-000282","1TI 6:13","source:0002","accepted"
"mnt-2800","person-000282","MRK 15:9","source:0002","accepted"
"mnt-2801","person-000283","ACT 18:2","source:0002","accepted"
"mnt-2802","person-000283","ACT 18:18","source:0002","accepted"
"mnt-2803","person-000283","ACT 18:26","source:0002","accepted"
"mnt-2804","person-000283","ROM 16:3","source:0002","accepted"
"mnt-2805","person-000283","1CO 16:19","source:0002","accepted"
"mnt-2806","person-000283","2TI 4:19","source:0002","accepted"
"mnt-2807","person-000284","ACT 6:5","source:0002","accepted"
"mnt-2808","person-000285","ACT 28:7","source:0002","accepted"
"mnt-2809","person-000285","ACT 28:8","source:0002","accepted"
"mnt-2810","person-000286","2TI 4:21","source:0002","accepted"
"mnt-2811","person-000287","ACT 20:4","source:0002","accepted"
"mnt-2812","person-000288","ROM 16:23","source:0002","accepted"
"mnt-2813","person-000289","LUK 2:2","source:0002","accepted"
"mnt-2814","person-000290","MAT 2:18","source:0002","accepted"
"mnt-2815","person-000291","HEB 11:31","source:0002","accepted"
"mnt-2816","person-000291","JAS 2:25","source:0002","accepted"
"mnt-2817","person-000291","MAT 1:5","source:0002","accepted"
"mnt-2818","person-000292","MAT 1:3","source:0002","accepted"
"mnt-2819","person-000292","MAT 1:4","source:0002","accepted"
"mnt-2820","person-000292","LUK 3:33","source:0002","accepted"
"mnt-2821","person-000293","ROM 9:10","source:0002","accepted"
"mnt-2822","person-000294","MAT 1:7","source:0002","accepted"
"mnt-2823","person-000295","LUK 3:35","source:0002","accepted"
"mnt-2824","person-000297","LUK 3:27","source:0002","accepted"
"mnt-2825","person-000298","ACT 12:13","source:0002","accepted"
"mnt-2826","person-000299","MRK 15:21","source:0002","accepted"
"mnt-2827","person-000300","ROM 16:13","source:0002","accepted"
"mnt-2828","person-000301","MAT 1:5","source:0002","accepted"
"mnt-2829","person-000302","MAT 1:4","source:0002","accepted"
"mnt-2830","person-000302","MAT 1:5","source:0002","accepted"
"mnt-2831","person-000302","LUK 3:32","source:0002","accepted"
"mnt-2832","person-000304","MRK 15:40","source:0002","accepted"
"mnt-2833","person-000304","MRK 16:1","source:0002","accepted"
"mnt-2834","person-000305","HEB 11:32","source:0002","accepted"
"mnt-2835","person-000306","ACT 3:24","source:0002","accepted"
"mnt-2836","person-000306","ACT 13:20","source:0002","accepted"
"mnt-2837","person-000306","HEB 11:32","source:0002","accepted"
"mnt-2838","person-000307","ACT 5:1","source:0002","accepted"
"mnt-2839","person-000308","ROM 4:19","source:0002","accepted"
"mnt-2840","person-000308","ROM 9:9","source:0002","accepted"
"mnt-2841","person-000308","HEB 11:11","source:0002","accepted"
"mnt-2842","person-000308","1PE 3:6","source:0002","accepted"
"mnt-2843","person-000309","ACT 13:21","source:0002","accepted"
"mnt-2844","person-000310","ACT 19:14","source:0002","accepted"
"mnt-2845","person-000311","ACT 20:4","source:0002","accepted"
"mnt-2846","person-000312","LUK 3:26","source:0002","accepted"
"mnt-2847","person-000313","ACT 13:7","source:0002","accepted"
"mnt-2848","person-000314","LUK 3:35","source:0002","accepted"
"mnt-2849","person-000315","LUK 3:38","source:0002","accepted"
"mnt-2850","person-000316","MAT 1:12","source:0002","accepted"
"mnt-2851","person-000317","LUK 3:27","source:0002","accepted"
"mnt-2852","person-000318","LUK 3:35","source:0002","accepted"
"mnt-2853","person-000319","LUK 3:36","source:0002","accepted"
"mnt-2854","person-000320","ACT 15:22","source:0002","accepted"
"mnt-2855","person-000320","ACT 15:27","source:0002","accepted"
"mnt-2856","person-000320","ACT 15:32","source:0002","accepted"
"mnt-2857","person-000320","ACT 15:40","source:0002","accepted"
"mnt-2858","person-000320","ACT 16:19","source:0002","accepted"
"mnt-2859","person-000320","ACT 16:25","source:0002","accepted"
"mnt-2860","person-000320","ACT 16:29","source:0002","accepted"
"mnt-2861","person-000320","ACT 17:4","source:0002","accepted"
"mnt-2862","person-000320","ACT 17:10","source:0002","accepted"
"mnt-2863","person-000320","ACT 17:14","source:0002","accepted"
"mnt-2864","person-000320","ACT 17:15","source:0002","accepted"
"mnt-2865","person-000320","ACT 18:5","source:0002","accepted"
"mnt-2866","person-000320","ACT 15:34","source:0002","excluded"
"mnt-2867","person-000320","2CO 1:19","source:0002","accepted"
"mnt-2868","person-000320","1TH 1:1","source:0002","accepted"
"mnt-2869","person-000320","2TH 1:1","source:0002","accepted"
"mnt-2870","person-000320","1PE 5:12","source:0002","accepted"
"mnt-2871","person-000321","ACT 13:1","source:0002","accepted"
"mnt-2872","person-000322","REV 7:7","source:0002","accepted"
"mnt-2873","person-000323","LUK 2:25","source:0002","accepted"
"mnt-2874","person-000323","LUK 2:34","source:0002","accepted"
"mnt-2875","person-000324","LUK 3:30","source:0002","accepted"
"mnt-2876","person-000325","ACT 8:13","source:0002","accepted"
"mnt-2877","person-000375","ACT 9:43","source:0002","accepted"
"mnt-2878","person-000375","ACT 10:6","source:0002","accepted"
"mnt-2879","person-000375","ACT 10:17","source:0002","accepted"
"mnt-2880","person-000375","ACT 10:32","source:0002","accepted"
"mnt-2881","person-000326","ACT 8:9","source:0002","accepted"
"mnt-2882","person-000326","ACT 8:13","source:0002","accepted"
"mnt-2883","person-000326","ACT 8:18","source:0002","accepted"
"mnt-2884","person-000326","ACT 8:24","source:0002","accepted"
"mnt-2885","person-000327","JHN 6:71","source:0002","accepted"
"mnt-2886","person-000327","JHN 12:4","source:0002","accepted"
"mnt-2887","person-000327","JHN 13:2","source:0002","accepted"
"mnt-2888","person-000327","JHN 13:26","source:0002","accepted"
"mnt-2889","person-000328","MAT 10:4","source:0002","accepted"
"mnt-2890","person-000328","MRK 3:18","source:0002","accepted"
"mnt-2891","person-000328","LUK 6:15","source:0002","accepted"
"mnt-2892","person-000328","ACT 1:13","source:0002","accepted"
"mnt-2893","person-000329","MAT 13:55","source:0002","accepted"
"mnt-2894","person-000329","MRK 6:3","source:0002","accepted"
"mnt-2895","person-000330","MAT 26:6","source:0002","accepted"
"mnt-2896","person-000330","MRK 14:3","source:0002","accepted"
"mnt-2897","person-000376","LUK 7:40","source:0002","accepted"
"mnt-2898","person-000376","LUK 7:43","source:0002","accepted"
"mnt-2899","person-000376","LUK 7:44","source:0002","accepted"
"mnt-2900","person-000331","MAT 27:32","source:0002","accepted"
"mnt-2901","person-000331","MRK 15:21","source:0002","accepted"
"mnt-2902","person-000331","LUK 23:26","source:0002","accepted"
"mnt-2903","person-000332","MAT 1:6","source:0002","accepted"
"mnt-2904","person-000332","MAT 1:7","source:0002","accepted"
"mnt-2905","person-000332","MAT 6:29","source:0002","accepted"
"mnt-2906","person-000332","MAT 12:42","source:0002","accepted"
"mnt-2907","person-000332","LUK 11:31","source:0002","accepted"
"mnt-2908","person-000332","LUK 12:27","source:0002","accepted"
"mnt-2909","person-000332","JHN 10:23","source:0002","accepted"
"mnt-2910","person-000332","ACT 7:47","source:0002","accepted"
"mnt-2911","person-000333","ACT 20:4","source:0002","accepted"
"mnt-2912","person-000372","ROM 16:21","source:0002","accepted"
"mnt-2913","person-000334","ACT 18:17","source:0002","accepted"
"mnt-2914","person-000334","1CO 1:1","source:0002","accepted"
"mnt-2915","person-000335","ROM 16:9","source:0002","accepted"
"mnt-2916","person-000336","1CO 1:16","source:0002","accepted"
"mnt-2917","person-000336","1CO 16:15","source:0002","accepted"
"mnt-2918","person-000336","1CO 16:17","source:0002","accepted"
"mnt-2919","person-000336","1CO 16:24","source:0002","accepted"
"mnt-2920","person-000337","ACT 6:5","source:0002","accepted"
"mnt-2921","person-000337","ACT 6:8","source:0002","accepted"
"mnt-2922","person-000337","ACT 6:9","source:0002","accepted"
"mnt-2923","person-000337","ACT 7:59","source:0002","accepted"
"mnt-2924","person-000337","ACT 8:2","source:0002","accepted"
"mnt-2925","person-000337","ACT 11:19","source:0002","accepted"
"mnt-2926","person-000337","ACT 22:20","source:0002","accepted"
"mnt-2927","person-000338","LUK 8:3","source:0002","accepted"
"mnt-2928","person-000339","PHP 4:2","source:0002","accepted"
"mnt-2929","person-000340","ACT 9:36","source:0002","accepted"
"mnt-2930","person-000340","ACT 9:40","source:0002","accepted"
"mnt-2931","person-000340","ACT 9:39","source:0002","accepted"
"mnt-2932","person-000341","MAT 1:3","source:0002","accepted"
"mnt-2933","person-000342","LUK 3:34","source:0002","accepted"
"mnt-2934","person-000343","ROM 16:22","source:0002","accepted"
"mnt-2935","person-000344","ACT 24:1","source:0002","accepted"
"mnt-2936","person-000344","ACT 24:2","source:0002","accepted"
"mnt-2937","person-000345","LUK 1:3","source:0002","accepted"
"mnt-2938","person-000345","ACT 1:1","source:0002","accepted"
"mnt-2939","person-000346","ACT 5:36","source:0002","accepted"
"mnt-2940","person-000347","MAT 10:3","source:0002","accepted"
"mnt-2941","person-000347","MRK 3:18","source:0002","accepted"
"mnt-2942","person-000347","LUK 6:15","source:0002","accepted"
"mnt-2943","person-000347","JHN 11:16","source:0002","accepted"
"mnt-2944","person-000347","JHN 14:5","source:0002","accepted"
"mnt-2945","person-000347","JHN 20:24","source:0002","accepted"
"mnt-2946","person-000347","JHN 20:26","source:0002","accepted"
"mnt-2947","person-000347","JHN 20:27","source:0002","accepted"
"mnt-2948","person-000347","JHN 20:28","source:0002","accepted"
"mnt-2949","person-000347","JHN 21:2","source:0002","accepted"
"mnt-2950","person-000347","ACT 1:13","source:0002","accepted"
"mnt-2951","person-000347","JHN 20:29","source:0002","accepted"
"mnt-2952","person-000348","LUK 3:1","source:0002","accepted"
"mnt-2953","person-000348","MAT 22:17","source:0002","accepted"
"mnt-2954","person-000348","MAT 22:21","source:0002","accepted"
"mnt-2955","person-000348","MRK 12:14","source:0002","accepted"
"mnt-2956","person-000348","MRK 12:16","source:0002","accepted"
"mnt-2957","person-000348","MRK 12:17","source:0002","accepted"
"mnt-2958","person-000348","LUK 20:22","source:0002","accepted"
"mnt-2959","person-000348","LUK 20:24","source:0002","accepted"
"mnt-2960","person-000348","LUK 20:25","source:0002","accepted"
"mnt-2961","person-000348","LUK 23:2","source:0002","accepted"
"mnt-2962","person-000348","JHN 19:12","source:0002","accepted"
"mnt-2963","person-000348","JHN 19:15","source:0002","accepted"
"mnt-2964","person-000349","MRK 10:46","source:0002","accepted"
"mnt-2965","person-000350","ACT 6:5","source:0002","accepted"
"mnt-2966","person-000351","ACT 16:1","source:0002","accepted"
"mnt-2967","person-000351","ACT 17:14","source:0002","accepted"
"mnt-2968","person-000351","ACT 17:15","source:0002","accepted"
"mnt-2969","person-000351","ACT 18:5","source:0002","accepted"
"mnt-2970","person-000351","ACT 19:22","source:0002","accepted"
"mnt-2971","person-000351","ACT 20:4","source:0002","accepted"
"mnt-2972","person-000351","ROM 16:21","source:0002","accepted"
"mnt-2973","person-000351","1CO 4:17","source:0002","accepted"
"mnt-2974","person-000351","1CO 16:10","source:0002","accepted"
"mnt-2975","person-000351","2CO 1:19","source:0002","accepted"
"mnt-2976","person-000351","PHP 1:1","source:0002","accepted"
"mnt-2977","person-000351","PHP 2:19","source:0002","accepted"
"mnt-2978","person-000351","COL 1:1","source:0002","accepted"
"mnt-2979","person-000351","1TH 1:1","source:0002","accepted"
"mnt-2980","person-000351","1TH 3:2","source:0002","accepted"
"mnt-2981","person-000351","1TH 3:6","source:0002","accepted"
"mnt-2982","person-000351","2TH 1:1","source:0002","accepted"
"mnt-2983","person-000351","1CO 16:24","source:0002","accepted"
"mnt-2984","person-000351","2TI 4:22","source:0002","accepted"
"mnt-2985","person-000351","2CO 1:1","source:0002","accepted"
"mnt-2986","person-000351","1TI 1:2","source:0002","accepted"
"mnt-2987","person-000351","1TI 1:18","source:0002","accepted"
"mnt-2988","person-000351","1TI 6:20","source:0002","accepted"
"mnt-2989","person-000351","2TI 1:2","source:0002","accepted"
"mnt-2990","person-000351","PHM 1:1","source:0002","accepted"
"mnt-2991","person-000351","HEB 13:23","source:0002","accepted"
"mnt-2992","person-000351","1TI 6:21","source:0002","accepted"
"mnt-2993","person-000351","HEB 13:25","source:0002","accepted"
"mnt-2994","person-000352","2CO 2:13","source:0002","accepted"
"mnt-2995","person-000352","2CO 7:6","source:0002","accepted"
"mnt-2996","person-000352","2CO 7:13","source:0002","accepted"
"mnt-2997","person-000352","2CO 7:14","source:0002","accepted"
"mnt-2998","person-000352","2CO 8:6","source:0002","accepted"
"mnt-2999","person-000352","2CO 8:16","source:0002","accepted"
"mnt-3000","person-000352","2CO 8:23","source:0002","accepted"
"mnt-3001","person-000352","2CO 12:18","source:0002","accepted"
"mnt-3002","person-000352","GAL 2:1","source:0002","accepted"
"mnt-3003","person-000352","GAL 2:3","source:0002","accepted"
"mnt-3004","person-000352","2TI 4:10","source:0002","accepted"
"mnt-3005","person-000352","TIT 1:4","source:0002","accepted"
"mnt-3006","person-000352","2CO 13:13","source:0002","accepted"
"mnt-3007","person-000352","2CO 13:14","source:0002","excluded"
"mnt-3008","person-000352","TIT 3:15","source:0002","accepted"
"mnt-3009","person-000353","ACT 20:4","source:0002","accepted"
"mnt-3010","person-000353","ACT 21:29","source:0002","accepted"
"mnt-3011","person-000353","2TI 4:20","source:0002","accepted"
"mnt-3012","person-000354","ROM 16:12","source:0002","accepted"
"mnt-3013","person-000355","ROM 16:12","source:0002","accepted"
"mnt-3014","person-000356","ACT 20:4","source:0002","accepted"
"mnt-3015","person-000356","EPH 6:21","source:0002","accepted"
"mnt-3016","person-000356","COL 4:7","source:0002","accepted"
"mnt-3017","person-000356","2TI 4:12","source:0002","accepted"
"mnt-3018","person-000356","TIT 3:12","source:0002","accepted"
"mnt-3019","person-000356","EPH 6:24","source:0002","accepted"
"mnt-3020","person-000356","COL 4:18","source:0002","accepted"
"mnt-3021","person-000357","ACT 19:9","source:0002","accepted"
"mnt-3022","person-000358","ROM 16:9","source:0002","accepted"
"mnt-3023","person-000359","MAT 1:6","source:0002","accepted"
"mnt-3024","person-000360","MAT 1:8","source:0002","accepted"
"mnt-3025","person-000360","MAT 1:9","source:0002","accepted"
"mnt-3026","person-000361","LUK 19:2","source:0002","accepted"
"mnt-3027","person-000361","LUK 19:5","source:0002","accepted"
"mnt-3028","person-000361","LUK 19:8","source:0002","accepted"
"mnt-3029","person-000362","MAT 1:14","source:0002","accepted"
"mnt-3030","person-000363","MAT 4:21","source:0002","accepted"
"mnt-3031","person-000363","MAT 10:2","source:0002","accepted"
"mnt-3032","person-000363","MAT 20:20","source:0002","accepted"
"mnt-3033","person-000363","MAT 26:37","source:0002","accepted"
"mnt-3034","person-000363","MAT 27:56","source:0002","accepted"
"mnt-3035","person-000363","MRK 1:19","source:0002","accepted"
"mnt-3036","person-000363","MRK 1:20","source:0002","accepted"
"mnt-3037","person-000363","MRK 3:17","source:0002","accepted"
"mnt-3038","person-000363","MRK 10:35","source:0002","accepted"
"mnt-3039","person-000363","LUK 5:10","source:0002","accepted"
"mnt-3040","person-000363","JHN 21:2","source:0002","accepted"
"mnt-3041","person-000365","MAT 23:35","source:0002","accepted"
"mnt-3042","person-000365","LUK 11:51","source:0002","accepted"
"mnt-3043","person-000366","LUK 1:5","source:0002","accepted"
"mnt-3044","person-000366","LUK 1:12","source:0002","accepted"
"mnt-3045","person-000366","LUK 1:13","source:0002","accepted"
"mnt-3046","person-000366","LUK 1:18","source:0002","accepted"
"mnt-3047","person-000366","LUK 1:21","source:0002","accepted"
"mnt-3048","person-000366","LUK 1:40","source:0002","accepted"
"mnt-3049","person-000366","LUK 1:59","source:0002","accepted"
"mnt-3050","person-000366","LUK 1:67","source:0002","accepted"
"mnt-3051","person-000366","LUK 3:2","source:0002","accepted"
"mnt-3052","person-000367","TIT 3:13","source:0002","accepted"
"mnt-3053","person-000368","MAT 1:3","source:0002","accepted"
"mnt-3054","person-000369","MAT 1:12","source:0002","accepted"
"mnt-3055","person-000369","MAT 1:13","source:0002","accepted"
"mnt-3056","person-000370","LUK 3:27","source:0002","accepted"