name_id,person_id,name_text,language,source_scope,status
"name-0001","person-000001","Aaron","en","canonical","accepted"
"name-0002","person-000001","אַהֲרֹן","hbo","canonical","accepted"
"name-0003","person-000001","Ἀαρών","grc","alias","accepted"
"name-0004","person-000002","Abel","en","canonical","accepted"
"name-0005","person-000002","הֶ֫בֶל","hbo","canonical","accepted"
"name-0006","person-000002","Ἄβελ","grc","alias","accepted"
"name-0007","person-000003","Abiathar","en","canonical","accepted"
"name-0008","person-000003","אֶבְיָתָר","hbo","canonical","accepted"
"name-0009","person-000003","Ἀβιαθάρ","grc","alias","accepted"
"name-0010","person-000004","Abijah","en","canonical","accepted"
"name-0011","person-000004","אֲבִיָּה","hbo","canonical","accepted"
"name-0012","person-000004","Ἀβιά","grc","alias","accepted"
"name-0013","person-000005","Abijah","en","canonical","accepted"
"name-0014","person-000005","אֲבִיָּה","hbo","canonical","accepted"
"name-0015","person-000005","אֲבִיָּ֫הוּ","hbo","variant","accepted"
"name-0016","person-000005","אֲבִיָּם","hbo","canonical","accepted"
"name-0017","person-000005","Ἀβιά","grc","alias","accepted"
"name-0018","person-000006","Abiud","en","canonical","accepted"
"name-0019","person-000006","Ἀβιούδ","grc","canonical","accepted"
"name-0020","person-000007","Abraham","en","canonical","accepted"
"name-0021","person-000007","אַבְרָהָם","hbo","canonical","accepted"
"name-0022","person-000007","אַבְרָם","hbo","canonical","accepted"
"name-0023","person-000007","Ἀβραάμ","grc","alias","accepted"
"name-0024","person-000008","Achaicus","en","canonical","accepted"
"name-0025","person-000008","Ἀχαϊκός","grc","canonical","accepted"
"name-0026","person-000009","Achim","en","canonical","accepted"
"name-0027","person-000009","Ἀχείμ","grc","canonical","accepted"
"name-0028","person-000010","Adam","en","canonical","accepted"
"name-0029","person-000010","אָדָם","hbo","canonical","accepted"
"name-0030","person-000010","הָאָדָם","hbo","variant","accepted"
"name-0031","person-000010","Ἀδάμ","grc","alias","accepted"
"name-0032","person-000011","Addi","en","canonical","accepted"
"name-0033","person-000011","Ἀδδί","grc","canonical","accepted"
"name-0034","person-000012","Aeneas","en","canonical","accepted"
"name-0035","person-000012","Αἰνέας","grc","canonical","accepted"
"name-0036","person-000013","Agabus","en","canonical","accepted"
"name-0037","person-000013","Ἄγαβος","grc","canonical","accepted"
"name-0038","person-000014","Agrippa","en","canonical","accepted"
"name-0039","person-000014","Ἀγρίππας","grc","canonical","accepted"
"name-0040","person-000015","Ahaz","en","canonical","accepted"
"name-0041","person-000015","אָחָז","hbo","canonical","accepted"
"name-0042","person-000015","Ἀχάζ","grc","alias","accepted"
"name-0043","person-000016","Alexander","en","canonical","accepted"
"name-0044","person-000016","Ἀλέξανδρος","grc","canonical","accepted"
"name-0045","person-000373","Alexander","en","canonical","accepted"
"name-0046","person-000373","Ἀλέξανδρος","grc","canonical","accepted"
"name-0047","person-000017","Alexander","en","canonical","accepted"
"name-0048","person-000017","Ἀλέξανδρος","grc","canonical","accepted"
"name-0049","person-000018","Alexander","en","canonical","accepted"
"name-0050","person-000018","Ἀλέξανδρος","grc","canonical","accepted"
"name-0051","person-000019","Alexander","en","canonical","accepted"
"name-0052","person-000019","Ἀλέξανδρος","grc","canonical","accepted"
"name-0053","person-000020","Alphaeus","en","canonical","accepted"
"name-0054","person-000020","Ἀλφαῖος","grc","canonical","accepted"
"name-0055","person-000020","Κλεόπας","grc","canonical","accepted"
"name-0056","person-000020","Κλωπᾶς","grc","variant","accepted"
"name-0057","person-000021","Amminadab","en","canonical","accepted"
"name-0058","person-000021","עַמִּינָדָב","hbo","canonical","accepted"
"name-0059","person-000021","Ἀμιναδάβ","grc","alias","accepted"
"name-0060","person-000022","Amon","en","canonical","accepted"
"name-0061","person-000022","אָמוֹן","hbo","canonical","accepted"
"name-0062","person-000022","Ἀμών","grc","alias","accepted"
"name-0063","person-000022","Ἀμώς","grc","variant","accepted"
"name-0064","person-000023","Amos","en","canonical","accepted"
"name-0065","person-000023","Ἀμώς","grc","canonical","accepted"
"name-0066","person-000024","Ampliatus","en","canonical","accepted"
"name-0067","person-000024","Ἀμπλίας","grc","canonical","accepted"
"name-0068","person-000025","Ananias","en","canonical","accepted"
"name-0069","person-000025","Ἀνανίας","grc","canonical","accepted"
"name-0070","person-000026","Ananias","en","canonical","accepted"
"name-0071","person-000026","Ἀνανίας","grc","canonical","accepted"
"name-0072","person-000027","Ananias","en","canonical","accepted"
"name-0073","person-000027","Ἀνανίας","grc","canonical","accepted"
"name-0074","person-000028","Andrew","en","canonical","accepted"
"name-0075","person-000028","Ἀνδρέας","grc","canonical","accepted"
"name-0076","person-000029","Andronicus","en","canonical","accepted"
"name-0077","person-000029","Ἀνδρόνικος","grc","canonical","accepted"
"name-0078","person-000030","Anna","en","canonical","accepted"
"name-0079","person-000030","Ἄννα","grc","canonical","accepted"
"name-0080","person-000031","Annas","en","canonical","accepted"
"name-0081","person-000031","Ἄννας","grc","canonical","accepted"
"name-0082","person-000032","Antipas","en","canonical","accepted"
"name-0083","person-000032","Ἀντίπας","grc","canonical","accepted"
"name-0084","person-000033","Apelles","en","canonical","accepted"
"name-0085","person-000033","Ἀπελλῆς","grc","canonical","accepted"
"name-0086","person-000034","Apollos","en","canonical","accepted"
"name-0087","person-000034","Ἀπολλῶς","grc","canonical","accepted"
"name-0088","person-000035","Apphia","en","canonical","accepted"
"name-0089","person-000035","Ἀπφία","grc","canonical","accepted"
"name-0090","person-000036","Aquila","en","canonical","accepted"
"name-0091","person-000036","Ἀκύλας","grc","canonical","accepted"
"name-0092","person-000037","Archelaus","en","canonical","accepted"
"name-0093","person-000037","Ἀρχέλαος","grc","canonical","accepted"
"name-0094","person-000038","Archippus","en","canonical","accepted"
"name-0095","person-000038","Ἄρχιππος","grc","canonical","accepted"
"name-0096","person-000039","Aretas","en","canonical","accepted"
"name-0097","person-000039","Ἀρέτας","grc","canonical","accepted"
"name-0098","person-000040","Aristarchus","en","canonical","accepted"
"name-0099","person-000040","Ἀρίσταρχος","grc","canonical","accepted"
"name-0100","person-000041","Aristobulus","en","canonical","accepted"
"name-0101","person-000041","Ἀριστόβουλος","grc","canonical","accepted"
"name-0102","person-000042","Arpachshad","en","canonical","accepted"
"name-0103","person-000042","אַרְפַּכְשַׁד","hbo","canonical","accepted"
"name-0104","person-000042","Ἀρφαξάδ","grc","alias","accepted"
"name-0105","person-000043","Artemas","en","canonical","accepted"
"name-0106","person-000043","Ἀρτεμάς","grc","canonical","accepted"
"name-0107","person-000044","Asa","en","canonical","accepted"
"name-0108","person-000044","אָסָא","hbo","canonical","accepted"
"name-0109","person-000044","Ἀσά","grc","alias","accepted"
"name-0110","person-000045","Asher","en","canonical","accepted"
"name-0111","person-000045","אָשֵׁר","hbo","canonical","accepted"
"name-0112","person-000045","Ἀσήρ","grc","alias","accepted"
"name-0113","person-000046","Asyncritus","en","canonical","accepted"
"name-0114","person-000046","Ἀσύγκριτος","grc","canonical","accepted"
"name-0115","person-000047","Augustus","en","canonical","accepted"
"name-0116","person-000047","Αὔγουστος","grc","canonical","accepted"
"name-0117","person-000047","σεβαστός","grc","variant","accepted"
"name-0118","person-000047","Καῖσαρ","grc","canonical","accepted"
"name-0119","person-000048","Azor","en","canonical","accepted"
"name-0120","person-000048","Ἀζώρ","grc","canonical","accepted"
"name-0121","person-000049","Balaam","en","canonical","accepted"
"name-0122","person-000049","בִּלְעָם","hbo","canonical","accepted"
"name-0123","person-000049","Βαλαάμ","grc","alias","accepted"
"name-0124","person-000050","Balak","en","canonical","accepted"
"name-0125","person-000050","בָּלָק","hbo","canonical","accepted"
"name-0126","person-000050","Βαλάκ","grc","alias","accepted"
"name-0127","person-000051","Barabbas","en","canonical","accepted"
"name-0128","person-000051","Βαραββᾶς","grc","canonical","accepted"
"name-0129","person-000051","Ἰησοῦς","grc","canonical","accepted"
"name-0130","person-000052","Barak","en","canonical","accepted"
"name-0131","person-000052","בָּרָק","hbo","canonical","accepted"
"name-0132","person-000052","בְּדָן","hbo","variant","accepted"
"name-0133","person-000052","Βαράκ","grc","alias","accepted"
"name-0134","person-000053","Bar-jesus","en","canonical","accepted"
"name-0135","person-000053","Βαριησοῦς","grc","canonical","accepted"
"name-0136","person-000053","Ἐλύμας","grc","canonical","accepted"
"name-0137","person-000054","Barnabas","en","canonical","accepted"
"name-0138","person-000054","Βαρνάβας","grc","canonical","accepted"
"name-0139","person-000054","Ἰωσήφ","grc","canonical","accepted"
"name-0140","person-000054","Ἰωσῆς","grc","variant","accepted"
"name-0141","person-000055","Bartholomew","en","canonical","accepted"
"name-0142","person-000055","Βαρθολομαῖος","grc","canonical","accepted"
"name-0143","person-000056","Bartimaeus","en","canonical","accepted"
"name-0144","person-000056","Βαρτιμαῖος","grc","canonical","accepted"
"name-0145","person-000057","Benjamin","en","canonical","accepted"
"name-0146","person-000057","בִּנְיָמִין","hbo","canonical","accepted"
"name-0147","person-000057","בֶּן־אוֹנִ֑י","hbo","canonical","accepted"
"name-0148","person-000057","יָמִין","hbo","canonical","accepted"
"name-0149","person-000057","יְמִינִי","hbo","variant","accepted"
"name-0150","person-000057","יָֽמִינִי","hbo","variant","accepted"
"name-0151","person-000057","Βενιαμίν","grc","alias","accepted"
"name-0152","person-000058","Beor","en","canonical","accepted"
"name-0153","person-000058","בְּעוֹר","hbo","canonical","accepted"
"name-0154","person-000058","Βοσόρ, Βεώρ","grc","alias","accepted"
"name-0155","person-000059","Bernice","en","canonical","accepted"
"name-0156","person-000059","Βερνίκη","grc","canonical","accepted"
"name-0157","person-000060","Blastus","en","canonical","accepted"
"name-0158","person-000060","Βλάστος","grc","canonical","accepted"
"name-0159","person-000061","Boaz","en","canonical","accepted"
"name-0160","person-000061","בֹּ֫עַז","hbo","canonical","accepted"
"name-0161","person-000061","Βοόζ","grc","alias","accepted"
"name-0162","person-000062","Caiaphas","en","canonical","accepted"
"name-0163","person-000062","Καϊάφας","grc","canonical","accepted"
"name-0164","person-000063","Cain","en","canonical","accepted"
"name-0165","person-000063","קַ֫יִן","hbo","canonical","accepted"
"name-0166","person-000063","Κάϊν","grc","alias","accepted"
"name-0167","person-000064","Cainan","en","canonical","accepted"
"name-0168","person-000064","Καϊνάν, Καϊνάμ","grc","canonical","accepted"
"name-0169","person-000065","Carpus","en","canonical","accepted"
"name-0170","person-000065","Κάρπος","grc","canonical","accepted"
"name-0171","person-000066","Chloe","en","canonical","accepted"
"name-0172","person-000066","Χλόη","grc","canonical","accepted"
"name-0173","person-000067","Chuza","en","canonical","accepted"
"name-0174","person-000067","Χουζᾶς","grc","canonical","accepted"
"name-0175","person-000068","Claudia","en","canonical","accepted"
"name-0176","person-000068","Κλαυδία","grc","canonical","accepted"
"name-0177","person-000069","Claudius","en","canonical","accepted"
"name-0178","person-000069","Κλαύδιος","grc","canonical","accepted"
"name-0179","person-000069","Καῖσαρ","grc","canonical","accepted"
"name-0180","person-000070","Clement","en","canonical","accepted"
"name-0181","person-000070","Κλήμης","grc","canonical","accepted"
"name-0182","person-000071","Cornelius","en","canonical","accepted"
"name-0183","person-000071","Κορνήλιος","grc","canonical","accepted"
"name-0184","person-000072","Cosam","en","canonical","accepted"
"name-0185","person-000072","Κωσάμ","grc","canonical","accepted"
"name-0186","person-000073","Crescens","en","canonical","accepted"
"name-0187","person-000073","Κρήσκης","grc","canonical","accepted"
"name-0188","person-000074","Crispus","en","canonical","accepted"
"name-0189","person-000074","Κρίσπος","grc","canonical","accepted"
"name-0190","person-000075","Damaris","en","canonical","accepted"
"name-0191","person-000075","Δάμαρις","grc","canonical","accepted"
"name-0192","person-000076","Daniel","en","canonical","accepted"
"name-0193","person-000076","דָּנִיֵּאל, דָּנִאֵל","hbo","canonical","accepted"
"name-0194","person-000076","בֵּלְטְשַׁאצַּר","hbo","canonical","accepted"
"name-0195","person-000076","Δανιήλ","grc","alias","accepted"
"name-0196","person-000077","David","en","canonical","accepted"
"name-0197","person-000077","דָּוִד","hbo","canonical","accepted"
"name-0198","person-000077","Δαυείδ, Δαυίδ, Δαβίδ","grc","alias","accepted"
"name-0199","person-000078","Demas","en","canonical","accepted"
"name-0200","person-000078","Δημᾶς","grc","canonical","accepted"
"name-0201","person-000079","Demetrius","en","canonical","accepted"
"name-0202","person-000079","Δημήτριος","grc","canonical","accepted"
"name-0203","person-000371","Demetrius","en","canonical","accepted"
"name-0204","person-000371","Δημήτριος","grc","canonical","accepted"
"name-0205","person-000080","Dionysius","en","canonical","accepted"
"name-0206","person-000080","Διονύσιος","grc","canonical","accepted"
"name-0207","person-000081","Diotrephes","en","canonical","accepted"
"name-0208","person-000081","Διοτρεφής","grc","canonical","accepted"
"name-0209","person-000082","Drusilla","en","canonical","accepted"
"name-0210","person-000082","Δρούσιλλα","grc","canonical","accepted"
"name-0211","person-000083","Eber","en","canonical","accepted"
"name-0212","person-000083","עֵ֫בֶר","hbo","canonical","accepted"
"name-0213","person-000083","Ἐβέρ","grc","alias","accepted"
"name-0214","person-000084","Eleazar","en","canonical","accepted"
"name-0215","person-000084","Ἐλεάζαρ","grc","canonical","accepted"
"name-0216","person-000085","Eliakim","en","canonical","accepted"
"name-0217","person-000085","Ἐλιακείμ","grc","canonical","accepted"
"name-0218","person-000086","Eliakim","en","canonical","accepted"
"name-0219","person-000086","Ἐλιακείμ","grc","canonical","accepted"
"name-0220","person-000087","Eliezer","en","canonical","accepted"
"name-0221","person-000087","Ἐλιέζερ","grc","canonical","accepted"
"name-0222","person-000088","Elijah","en","canonical","accepted"
"name-0223","person-000088","אֵלִיָּה","hbo","canonical","accepted"
"name-0224","person-000088","Ἡλίας","grc","alias","accepted"
"name-0225","person-000089","Elisha","en","canonical","accepted"
"name-0226","person-000089","אֱלִישָׁע","hbo","canonical","accepted"
"name-0227","person-000089","Ἐλισσαῖος","grc","alias","accepted"
"name-0228","person-000090","Eliud","en","canonical","accepted"
"name-0229","person-000090","Ἐλιούδ","grc","canonical","accepted"
"name-0230","person-000091","Elizabeth","en","canonical","accepted"
"name-0231","person-000091","Ἐλισάβετ","grc","canonical","accepted"
"name-0232","person-000092","Elmadam","en","canonical","accepted"
"name-0233","person-000092","Ἐλμωδάμ","grc","canonical","accepted"
"name-0234","person-000093","Enoch","en","canonical","accepted"
"name-0235","person-000093","חֲנוֹךְ","hbo","canonical","accepted"
"name-0236","person-000093","Ἐνώχ","grc","alias","accepted"
"name-0237","person-000094","Enosh","en","canonical","accepted"
"name-0238","person-000094","אֱנוֹשׁ","hbo","canonical","accepted"
"name-0239","person-000094","Ἐνώς","grc","alias","accepted"
"name-0240","person-000095","Epaenetus","en","canonical","accepted"
"name-0241","person-000095","Ἐπαίνετος","grc","canonical","accepted"
"name-0242","person-000096","Epaphras","en","canonical","accepted"
"name-0243","person-000096","Ἐπαφρᾶς","grc","canonical","accepted"
"name-0244","person-000097","Epaphroditus","en","canonical","accepted"
"name-0245","person-000097","Ἐπαφρόδιτος","grc","canonical","accepted"
"name-0246","person-000098","Er","en","canonical","accepted"
"name-0247","person-000098","Ἤρ","grc","canonical","accepted"
"name-0248","person-000099","Erastus","en","canonical","accepted"
"name-0249","person-000099","Ἔραστος","grc","canonical","accepted"
"name-0250","person-000100","Esau","en","canonical","accepted"
"name-0251","person-000100","עֵשָׂו","hbo","canonical","accepted"
"name-0252","person-000100","Ἠσαῦ","grc","alias","accepted"
"name-0253","person-000100","אֱדוֹם","hbo","canonical","accepted"
"name-0254","person-000101","Esli","en","canonical","accepted"
"name-0255","person-000101","Ἐσλί","grc","canonical","accepted"
"name-0256","person-000102","Eubulus","en","canonical","accepted"
"name-0257","person-000102","Εὔβουλος","grc","canonical","accepted"
"name-0258","person-000103","Eunice","en","canonical","accepted"
"name-0259","person-000103","Εὐνίκη","grc","canonical","accepted"
"name-0260","person-000104","Euodia","en","canonical","accepted"
"name-0261","person-000104","Εὐοδία","grc","canonical","accepted"
"name-0262","person-000105","Eutychus","en","canonical","accepted"
"name-0263","person-000105","Εὔτυχος","grc","canonical","accepted"
"name-0264","person-000106","Eve","en","canonical","accepted"
"name-0265","person-000106","חַוָּה","hbo","canonical","accepted"
"name-0266","person-000106","Εὖα","grc","alias","accepted"
"name-0267","person-000107","Felix","en","canonical","accepted"
"name-0268","person-000107","Φῆλιξ","grc","canonical","accepted"
"name-0269","person-000108","Festus","en","canonical","accepted"
"name-0270","person-000108","Φῆστος","grc","canonical","accepted"
"name-0271","person-000108","Πόρκιος","grc","canonical","accepted"
"name-0272","person-000109","Fortunatus","en","canonical","accepted"
"name-0273","person-000109","Φορτουνᾶτος","grc","canonical","accepted"
"name-0274","person-000110","Gad","en","canonical","accepted"
"name-0275","person-000110","גָּד","hbo","canonical","accepted"
"name-0276","person-000110","גָּדִי","hbo","canonical","accepted"
"name-0277","person-000110","Γάδ","grc","alias","accepted"
"name-0278","person-000111","Gaius","en","canonical","accepted"
"name-0279","person-000111","Γάϊος","grc","canonical","accepted"
"name-0280","person-000112","Gaius","en","canonical","accepted"
"name-0281","person-000112","Γάϊος","grc","canonical","accepted"
"name-0282","person-000113","Gaius","en","canonical","accepted"
"name-0283","person-000113","Γάϊος","grc","canonical","accepted"
"name-0284","person-000114","Gaius","en","canonical","accepted"
"name-0285","person-000114","Γάϊος","grc","canonical","accepted"
"name-0286","person-000115","Gallio","en","canonical","accepted"
"name-0287","person-000115","Γαλλίων","grc","canonical","accepted"
"name-0288","person-000116","Gamaliel","en","canonical","accepted"
"name-0289","person-000116","Γαμαλιήλ","grc","canonical","accepted"
"name-0290","person-000117","Gideon","en","canonical","accepted"
"name-0291","person-000117","גִּדְעוֹן","hbo","canonical","accepted"
"name-0292","person-000117","יְרֻבַּ֫עַל","hbo","canonical","accepted"
"name-0293","person-000117","יְרֻבֶּשֶׁת","hbo","canonical","accepted"
"name-0294","person-000117","Γεδεών","grc","alias","accepted"
"name-0295","person-000118","Hagar","en","canonical","accepted"
"name-0296","person-000118","הָגָר","hbo","canonical","accepted"
"name-0297","person-000118","Ἄγαρ","grc","alias","accepted"
"name-0298","person-000119","Hamor","en","canonical","accepted"
"name-0299","person-000119","חֲמוֹר","hbo","canonical","accepted"
"name-0300","person-000119","Ἐμμόρ","grc","alias","accepted"
"name-0301","person-000120","Heli","en","canonical","accepted"
"name-0302","person-000120","Ἡλί","grc","canonical","accepted"
"name-0303","person-000121","Hermes","en","canonical","accepted"
"name-0304","person-000121","Ἑρμῆς","grc","canonical","accepted"
"name-0305","person-000121","Ἑρμᾶς","grc","variant","accepted"
"name-0306","person-000122","Hermas","en","canonical","accepted"
"name-0307","person-000122","Ἑρμᾶς","grc","canonical","accepted"
"name-0308","person-000122","Ἑρμῆς","grc","variant","accepted"
"name-0309","person-000123","Hermogenes","en","canonical","accepted"
"name-0310","person-000123","Ἑρμογένης","grc","canonical","accepted"
"name-0311","person-000124","Herod","en","canonical","accepted"
"name-0312","person-000124","Ἡρώδης","grc","canonical","accepted"
"name-0313","person-000125","Herod","en","canonical","accepted"
"name-0314","person-000125","Ἡρώδης","grc","canonical","accepted"
"name-0315","person-000126","Herod","en","canonical","accepted"
"name-0316","person-000126","Ἡρώδης","grc","canonical","accepted"
"name-0317","person-000127","Herodias","en","canonical","accepted"
"name-0318","person-000127","Ἡρωδιάς","grc","canonical","accepted"
"name-0319","person-000128","Herodion","en","canonical","accepted"
"name-0320","person-000128","Ἡρωδίων","grc","canonical","accepted"
"name-0321","person-000129","Hezekiah","en","canonical","accepted"
"name-0322","person-000129","חִזְקִיָּהוּ","hbo","canonical","accepted"
"name-0323","person-000129","יְחִזְקִיָּה","hbo","variant","accepted"
"name-0324","person-000129","Ἐζεκίας","grc","alias","accepted"
"name-0325","person-000131","Hosea","en","canonical","accepted"
"name-0326","person-000131","הוֹשֵׁעַ","hbo","canonical","accepted"
"name-0327","person-000131","Ὡσηέ","grc","alias","accepted"
"name-0328","person-000132","Hymenaeus","en","canonical","accepted"
"name-0329","person-000132","Ὑμεναῖος","grc","canonical","accepted"
"name-0330","person-000133","Isaac","en","canonical","accepted"
"name-0331","person-000133","יִצְחָק","hbo","canonical","accepted"
"name-0332","person-000133","יִשְׂחָק","hbo","variant","accepted"
"name-0333","person-000133","Ἰσαάκ","grc","alias","accepted"
"name-0334","person-000134","Isaiah","en","canonical","accepted"
"name-0335","person-000134","יְשַׁעְיָ֫הוּ","hbo","canonical","accepted"
"name-0336","person-000134","Ἡσαΐας","grc","alias","accepted"
"name-0337","person-000135","Israel","en","canonical","accepted"
"name-0338","person-000135","יִשְׂרָאֵל","hbo","canonical","accepted"
"name-0339","person-000135","יַעֲקֹב","hbo","canonical","accepted"
"name-0340","person-000135","יְשֻׁרוּן","hbo","canonical","accepted"
"name-0341","person-000135","Ἰακώβ","grc","canonical","accepted"
"name-0342","person-000137","Jacob","en","canonical","accepted"
"name-0343","person-000137","Ἰακώβ","grc","canonical","accepted"
"name-0344","person-000138","Jairus","en","canonical","accepted"
"name-0345","person-000138","Ἰάειρος","grc","canonical","accepted"
"name-0346","person-000139","Jambres","en","canonical","accepted"
"name-0347","person-000139","Ἰαμβρῆς","grc","canonical","accepted"
"name-0348","person-000140","James","en","canonical","accepted"
"name-0349","person-000140","Ἰάκωβος","grc","canonical","accepted"
"name-0350","person-000141","James","en","canonical","accepted"
"name-0351","person-000141","Ἰάκωβος","grc","canonical","accepted"
"name-0352","person-000142","James","en","canonical","accepted"
"name-0353","person-000142","Ἰάκωβος","grc","canonical","accepted"
"name-0354","person-000143","James","en","canonical","accepted"
"name-0355","person-000143","Ἰάκωβος","grc","canonical","accepted"
"name-0356","person-000144","Jannai","en","canonical","accepted"
"name-0357","person-000144","Ἰαννά","grc","canonical","accepted"
"name-0358","person-000145","Jannes","en","canonical","accepted"
"name-0359","person-000145","Ἰαννῆς","grc","canonical","accepted"
"name-0360","person-000146","Jared","en","canonical","accepted"
"name-0361","person-000146","יֶ֫רֶד","hbo","canonical","accepted"
"name-0362","person-000146","Ἰάρεδ","grc","alias","accepted"
"name-0363","person-000147","Jason","en","canonical","accepted"
"name-0364","person-000147","Ἰάσων","grc","canonical","accepted"
"name-0365","person-000149","Jehoiachin","en","canonical","accepted"
"name-0366","person-000149","יְהוֹיָכִין","hbo","canonical","accepted"
"name-0367","person-000149","יוֹיָכִין","hbo","variant","accepted"
"name-0368","person-000149","יְכוֹנְיָה","hbo","canonical","accepted"
"name-0369","person-000149","כׇּנְיָהוּ","hbo","canonical","accepted"
"name-0370","person-000149","שַׁלּוּם","hbo","canonical","accepted"
"name-0371","person-000149","Ἰεχονίας","grc","alias","accepted"
"name-0372","person-000150","Barachiah","en","canonical","accepted"
"name-0373","person-000150","יְהוֹיָדָע","hbo","canonical","accepted"
"name-0374","person-000150","Βαραχίας","grc","alias","accepted"
"name-0375","person-000151","Jehoram","en","canonical","accepted"
"name-0376","person-000151","יְהוֹרָם","hbo","canonical","accepted"
"name-0377","person-000151","יוֹרָם","hbo","canonical","accepted"
"name-0378","person-000151","Ἰωράμ","grc","alias","accepted"
"name-0379","person-000152","Jehoshaphat","en","canonical","accepted"
"name-0380","person-000152","יְהוֹשָׁפָט","hbo","canonical","accepted"
"name-0381","person-000152","Ἰωσαφάτ","grc","alias","accepted"
"name-0382","person-000153","Jephthah","en","canonical","accepted"
"name-0383","person-000153","יִפְתָּח","hbo","canonical","accepted"
"name-0384","person-000153","Ἰεφθάε","grc","alias","accepted"
"name-0385","person-000154","Jeremiah","en","canonical","accepted"
"name-0386","person-000154","יִרְמְיָ֫הוּ","hbo","canonical","accepted"
"name-0387","person-000154","Ἱερεμίας","grc","alias","accepted"
"name-0388","person-000155","Jesse","en","canonical","accepted"
"name-0389","person-000155","יִשַׁי","hbo","canonical","accepted"
"name-0390","person-000155","Ἰεσσαί","grc","alias","accepted"
"name-0391","person-000156","Jesus","en","canonical","accepted"
"name-0392","person-000156","Ἰησοῦς","grc","canonical","accepted"
"name-0393","person-000156","Χριστός","grc","canonical","accepted"
"name-0394","person-000156","עִמָּנוּאֵל","hbo","canonical","accepted"
"name-0395","person-000156","Ἐμμανουήλ","grc","alias","accepted"
"name-0396","person-000374","Jezebel","en","canonical","accepted"
"name-0397","person-000374","Ἰεζαβήλ","grc","alias","accepted"
"name-0398","person-000158","Joanan","en","canonical","accepted"
"name-0399","person-000158","Ἰωαννᾶς","grc","canonical","accepted"
"name-0400","person-000159","Joanna","en","canonical","accepted"
"name-0401","person-000159","Ἰωάννα, Ἰωανάν","grc","canonical","accepted"
"name-0402","person-000160","Job","en","canonical","accepted"
"name-0403","person-000160","אִיּוֹב","hbo","canonical","accepted"
"name-0404","person-000160","Ἰώβ","grc","alias","accepted"
"name-0405","person-000161","Joda","en","canonical","accepted"
"name-0406","person-000161","Ἰωδά","grc","canonical","accepted"
"name-0407","person-000161","Ἰούδα","grc","variant","accepted"
"name-0408","person-000162","Joel","en","canonical","accepted"
"name-0409","person-000162","יוֹאֵל","hbo","canonical","accepted"
"name-0410","person-000162","Ἰωήλ","grc","alias","accepted"
"name-0411","person-000163","John","en","canonical","accepted"
"name-0412","person-000163","Ἰωάννης","grc","canonical","accepted"
"name-0413","person-000164","John","en","canonical","accepted"
"name-0414","person-000164","Ἰωάννης","grc","canonical","accepted"
"name-0415","person-000164","Ἰωνᾶς","grc","variant","accepted"
"name-0416","person-000165","John","en","canonical","accepted"
"name-0417","person-000165","Ἰωάννης","grc","canonical","accepted"
"name-0418","person-000166","John","en","canonical","accepted"
"name-0419","person-000166","Ἰωάννης","grc","canonical","accepted"
"name-0420","person-000166","Βοανεργές","grc","canonical","accepted"
"name-0421","person-000167","Jonah","en","canonical","accepted"
"name-0422","person-000167","יוֹנָה","hbo","canonical","accepted"
"name-0423","person-000167","Ἰωνᾶς","grc","alias","accepted"
"name-0424","person-000168","Jonam","en","canonical","accepted"
"name-0425","person-000168","Ἰωνάν","grc","canonical","accepted"
"name-0426","person-000169","Jorim","en","canonical","accepted"
"name-0427","person-000169","Ἰωρείμ","grc","canonical","accepted"
"name-0428","person-000170","Josech","en","canonical","accepted"
"name-0429","person-000170","Ἰωσήχ","grc","canonical","accepted"
"name-0430","person-000170","Ἰωσήφ","grc","variant","accepted"
"name-0431","person-000171","Joseph","en","canonical","accepted"
"name-0432","person-000171","Ἰωσήφ","grc","canonical","accepted"
"name-0433","person-000171","Βαρσαβᾶς","grc","canonical","accepted"
"name-0434","person-000171","Ἰοῦστος","grc","canonical","accepted"
"name-0435","person-000172","Joseph","en","canonical","accepted"
"name-0436","person-000172","יוֹסֵף","hbo","canonical","accepted"
"name-0437","person-000172","יְהוֹסֵף","hbo","canonical","accepted"
"name-0438","person-000172","צָֽפְנַת פַּעְנֵחַ","hbo","canonical","accepted"
"name-0439","person-000172","Ἰωσήφ","grc","alias","accepted"
"name-0440","person-000173","Joseph","en","canonical","accepted"
"name-0441","person-000173","Ἰωσήφ","grc","canonical","accepted"
"name-0442","person-000174","Joseph","en","canonical","accepted"
"name-0443","person-000174","Ἰωσήφ","grc","canonical","accepted"
"name-0444","person-000175","Joseph","en","canonical","accepted"
"name-0445","person-000175","Ἰωσήφ","grc","canonical","accepted"
"name-0446","person-000176","Joseph","en","canonical","accepted"
"name-0447","person-000176","Ἰωσήφ","grc","canonical","accepted"
"name-0448","person-000177","Joses","en","canonical","accepted"
"name-0449","person-000177","Ἰωσῆς","grc","canonical","accepted"
"name-0450","person-000177","Ἰωσήφ","grc","canonical","accepted"
"name-0451","person-000178","Joses","en","canonical","accepted"
"name-0452","person-000178","Ἰωσῆς","grc","canonical","accepted"
"name-0453","person-000178","Ἰωσήφ","grc","canonical","accepted"
"name-0454","person-000179","Joshua","en","canonical","accepted"
"name-0455","person-000179","יְהוֹשׁוּעַ","hbo","canonical","accepted"
"name-0456","person-000179","הוֹשֵׁעַ","hbo","canonical","accepted"
"name-0457","person-000179","יֵשׁוּעַ","hbo","canonical","accepted"
"name-0458","person-000179","Ἰησοῦς","grc","alias","accepted"
"name-0459","person-000180","Joshua","en","canonical","accepted"
"name-0460","person-000180","Ἰησοῦς","grc","canonical","accepted"
"name-0461","person-000180","Ἰωσή","grc","variant","accepted"
"name-0462","person-000181","Josiah","en","canonical","accepted"
"name-0463","person-000181","יֹאשִׁיָּ֫הוּ","hbo","canonical","accepted"
"name-0464","person-000181","Ἰωσίας","grc","alias","accepted"
"name-0465","person-000182","Jotham","en","canonical","accepted"
"name-0466","person-000182","יוֹתָם","hbo","canonical","accepted"
"name-0467","person-000182","Ἰωάθαμ","grc","alias","accepted"
"name-0468","person-000183","Judah","en","canonical","accepted"
"name-0469","person-000183","יְהוּדָה","hbo","canonical","accepted"
"name-0470","person-000183","דָּוִד","hbo","variant","rejected"
"name-0471","person-000183","יְהוּדַי","hbo","alias","accepted"
"name-0472","person-000183","Ἰουδά","grc","alias","accepted"
"name-0473","person-000183","Ἰούδας","grc","variant","accepted"
"name-0474","person-000184","Judah","en","canonical","accepted"
"name-0475","person-000184","Ἰούδας","grc","canonical","accepted"
"name-0476","person-000185","Judas","en","canonical","accepted"
"name-0477","person-000185","Ἰούδας","grc","canonical","accepted"
"name-0478","person-000185","Βαρσαβᾶς","grc","canonical","accepted"
"name-0479","person-000186","Judas","en","canonical","accepted"
"name-0480","person-000186","Ἰούδας","grc","canonical","accepted"
"name-0481","person-000187","Judas","en","canonical","accepted"
"name-0482","person-000187","Ἰούδας","grc","canonical","accepted"
"name-0483","person-000188","Judas","en","canonical","accepted"
"name-0484","person-000188","Ἰούδας","grc","canonical","accepted"
"name-0485","person-000188","Λεββαῖος","grc","canonical","accepted"
"name-0486","person-000188","Θαδδαῖος","grc","canonical","accepted"
"name-0487","person-000189","Judas","en","canonical","accepted"
"name-0488","person-000189","Ἰούδας","grc","canonical","accepted"
"name-0489","person-000189","Ἰσκαριώτης, Ἰσκαριώθ","grc","canonical","accepted"
"name-0490","person-000190","Jude","en","canonical","accepted"
"name-0491","person-000190","Ἰούδας","grc","canonical","accepted"
"name-0492","person-000191","Julia","en","canonical","accepted"
"name-0493","person-000191","Ἰουλία","grc","canonical","accepted"
"name-0494","person-000192","Julius","en","canonical","accepted"
"name-0495","person-000192","Ἰούλιος","grc","canonical","accepted"
"name-0496","person-000193","Junia","en","canonical","accepted"
"name-0497","person-000193","Ἰουνιᾶς","grc","canonical","accepted"
"name-0498","person-000194","Justus","en","canonical","accepted"
"name-0499","person-000194","Ἰοῦστος","grc","canonical","accepted"
"name-0500","person-000194","Τιτίος","grc","canonical","accepted"
"name-0501","person-000195","Justus","en","canonical","accepted"
"name-0502","person-000195","Ἰοῦστος","grc","canonical","accepted"
"name-0503","person-000195","Ἰησοῦς","grc","canonical","accepted"
"name-0504","person-000196","Kenan","en","canonical","accepted"
"name-0505","person-000196","קֵינָן","hbo","canonical","accepted"
"name-0506","person-000196","Καϊνάν, Καϊνάμ","grc","alias","accepted"
"name-0507","person-000197","Kish","en","canonical","accepted"
"name-0508","person-000197","קִישׁ","hbo","canonical","accepted"
"name-0509","person-000197","Κίς","grc","alias","accepted"
"name-0510","person-000199","Lamech","en","canonical","accepted"
"name-0511","person-000199","לֶ֫מֶךְ","hbo","canonical","accepted"
"name-0512","person-000199","Λάμεχ","grc","alias","accepted"
"name-0513","person-000200","Lazarus","en","canonical","accepted"
"name-0514","person-000200","Λάζαρος","grc","canonical","accepted"
"name-0515","person-000201","Lazarus","en","canonical","accepted"
"name-0516","person-000201","Λάζαρος","grc","canonical","accepted"
"name-0517","person-000202","Levi","en","canonical","accepted"
"name-0518","person-000202","לֵוִי","hbo","canonical","accepted"
"name-0519","person-000202","לֵוָי","hbo","alias","accepted"
"name-0520","person-000202","Λευΐ","grc","alias","accepted"
"name-0521","person-000203","Levi","en","canonical","accepted"
"name-0522","person-000203","Λευΐ","grc","canonical","accepted"
"name-0523","person-000204","Levi","en","canonical","accepted"
"name-0524","person-000204","Λευΐ","grc","canonical","accepted"
"name-0525","person-000205","Linus","en","canonical","accepted"
"name-0526","person-000205","Λίνος","grc","canonical","accepted"
"name-0527","person-000206","Lois","en","canonical","accepted"
"name-0528","person-000206","Λωΐς","grc","canonical","accepted"
"name-0529","person-000207","Lot","en","canonical","accepted"
"name-0530","person-000207","לוֹט","hbo","canonical","accepted"
"name-0531","person-000207","Λώτ","grc","alias","accepted"
"name-0532","person-000208","Lucius","en","canonical","accepted"
"name-0533","person-000208","Λούκιος","grc","canonical","accepted"
"name-0534","person-000209","Luke","en","canonical","accepted"
"name-0535","person-000209","Λουκᾶς","grc","canonical","accepted"
"name-0536","person-000210","Lydia","en","canonical","accepted"
"name-0537","person-000210","Λυδία","grc","canonical","accepted"
"name-0538","person-000211","Lysanias","en","canonical","accepted"
"name-0539","person-000211","Λυσανίας","grc","canonical","accepted"
"name-0540","person-000212","Lysias","en","canonical","accepted"
"name-0541","person-000212","Λυσίας","grc","canonical","accepted"
"name-0542","person-000212","Κλαύδιος","grc","canonical","accepted"
"name-0543","person-000213","Maath","en","canonical","accepted"
"name-0544","person-000213","Μαάθ","grc","canonical","accepted"
"name-0545","person-000214","Mahalalel","en","canonical","accepted"
"name-0546","person-000214","מַהֲלַלְאֵל","hbo","canonical","accepted"
"name-0547","person-000214","Μαλελεήλ","grc","alias","accepted"
"name-0548","person-000215","Malchus","en","canonical","accepted"
"name-0549","person-000215","Μάλχος","grc","canonical","accepted"
"name-0550","person-000216","Manaen","en","canonical","accepted"
"name-0551","person-000216","Μαναήν","grc","canonical","accepted"
"name-0552","person-000217","Manasseh","en","canonical","accepted"
"name-0553","person-000217","מְנַשֶּׁה","hbo","canonical","accepted"
"name-0554","person-000217","Μανασσῆς","grc","alias","accepted"
"name-0555","person-000219","Mark","en","canonical","accepted"
"name-0556","person-000219","Μάρκος","grc","canonical","accepted"
"name-0557","person-000219","Ἰωάννης","grc","canonical","accepted"
"name-0558","person-000220","Martha","en","canonical","accepted"
"name-0559","person-000220","Μάρθα","grc","canonical","accepted"
"name-0560","person-000221","Mary","en","canonical","accepted"
"name-0561","person-000221","Μαρία","grc","canonical","accepted"
"name-0562","person-000222","Mary","en","canonical","accepted"
"name-0563","person-000222","Μαρία","grc","canonical","accepted"
"name-0564","person-000223","Mary","en","canonical","accepted"
"name-0565","person-000223","Μαρία","grc","canonical","accepted"
"name-0566","person-000224","Mary","en","canonical","accepted"
"name-0567","person-000224","Μαρία","grc","canonical","accepted"
"name-0568","person-000225","Mary","en","canonical","accepted"
"name-0569","person-000225","Μαρία","grc","canonical","accepted"
"name-0570","person-000226","Mary_Magdalene","en","canonical","accepted"
"name-0571","person-000226","Μαρία","grc","canonical","accepted"
"name-0572","person-000227","Mattatha","en","canonical","accepted"
"name-0573","person-000227","Ματταθά","grc","canonical","accepted"
"name-0574","person-000228","Mattathias","en","canonical","accepted"
"name-0575","person-000228","Ματταθίας","grc","canonical","accepted"
"name-0576","person-000229","Mattathias","en","canonical","accepted"
"name-0577","person-000229","Ματταθίας","grc","canonical","accepted"
"name-0578","person-000230","Matthan","en","canonical","accepted"
"name-0579","person-000230","Ματθάν","grc","canonical","accepted"
"name-0580","person-000231","Matthat","en","canonical","accepted"
"name-0581","person-000231","Ματθάτ, Μαθθάτ","grc","canonical","accepted"
"name-0582","person-000232","Matthat","en","canonical","accepted"
"name-0583","person-000232","Ματθάτ, Μαθθάτ","grc","canonical","accepted"
"name-0584","person-000233","Matthew","en","canonical","accepted"
"name-0585","person-000233","Ματθαῖος","grc","canonical","accepted"
"name-0586","person-000233","Λευΐ","grc","canonical","accepted"
"name-0587","person-000234","Matthias","en","canonical","accepted"
"name-0588","person-000234","Ματθίας, Μαθθίας","grc","canonical","accepted"
"name-0589","person-000235","Melchi","en","canonical","accepted"
"name-0590","person-000235","Μελχί","grc","canonical","accepted"
"name-0591","person-000236","Melchi","en","canonical","accepted"
"name-0592","person-000236","Μελχί","grc","canonical","accepted"
"name-0593","person-000237","Melchizedek","en","canonical","accepted"
"name-0594","person-000237","מַלְכִּי־צֶ֫דֶק","hbo","canonical","accepted"
"name-0595","person-000237","Μελχισεδέκ","grc","alias","accepted"
"name-0596","person-000238","Melea","en","canonical","accepted"
"name-0597","person-000238","Μελεᾶς","grc","canonical","accepted"
"name-0598","person-000239","Menna","en","canonical","accepted"
"name-0599","person-000239","Μαϊνάν","grc","canonical","accepted"
"name-0600","person-000240","Methuselah","en","canonical","accepted"
"name-0601","person-000240","מְתוּשֶׁ֫לַח","hbo","canonical","accepted"
"name-0602","person-000240","Μαθουσάλα","grc","alias","accepted"
"name-0603","person-000241","Mnason","en","canonical","accepted"
"name-0604","person-000241","Μνάσων","grc","canonical","accepted"
"name-0605","person-000242","Moses","en","canonical","accepted"
"name-0606","person-000242","מֹשֶׁה","hbo","canonical","accepted"
"name-0607","person-000242","מְנַשֶּׁה","hbo","canonical","accepted"
"name-0608","person-000242","Μωϋσῆς, Μωσῆς","grc","alias","accepted"
"name-0609","person-000243","Naaman","en","canonical","accepted"
"name-0610","person-000243","נַעֲמָן","hbo","canonical","accepted"
"name-0611","person-000243","Νεεμάν, Ναιμάν","grc","alias","accepted"
"name-0612","person-000244","Naggai","en","canonical","accepted"
"name-0613","person-000244","Ναγγαί","grc","canonical","accepted"
"name-0614","person-000245","Nahor","en","canonical","accepted"
"name-0615","person-000245","נָחוֹר","hbo","canonical","accepted"
"name-0616","person-000245","Ναχώρ","grc","alias","accepted"
"name-0617","person-000246","Nahshon","en","canonical","accepted"
"name-0618","person-000246","נַחְשׁוֹן","hbo","canonical","accepted"
"name-0619","person-000246","Ναασσών","grc","alias","accepted"
"name-0620","person-000247","Nahum","en","canonical","accepted"
"name-0621","person-000247","Ναούμ","grc","canonical","accepted"
"name-0622","person-000249","Narcissus","en","canonical","accepted"
"name-0623","person-000249","Νάρκισσος","grc","canonical","accepted"
"name-0624","person-000250","Nathan","en","canonical","accepted"
"name-0625","person-000250","נָתָן","hbo","canonical","accepted"
"name-0626","person-000250","Ναθάν","grc","alias","accepted"
"name-0627","person-000251","Nathanael","en","canonical","accepted"
"name-0628","person-000251","Ναθαναήλ","grc","canonical","accepted"
"name-0629","person-000252","Nereus","en","canonical","accepted"
"name-0630","person-000252","Νηρεύς","grc","canonical","accepted"
"name-0631","person-000253","Neri","en","canonical","accepted"
"name-0632","person-000253","Νηρί","grc","canonical","accepted"
"name-0633","person-000255","Nicanor","en","canonical","accepted"
"name-0634","person-000255","Νικάνωρ","grc","canonical","accepted"
"name-0635","person-000256","Nicodemus","en","canonical","accepted"
"name-0636","person-000256","Νικόδημος","grc","canonical","accepted"
"name-0637","person-000257","Nicolaus","en","canonical","accepted"
"name-0638","person-000257","Νικόλαος","grc","canonical","accepted"
"name-0639","person-000258","Noah","en","canonical","accepted"
"name-0640","person-000258","נֹחַ","hbo","canonical","accepted"
"name-0641","person-000258","Νῶε","grc","alias","accepted"
"name-0642","person-000259","Nympha","en","canonical","accepted"
"name-0643","person-000259","Νυμφᾶς","grc","canonical","accepted"
"name-0644","person-000260","Obed","en","canonical","accepted"
"name-0645","person-000260","עוֹבֵד","hbo","canonical","accepted"
"name-0646","person-000260","Ὠβήδ","grc","alias","accepted"
"name-0647","person-000261","Olympas","en","canonical","accepted"
"name-0648","person-000261","Ὀλυμπᾶς","grc","canonical","accepted"
"name-0649","person-000262","Onesimus","en","canonical","accepted"
"name-0650","person-000262","Ὀνήσιμος","grc","canonical","accepted"
"name-0651","person-000263","Onesiphorus","en","canonical","accepted"
"name-0652","person-000263","Ὀνησίφορος","grc","canonical","accepted"
"name-0653","person-000264","Parmenas","en","canonical","accepted"
"name-0654","person-000264","Παρμενᾶς","grc","canonical","accepted"
"name-0655","person-000265","Patrobas","en","canonical","accepted"
"name-0656","person-000265","Πατροβᾶς","grc","canonical","accepted"
"name-0657","person-000266","Paul","en","canonical","accepted"
"name-0658","person-000266","Παῦλος","grc","canonical","accepted"
"name-0659","person-000266","Σαούλ","grc","canonical","accepted"
"name-0660","person-000266","Σαῦλος","grc","variant","accepted"
"name-0661","person-000267","Peleg","en","canonical","accepted"
"name-0662","person-000267","פֶּ֫לֶג","hbo","canonical","accepted"
"name-0663","person-000267","Φάλεκ","grc","alias","accepted"
"name-0664","person-000269","Persis","en","canonical","accepted"
"name-0665","person-000269","Περσίς","grc","canonical","accepted"
"name-0666","person-000270","Peter","en","canonical","accepted"
"name-0667","person-000270","Πέτρος","grc","canonical","accepted"
"name-0668","person-000270","Σίμων","grc","canonical","accepted"
"name-0669","person-000270","Συμεών","grc","variant","accepted"
"name-0670","person-000270","Κηφᾶς","grc","canonical","accepted"
"name-0671","person-000270","Βαριωνᾶς","grc","canonical","accepted"
"name-0672","person-000271","Phanuel","en","canonical","accepted"
"name-0673","person-000271","Φανουήλ","grc","canonical","accepted"
"name-0674","person-000272","Philemon","en","canonical","accepted"
"name-0675","person-000272","Φιλήμων","grc","canonical","accepted"
"name-0676","person-000273","Philetus","en","canonical","accepted"
"name-0677","person-000273","Φίλητος","grc","canonical","accepted"
"name-0678","person-000274","Philip","en","canonical","accepted"
"name-0679","person-000274","Φίλιππος","grc","canonical","accepted"
"name-0680","person-000275","Philip","en","canonical","accepted"
"name-0681","person-000275","Φίλιππος","grc","canonical","accepted"
"name-0682","person-000276","Philip","en","canonical","accepted"
"name-0683","person-000276","Φίλιππος","grc","canonical","accepted"
"name-0684","person-000277","Philip","en","canonical","accepted"
"name-0685","person-000277","Φίλιππος","grc","canonical","accepted"
"name-0686","person-000278","Philologus","en","canonical","accepted"
"name-0687","person-000278","Φιλόλογος","grc","canonical","accepted"
"name-0688","person-000279","Phlegon","en","canonical","accepted"
"name-0689","person-000279","Φλέγων","grc","canonical","accepted"
"name-0690","person-000280","Phoebe","en","canonical","accepted"
"name-0691","person-000280","Φοίβη","grc","canonical","accepted"
"name-0692","person-000281","Phygelus","en","canonical","accepted"
"name-0693","person-000281","Φύγελλος","grc","canonical","accepted"
"name-0694","person-000282","Pilate","en","canonical","accepted"
"name-0695","person-000282","Πιλᾶτος","grc","canonical","accepted"
"name-0696","person-000282","Πόντιος","grc","canonical","accepted"
"name-0697","person-000283","Priscilla","en","canonical","accepted"
"name-0698","person-000283","Πρίσκιλλα","grc","canonical","accepted"
"name-0699","person-000283","Πρίσκα","grc","variant","accepted"
"name-0700","person-000284","Prochorus","en","canonical","accepted"
"name-0701","person-000284","Πρόχορος","grc","canonical","accepted"
"name-0702","person-000285","Publius","en","canonical","accepted"
"name-0703","person-000285","Πόπλιος","grc","canonical","accepted"
"name-0704","person-000286","Pudens","en","canonical","accepted"
"name-0705","person-000286","Πούδης","grc","canonical","accepted"
"name-0706","person-000287","Pyrrhus","en","canonical","accepted"
"name-0707","person-000287","Πύρρος","grc","canonical","accepted"
"name-0708","person-000288","Quartus","en","canonical","accepted"
"name-0709","person-000288","Κούαρτος","grc","canonical","accepted"
"name-0710","person-000289","Quirinius","en","canonical","accepted"
"name-0711","person-000289","Κυρήνιος","grc","canonical","accepted"
"name-0712","person-000290","Rachel","en","canonical","accepted"
"name-0713","person-000290","רָחֵל","hbo","canonical","accepted"
"name-0714","person-000290","Ῥαχήλ","grc","alias","accepted"
"name-0715","person-000291","Rahab","en","canonical","accepted"
"name-0716","person-000291","רָחָב","hbo","canonical","accepted"
"name-0717","person-000291","Ῥαάβ","grc","alias","accepted"
"name-0718","person-000291","Ῥαχάβ","grc","variant","accepted"
"name-0719","person-000292","Ram","en","canonical","accepted"
"name-0720","person-000292","רָם","hbo","canonical","accepted"
"name-0721","person-000292","Ἀράμ","grc","alias","accepted"
"name-0722","person-000292","Ἀδμίν","grc","canonical","accepted"
"name-0723","person-000292","Ἀρνὶ","grc","canonical","accepted"
"name-0724","person-000293","Rebekah","en","canonical","accepted"
"name-0725","person-000293","רִבְקָה","hbo","canonical","accepted"
"name-0726","person-000293","Ῥεβέκκα","grc","alias","accepted"
"name-0727","person-000294","Rehoboam","en","canonical","accepted"
"name-0728","person-000294","רְחַבְעָם","hbo","canonical","accepted"
"name-0729","person-000294","Ῥοβοάμ","grc","alias","accepted"
"name-0730","person-000295","Reu","en","canonical","accepted"
"name-0731","person-000295","רְעוּ","hbo","canonical","accepted"
"name-0732","person-000295","Ῥαγαῦ","grc","alias","accepted"
"name-0733","person-000297","Rhesa","en","canonical","accepted"
"name-0734","person-000297","Ῥησά","grc","canonical","accepted"
"name-0735","person-000298","Rhoda","en","canonical","accepted"
"name-0736","person-000298","Ῥόδη","grc","canonical","accepted"
"name-0737","person-000299","Rufus","en","canonical","accepted"
"name-0738","person-000299","Ῥοῦφος","grc","canonical","accepted"
"name-0739","person-000300","Rufus","en","canonical","accepted"
"name-0740","person-000300","Ῥοῦφος","grc","canonical","accepted"
"name-0741","person-000301","Ruth","en","canonical","accepted"
"name-0742","person-000301","רוּת","hbo","canonical","accepted"
"name-0743","person-000301","Ῥούθ","grc","alias","accepted"
"name-0744","person-000302","Salmon","en","canonical","accepted"
"name-0745","person-000302","שַׂלְמָא","hbo","canonical","accepted"
"name-0746","person-000302","שַׂלְמוֹן","hbo","variant","accepted"
"name-0747","person-000302","שַׂלְמָה","hbo","variant","accepted"
"name-0748","person-000302","Σαλμών","grc","alias","accepted"
"name-0749","person-000302","Σαλά","grc","canonical","accepted"
"name-0750","person-000304","Salome","en","canonical","accepted"
"name-0751","person-000304","Σαλώμη","grc","canonical","accepted"
"name-0752","person-000305","Samson","en","canonical","accepted"
"name-0753","person-000305","שִׁמְשׁוֹן","hbo","canonical","accepted"
"name-0754","person-000305","Σαμψών","grc","alias","accepted"
"name-0755","person-000306","Samuel","en","canonical","accepted"
"name-0756","person-000306","שְׁמוּאֵל","hbo","canonical","accepted"
"name-0757","person-000306","Σαμουήλ","grc","alias","accepted"
"name-0758","person-000307","Sapphira","en","canonical","accepted"
"name-0759","person-000307","Σαπφείρη","grc","canonical","accepted"
"name-0760","person-000308","Sarah","en","canonical","accepted"
"name-0761","person-000308","שָׂרָה","hbo","canonical","accepted"
"name-0762","person-000308","שָׂרַי","hbo","canonical","accepted"
"name-0763","person-000308","Σάρρα","grc","alias","accepted"
"name-0764","person-000309","Saul","en","canonical","accepted"
"name-0765","person-000309","שָׁאוּל","hbo","canonical","accepted"
"name-0766","person-000309","Σαούλ","grc","alias","accepted"
"name-0767","person-000310","Sceva","en","canonical","accepted"
"name-0768","person-000310","Σκευᾶς","grc","canonical","accepted"
"name-0769","person-000311","Secundus","en","canonical","accepted"
"name-0770","person-000311","Σεκοῦνδος","grc","canonical","accepted"
"name-0771","person-000312","Semein","en","canonical","accepted"
"name-0772","person-000312","Σεμεΐ","grc","canonical","accepted"
"name-0773","person-000313","Sergius_Paulus","en","canonical","accepted"
"name-0774","person-000313","Σέργιος+G3972H«G3972=Παῦλος","grc","alias","accepted"
"name-0775","person-000314","Serug","en","canonical","accepted"
"name-0776","person-000314","שְׂרוּג","hbo","canonical","accepted"
"name-0777","person-000314","Σαρούχ","grc","alias","accepted"
"name-0778","person-000315","Seth","en","canonical","accepted"
"name-0779","person-000315","שֵׁת","hbo","canonical","accepted"
"name-0780","person-000315","Σήθ","grc","alias","accepted"
"name-0781","person-000316","Shealtiel","en","canonical","accepted"
"name-0782","person-000316","שְׁאַלְתִּיאֵל","hbo","canonical","accepted"
"name-0783","person-000316","שַׁלְתִּיאֵל","hbo","variant","accepted"
"name-0784","person-000316","Σαλαθιήλ","grc","alias","accepted"
"name-0785","person-000317","Shealtiel","en","canonical","accepted"
"name-0786","person-000317","Σαλαθιήλ","grc","canonical","accepted"
"name-0787","person-000318","Shelah","en","canonical","accepted"
"name-0788","person-000318","שֶׁ֫לַח","hbo","canonical","accepted"
"name-0789","person-000318","Σαλά","grc","alias","accepted"
"name-0790","person-000319","Shem","en","canonical","accepted"
"name-0791","person-000319","שֵׁם","hbo","canonical","accepted"
"name-0792","person-000319","Σήμ","grc","alias","accepted"
"name-0793","person-000320","Silas","en","canonical","accepted"
"name-0794","person-000320","Σίλας","grc","canonical","accepted"
"name-0795","person-000320","Σιλουανός","grc","canonical","accepted"
"name-0796","person-000321","Simeon","en","canonical","accepted"
"name-0797","person-000321","Συμεών","grc","canonical","accepted"
"name-0798","person-000321","Νίγερ","grc","canonical","accepted"
"name-0799","person-000322","Simeon","en","canonical","accepted"
"name-0800","person-000322","שִׁמְעוֹן","hbo","canonical","accepted"
"name-0801","person-000322","שִׁמְעֹנִי","hbo","canonical","accepted"
"name-0802","person-000322","Συμεών","grc","alias","accepted"
"name-0803","person-000323","Simeon","en","canonical","accepted"
"name-0804","person-000323","Συμεών","grc","canonical","accepted"
"name-0805","person-000324","Simeon","en","canonical","accepted"
"name-0806","person-000324","Συμεών","grc","canonical","accepted"
"name-0807","person-000325","Simon","en","canonical","accepted"
"name-0808","person-000325","Σίμων","grc","canonical","accepted"
"name-0809","person-000375","Simon","en","canonical","accepted"
"name-0810","person-000375","Σίμων","grc","canonical","accepted"
"name-0811","person-000326","Simon","en","canonical","accepted"
"name-0812","person-000326","Σίμων","grc","canonical","accepted"
"name-0813","person-000327","Simon","en","canonical","accepted"
"name-0814","person-000327","Σίμων","grc","canonical","accepted"
"name-0815","person-000328","Simon","en","canonical","accepted"
"name-0816","person-000328","Σίμων","grc","canonical","accepted"
"name-0817","person-000328","ζηλωτής","grc","canonical","accepted"
"name-0818","person-000329","Simon","en","canonical","accepted"
"name-0819","person-000329","Σίμων","grc","canonical","accepted"
"name-0820","person-000330","Simon","en","canonical","accepted"
"name-0821","person-000330","Σίμων","grc","canonical","accepted"
"name-0822","person-000376","Simon","en","canonical","accepted"
"name-0823","person-000376","Σίμων","grc","canonical","accepted"
"name-0824","person-000331","Simon","en","canonical","accepted"
"name-0825","person-000331","Σίμων","grc","canonical","accepted"
"name-0826","person-000332","Solomon","en","canonical","accepted"
"name-0827","person-000332","שְׁלֹמֹה","hbo","canonical","accepted"
"name-0828","person-000332","יְדִידְיָה","hbo","canonical","accepted"
"name-0829","person-000332","Σολομών, Σαλωμών","grc","alias","accepted"
"name-0830","person-000333","Sopater","en","canonical","accepted"
"name-0831","person-000333","Σώπατρος","grc","canonical","accepted"
"name-0832","person-000372","Sosipater","en","canonical","accepted"
"name-0833","person-000372","Σωσίπατρος","grc","canonical","accepted"
"name-0834","person-000334","Sosthenes","en","canonical","accepted"
"name-0835","person-000334","Σωσθένης","grc","canonical","accepted"
"name-0836","person-000335","Stachys","en","canonical","accepted"
"name-0837","person-000335","Στάχυς","grc","canonical","accepted"
"name-0838","person-000336","Stephanas","en","canonical","accepted"
"name-0839","person-000336","Στεφανᾶς","grc","canonical","accepted"
"name-0840","person-000337","Stephen","en","canonical","accepted"
"name-0841","person-000337","Στέφανος","grc","canonical","accepted"
"name-0842","person-000338","Susanna","en","canonical","accepted"
"name-0843","person-000338","Σουσάννα","grc","canonical","accepted"
"name-0844","person-000339","Syntyche","en","canonical","accepted"
"name-0845","person-000339","Συντύχη","grc","canonical","accepted"
"name-0846","person-000340","Tabitha","en","canonical","accepted"
"name-0847","person-000340","Ταβιθά","grc","canonical","accepted"
"name-0848","person-000340","Δορκάς","grc","canonical","accepted"
"name-0849","person-000341","Tamar","en","canonical","accepted"
"name-0850","person-000341","תָּמָר","hbo","canonical","accepted"
"name-0851","person-000341","Θάμαρ","grc","alias","accepted"
"name-0852","person-000342","Terah","en","canonical","accepted"
"name-0853","person-000342","תֶּ֫רַח","hbo","canonical","accepted"
"name-0854","person-000342","Θάρα","grc","alias","accepted"
"name-0855","person-000343","Tertius","en","canonical","accepted"
"name-0856","person-000343","Τέρτιος","grc","canonical","accepted"
"name-0857","person-000344","Tertullus","en","canonical","accepted"
"name-0858","person-000344","Τέρτυλλος","grc","canonical","accepted"
"name-0859","person-000345","Theophilus","en","canonical","accepted"
"name-0860","person-000345","Θεόφιλος","grc","canonical","accepted"
"name-0861","person-000346","Theudas","en","canonical","accepted"
"name-0862","person-000346","Θευδᾶς","grc","canonical","accepted"
"name-0863","person-000347","Thomas","en","canonical","accepted"
"name-0864","person-000347","Θωμᾶς","grc","canonical","accepted"
"name-0865","person-000347","Δίδυμος","grc","canonical","accepted"
"name-0866","person-000348","Tiberius","en","canonical","accepted"
"name-0867","person-000348","Τιβέριος","grc","canonical","accepted"
"name-0868","person-000348","Καῖσαρ","grc","canonical","accepted"
"name-0869","person-000349","Timaeus","en","canonical","accepted"
"name-0870","person-000349","Τιμαῖος","grc","canonical","accepted"
"name-0871","person-000350","Timon","en","canonical","accepted"
"name-0872","person-000350","Τίμων","grc","canonical","accepted"
"name-0873","person-000351","Timothy","en","canonical","accepted"
"name-0874","person-000351","Τιμόθεος","grc","canonical","accepted"
"name-0875","person-000352","Titus","en","canonical","accepted"
"name-0876","person-000352","Τίτος","grc","canonical","accepted"
"name-0877","person-000353","Trophimus","en","canonical","accepted"
"name-0878","person-000353","Τρόφιμος","grc","canonical","accepted"
"name-0879","person-000354","Tryphaena","en","canonical","accepted"
"name-0880","person-000354","Τρύφαινα","grc","canonical","accepted"
"name-0881","person-000355","Tryphosa","en","canonical","accepted"
"name-0882","person-000355","Τρυφῶσα","grc","canonical","accepted"
"name-0883","person-000356","Tychicus","en","canonical","accepted"
"name-0884","person-000356","Τυχικός","grc","canonical","accepted"
"name-0885","person-000357","Tyrannus","en","canonical","accepted"
"name-0886","person-000357","Τύραννος","grc","canonical","accepted"
"name-0887","person-000358","Urbanus","en","canonical","accepted"
"name-0888","person-000358","Οὐρβανός","grc","canonical","accepted"
"name-0889","person-000359","Uriah","en","canonical","accepted"
"name-0890","person-000359","אוּרִיָּה","hbo","canonical","accepted"
"name-0891","person-000359","Οὐρίας","grc","alias","accepted"
"name-0892","person-000360","Uzziah","en","canonical","accepted"
"name-0893","person-000360","עֻזִּיָּהוּ","hbo","canonical","accepted"
"name-0894","person-000360","עֲזַרְיָה","hbo","canonical","accepted"
"name-0895","person-000360","עֲזַרְיָ֫הוּ","hbo","variant","accepted"
"name-0896","person-000360","Ὀζίας","grc","alias","accepted"
"name-0897","person-000361","Zacchaeus","en","canonical","accepted"
"name-0898","person-000361","Ζακχαῖος","grc","canonical","accepted"
"name-0899","person-000362","Zadok","en","canonical","accepted"
"name-0900","person-000362","Σαδώκ","grc","canonical","accepted"
"name-0901","person-000363","Zebedee","en","canonical","accepted"
"name-0902","person-000363","Ζεβεδαῖος","grc","canonical","accepted"
"name-0903","person-000365","Zechariah","en","canonical","accepted"
"name-0904","person-000365","זְכַרְיָהוּ","hbo","canonical","accepted"
"name-0905","person-000365","Ζαχαρίας","grc","alias","accepted"
"name-0906","person-000366","Zechariah","en","canonical","accepted"
"name-0907","person-000366","Ζαχαρίας","grc","canonical","accepted"
"name-0908","person-000367","Zenas","en","canonical","accepted"
"name-0909","person-000367","Ζηνᾶς","grc","canonical","accepted"
"name-0910","person-000368","Zerah","en","canonical","accepted"
"name-0911","person-000368","זֶ֫רַח","hbo","canonical","accepted"
"name-0912","person-000368","Ζαρά","grc","alias","accepted"
"name-0913","person-000369","Zerubbabel","en","canonical","accepted"
"name-0914","person-000369","זְרֻבָּבֶ֫ל","hbo","canonical","accepted"
"name-0915","person-000369","שֵׁשְׁבַּצַּר","hbo","canonical","accepted"
"name-0916","person-000369","Ζοροβάβελ","grc","alias","accepted"
"name-0917","person-000370","Zerubbabel","en","canonical","accepted"
"name-0918","person-000370","Ζοροβάβελ","grc","canonical","accepted"
"name-0919","person-000001","亚伦","zh-hans","canonical","accepted"
"name-0920","person-000377","亚拔他","zh-hans","canonical","accepted"
"name-0921","person-000377","Abagtha","en","variant","accepted"
"name-0922","person-000377","אֲבַגְתָא","hbo","canonical","accepted"
"name-0923","person-000378","亚比大","zh-hans","canonical","accepted"
"name-0924","person-000378","Abda","en","variant","accepted"
"name-0925","person-000378","עַבְדָּא","hbo","canonical","accepted"
"name-0926","person-000379","亚伯叠","zh-hans","canonical","accepted"
"name-0927","person-000379","Abdeel","en","variant","accepted"
"name-0928","person-000379","עַבְדְּאֵל","hbo","canonical","accepted"
"name-0929","person-000380","亚伯底","zh-hans","canonical","accepted"
"name-0930","person-000380","Abdi","en","variant","accepted"
"name-0931","person-000380","עַבְדִּי","hbo","canonical","accepted"
"name-0932","person-000381","亚伯底","zh-hans","canonical","accepted"
"name-0933","person-000381","Abdi","en","variant","accepted"
"name-0934","person-000381","עַבְדִּי","hbo","canonical","accepted"
"name-0935","person-000382","押底","zh-hans","canonical","accepted"
"name-0936","person-000382","Abdi","en","variant","accepted"
"name-0937","person-000382","עַבְדִּי","hbo","canonical","accepted"
"name-0938","person-000383","押比叠","zh-hans","canonical","accepted"
"name-0939","person-000383","Abdiel","en","variant","accepted"
"name-0940","person-000383","עַבְדִּיאֵל","hbo","canonical","accepted"
"name-0941","person-000384","亚伯顿","zh-hans","canonical","accepted"
"name-0942","person-000384","Abdon","en","variant","accepted"
"name-0943","person-000384","עַבְדּוֹן","hbo","canonical","accepted"
"name-0944","person-000385","亚伯顿","zh-hans","canonical","accepted"
"name-0945","person-000385","Abdon","en","variant","accepted"
"name-0946","person-000385","עַבְדּוֹן","hbo","canonical","accepted"
"name-0947","person-000386","押顿","zh-hans","canonical","accepted"
"name-0948","person-000386","Abdon","en","variant","accepted"
"name-0949","person-000386","עַבְדּוֹן","hbo","canonical","accepted"
"name-0950","person-000002","亚伯","zh-hans","canonical","accepted"
"name-0951","person-000387","亚比亚本","zh-hans","canonical","accepted"
"name-0952","person-000387","Abi-albon","en","variant","accepted"
"name-0953","person-000387","אֲבִי־עַלְבוֹן","hbo","canonical","accepted"
"name-0954","person-000387","אֲבִיאֵל","hbo","canonical","accepted"
"name-0955","person-000388","亚比","zh-hans","canonical","accepted"
"name-0956","person-000388","Abi","en","variant","accepted"
"name-0957","person-000388","אֲבִי","hbo","canonical","accepted"
"name-0958","person-000388","אֲבִיָּה","hbo","canonical","accepted"
"name-0959","person-000389","亚比雅","zh-hans","canonical","accepted"
"name-0960","person-000389","Abiah","en","variant","accepted"
"name-0961","person-000389","אֲבִיָּה","hbo","canonical","accepted"
"name-0962","person-000003","亚比亚他","zh-hans","canonical","accepted"
"name-0963","person-000390","亚比大","zh-hans","canonical","accepted"
"name-0964","person-000390","Abida","en","variant","accepted"
"name-0965","person-000390","אֲבִידָע","hbo","canonical","accepted"
"name-0966","person-000391","亚比但","zh-hans","canonical","accepted"
"name-0967","person-000391","Abidan","en","variant","accepted"
"name-0968","person-000391","אֲבִידָן","hbo","canonical","accepted"
"name-0969","person-000392","亚别","zh-hans","canonical","accepted"
"name-0970","person-000392","Abiel","en","variant","accepted"
"name-0971","person-000392","אֲבִיאֵל","hbo","canonical","accepted"
"name-0972","person-000392","יְעִיאֵל","hbo","canonical","accepted"
"name-0973","person-000392","יְעוּאֵל","hbo","variant","accepted"
"name-0974","person-000392","נֵר","hbo","canonical","accepted"
"name-0975","person-000392","גִבְעוֹן+H0001I«H0001=אֲבִי","hbo","alias","accepted"
"name-0976","person-000393","亚比以谢","zh-hans","canonical","accepted"
"name-0977","person-000393","Abiezer","en","variant","accepted"
"name-0978","person-000393","אֲבִיעֶ֫זֶר","hbo","canonical","accepted"
"name-0979","person-000394","亚比以谢","zh-hans","canonical","accepted"
"name-0980","person-000394","Abiezer","en","variant","accepted"
"name-0981","person-000394","אֲבִיעֶ֫זֶר","hbo","canonical","accepted"
"name-0982","person-000395","亚比以谢","zh-hans","canonical","accepted"
"name-0983","person-000395","Abiezer","en","variant","accepted"
"name-0984","person-000395","אֲבִיעֶ֫זֶר","hbo","canonical","accepted"
"name-0985","person-000395","אִיעֶזֶר","hbo","canonical","accepted"
"name-0986","person-000395","אֲבִי הָעֶזְרִי","hbo","alias","accepted"
"name-0987","person-000395","אִיעֶזְרִי","hbo","alias","accepted"
"name-0988","person-000396","亚比该","zh-hans","canonical","accepted"
"name-0989","person-000396","Abigail","en","variant","accepted"
"name-0990","person-000396","אֲבִיגַ֫יִל, אֲבִיגַ֫ל","hbo","canonical","accepted"
"name-0991","person-000397","亚比该","zh-hans","canonical","accepted"
"name-0992","person-000397","Abigail","en","variant","accepted"
"name-0993","person-000397","אֲבִיגַ֫יִל","hbo","canonical","accepted"
"name-0994","person-000397","אֲבִיגַ֫ל","hbo","variant","accepted"
"name-0995","person-000398","亚比孩","zh-hans","canonical","accepted"
"name-0996","person-000398","Abihail","en","variant","accepted"
"name-0997","person-000398","אֲבִיחַ֫יִל","hbo","canonical","accepted"
"name-0998","person-000399","亚比孩","zh-hans","canonical","accepted"
"name-0999","person-000399","Abihail","en","variant","accepted"
"name-1000","person-000399","אֲבִיחַ֫יִל","hbo","canonical","accepted"
"name-1001","person-000400","亚比孩","zh-hans","canonical","accepted"
"name-1002","person-000400","Abihail","en","variant","accepted"
"name-1003","person-000400","אֲבִיחַ֫יִל","hbo","canonical","accepted"
"name-1004","person-000401","亚比孩","zh-hans","canonical","accepted"
"name-1005","person-000401","Abihail","en","variant","accepted"
"name-1006","person-000401","אֲבִיחַ֫יִל","hbo","canonical","accepted"
"name-1007","person-000402","亚比亥","zh-hans","canonical","accepted"
"name-1008","person-000402","Abihail","en","variant","accepted"
"name-1009","person-000402","אֲבִיחַ֫יִל","hbo","canonical","accepted"
"name-1010","person-000403","亚比户","zh-hans","canonical","accepted"
"name-1011","person-000403","Abihu","en","variant","accepted"
"name-1012","person-000403","אֲבִיהוּא","hbo","canonical","accepted"
"name-1013","person-000404","亚比忽","zh-hans","canonical","accepted"
"name-1014","person-000404","Abihud","en","variant","accepted"
"name-1015","person-000404","אֲבִיהוּד","hbo","canonical","accepted"
"name-1016","person-000004","亚比雅","zh-hans","canonical","accepted"
"name-1017","person-000405","亚比雅","zh-hans","canonical","accepted"
"name-1018","person-000405","Abijah","en","variant","accepted"
"name-1019","person-000405","אֲבִיָּה","hbo","canonical","accepted"
"name-1020","person-000406","亚比雅","zh-hans","canonical","accepted"
"name-1021","person-000406","Abijah","en","variant","accepted"
"name-1022","person-000406","אֲבִיָּה","hbo","canonical","accepted"
"name-1023","person-000005","亚比雅","zh-hans","canonical","accepted"
"name-1024","person-000407","亚比亚","zh-hans","canonical","accepted"
"name-1025","person-000407","Abijah","en","variant","accepted"
"name-1026","person-000407","אֲבִיָּה","hbo","canonical","accepted"
"name-1027","person-000408","亚比雅","zh-hans","canonical","accepted"
"name-1028","person-000408","Abijah","en","variant","accepted"
"name-1029","person-000408","אֲבִיָּה","hbo","canonical","accepted"
"name-1030","person-000409","亚比玛利","zh-hans","canonical","accepted"
"name-1031","person-000409","Abimael","en","variant","accepted"
"name-1032","person-000409","אֲבִימָאֵל","hbo","canonical","accepted"
"name-1033","person-000410","亚比米勒","zh-hans","canonical","accepted"
"name-1034","person-000410","Abimelech","en","variant","accepted"
"name-1035","person-000410","אֲבִימֶ֫לֶךְ","hbo","canonical","accepted"
"name-1036","person-000411","亚比米勒","zh-hans","canonical","accepted"
"name-1037","person-000411","Abimelech","en","variant","accepted"
"name-1038","person-000411","אֲבִימֶ֫לֶךְ","hbo","canonical","accepted"
"name-1039","person-000412","亚比拿达","zh-hans","canonical","accepted"
"name-1040","person-000412","Abinadab","en","variant","accepted"
"name-1041","person-000412","אֲבִינָדָב","hbo","canonical","accepted"
"name-1042","person-000412","יִשְׁוִי","hbo","canonical","accepted"
"name-1043","person-000413","亚比拿达","zh-hans","canonical","accepted"
"name-1044","person-000413","Abinadab","en","variant","accepted"
"name-1045","person-000413","אֲבִינָדָב","hbo","canonical","accepted"
"name-1046","person-000414","亚比拿达","zh-hans","canonical","accepted"
"name-1047","person-000414","Abinadab","en","variant","accepted"
"name-1048","person-000414","אֲבִינָדָב","hbo","canonical","accepted"
"name-1049","person-000415","亚比挪庵","zh-hans","canonical","accepted"
"name-1050","person-000415","Abinoam","en","variant","accepted"
"name-1051","person-000415","אֲבִינֹ֫עַם","hbo","canonical","accepted"
"name-1052","person-000416","亚比兰","zh-hans","canonical","accepted"
"name-1053","person-000416","Abiram","en","variant","accepted"
"name-1054","person-000416","אֲבִירָם","hbo","canonical","accepted"
"name-1055","person-000417","亚比兰","zh-hans","canonical","accepted"
"name-1056","person-000417","Abiram","en","variant","accepted"
"name-1057","person-000417","אֲבִירָם","hbo","canonical","accepted"
"name-1058","person-000418","亚比煞","zh-hans","canonical","accepted"
"name-1059","person-000418","Abishag","en","variant","accepted"
"name-1060","person-000418","אֲבִישַׁג","hbo","canonical","accepted"
"name-1061","person-000419","亚比筛","zh-hans","canonical","accepted"
"name-1062","person-000419","Abishai","en","variant","accepted"
"name-1063","person-000419","אֲבִישַׁי","hbo","canonical","accepted"
"name-1064","person-000420","亚比书","zh-hans","canonical","accepted"
"name-1065","person-000420","Abishua","en","variant","accepted"
"name-1066","person-000420","אֲבִישׁוּעַ","hbo","canonical","accepted"
"name-1067","person-000421","亚比书","zh-hans","canonical","accepted"
"name-1068","person-000421","Abishua","en","variant","accepted"
"name-1069","person-000421","אֲבִישׁוּעַ","hbo","canonical","accepted"
"name-1070","person-000422","亚比述","zh-hans","canonical","accepted"
"name-1071","person-000422","Abishur","en","variant","accepted"
"name-1072","person-000422","אֲבִישׁוּר","hbo","canonical","accepted"
"name-1073","person-000423","亚比她","zh-hans","canonical","accepted"
"name-1074","person-000423","Abital","en","variant","accepted"
"name-1075","person-000423","אֲבִיטָ֑ל","hbo","canonical","accepted"
"name-1076","person-000424","亚比突","zh-hans","canonical","accepted"
"name-1077","person-000424","Abitub","en","variant","accepted"
"name-1078","person-000424","אֲבִיטוּב","hbo","canonical","accepted"
"name-1079","person-000425","押尼珥","zh-hans","canonical","accepted"
"name-1080","person-000425","Abner","en","variant","accepted"
"name-1081","person-000425","אֲבִינֵר","hbo","canonical","accepted"
"name-1082","person-000007","亚伯拉罕","zh-hans","canonical","accepted"
"name-1083","person-000426","押沙龙","zh-hans","canonical","accepted"
"name-1084","person-000426","Absalom","en","variant","accepted"
"name-1085","person-000426","אַבְשָׁלוֹם","hbo","canonical","accepted"
"name-1086","person-000426","אֲבִישָׁלוֹם","hbo","variant","accepted"
"name-1087","person-000427","亚干","zh-hans","canonical","accepted"
"name-1088","person-000427","Achan","en","variant","accepted"
"name-1089","person-000427","עָכָן","hbo","canonical","accepted"
"name-1090","person-000427","עָכָר","hbo","variant","accepted"
"name-1091","person-000428","亚革波","zh-hans","canonical","accepted"
"name-1092","person-000428","Achbor","en","variant","accepted"
"name-1093","person-000428","עַכְבּוֹר","hbo","canonical","accepted"
"name-1094","person-000428","עַבְדּוֹן","hbo","canonical","accepted"
"name-1095","person-000429","亚革波","zh-hans","canonical","accepted"
"name-1096","person-000429","Achbor","en","variant","accepted"
"name-1097","person-000429","עַכְבּוֹר","hbo","canonical","accepted"
"name-1098","person-000430","亚吉","zh-hans","canonical","accepted"
"name-1099","person-000430","Achish","en","variant","accepted"
"name-1100","person-000430","אָכִישׁ","hbo","canonical","accepted"
"name-1101","person-000430","אֲבִימֶ֫לֶךְ","hbo","canonical","accepted"
"name-1102","person-000431","押撒","zh-hans","canonical","accepted"
"name-1103","person-000431","Achsah","en","variant","accepted"
"name-1104","person-000431","עַכְסָה","hbo","canonical","accepted"
"name-1105","person-000432","押撒","zh-hans","canonical","accepted"
"name-1106","person-000432","Achsah","en","variant","accepted"
"name-1107","person-000432","עַכְסָה","hbo","canonical","accepted"
"name-1108","person-000433","亚大","zh-hans","canonical","accepted"
"name-1109","person-000433","Adah","en","variant","accepted"
"name-1110","person-000433","עָדָה","hbo","canonical","accepted"
"name-1111","person-000433","בָּֽשְׂמַת","hbo","canonical","accepted"
"name-1112","person-000434","亚大","zh-hans","canonical","accepted"
"name-1113","person-000434","Adah","en","variant","accepted"
"name-1114","person-000434","עָדָה","hbo","canonical","accepted"
"name-1115","person-000435","亚大雅","zh-hans","canonical","accepted"
"name-1116","person-000435","Adaiah","en","variant","accepted"
"name-1117","person-000435","עֲדָיָ֫הוּ","hbo","canonical","accepted"
"name-1118","person-000436","亚大雅","zh-hans","canonical","accepted"
"name-1119","person-000436","Adaiah","en","variant","accepted"
"name-1120","person-000436","עֲדָיָ֫הוּ","hbo","canonical","accepted"
"name-1121","person-000437","亚大雅","zh-hans","canonical","accepted"
"name-1122","person-000437","Adaiah","en","variant","accepted"
"name-1123","person-000437","עֲדָיָ֫הוּ","hbo","canonical","accepted"
"name-1124","person-000438","亚大雅","zh-hans","canonical","accepted"
"name-1125","person-000438","Adaiah","en","variant","accepted"
"name-1126","person-000438","עֲדָיָ֫הוּ","hbo","canonical","accepted"
"name-1127","person-000439","亚大雅","zh-hans","canonical","accepted"
"name-1128","person-000439","Adaiah","en","variant","accepted"
"name-1129","person-000439","עֲדָיָ֫הוּ","hbo","canonical","accepted"
"name-1130","person-000440","亚大雅","zh-hans","canonical","accepted"
"name-1131","person-000440","Adaiah","en","variant","accepted"
"name-1132","person-000440","עֲדָיָ֫הוּ","hbo","canonical","accepted"
"name-1133","person-000441","亚大雅","zh-hans","canonical","accepted"
"name-1134","person-000441","Adaiah","en","variant","accepted"
"name-1135","person-000441","עֲדָיָ֫הוּ","hbo","canonical","accepted"
"name-1136","person-000442","亚大利雅","zh-hans","canonical","accepted"
"name-1137","person-000442","Adalia","en","variant","accepted"
"name-1138","person-000442","אֲדַלְיָא","hbo","canonical","accepted"
"name-1139","person-000010","亚当","zh-hans","canonical","accepted"
"name-1140","person-000443","押德别","zh-hans","canonical","accepted"
"name-1141","person-000443","Adbeel","en","variant","accepted"
"name-1142","person-000443","אַדְבְּאֵל","hbo","canonical","accepted"
"name-1143","person-000444","亚大","zh-hans","canonical","accepted"
"name-1144","person-000444","Addar","en","variant","accepted"
"name-1145","person-000444","אַדָּר","hbo","canonical","accepted"
"name-1146","person-000445","亚叠","zh-hans","canonical","accepted"
"name-1147","person-000445","Adiel","en","variant","accepted"
"name-1148","person-000445","עֲדִיאֵל","hbo","canonical","accepted"
"name-1149","person-000446","亚底业","zh-hans","canonical","accepted"
"name-1150","person-000446","Adiel","en","variant","accepted"
"name-1151","person-000446","עֲדִיאֵל","hbo","canonical","accepted"
"name-1152","person-000447","亚第业","zh-hans","canonical","accepted"
"name-1153","person-000447","Adiel","en","variant","accepted"
"name-1154","person-000447","עֲדִיאֵל","hbo","canonical","accepted"
"name-1155","person-000447","עֲזַרְאֵל","hbo","canonical","accepted"
"name-1156","person-000448","亚丁","zh-hans","canonical","accepted"
"name-1157","person-000448","Adin","en","variant","accepted"
"name-1158","person-000448","עָדִין","hbo","canonical","accepted"
"name-1159","person-000449","亚丁","zh-hans","canonical","accepted"
"name-1160","person-000449","Adin","en","variant","accepted"
"name-1161","person-000449","עָדִין","hbo","canonical","accepted"
"name-1162","person-000450","亚第拿","zh-hans","canonical","accepted"
"name-1163","person-000450","Adina","en","variant","accepted"
"name-1164","person-000450","עֲדִינָא","hbo","canonical","accepted"
"name-1165","person-000451","亚底挪","zh-hans","canonical","accepted"
"name-1166","person-000451","Adino","en","variant","accepted"
"name-1167","person-000451","עֲדִינוֹ","hbo","canonical","accepted"
"name-1168","person-000452","亚第赉","zh-hans","canonical","accepted"
"name-1169","person-000452","Adlai","en","variant","accepted"
"name-1170","person-000452","עַדְלָ֑י","hbo","canonical","accepted"
"name-1171","person-000453","押玛他","zh-hans","canonical","accepted"
"name-1172","person-000453","Admatha","en","variant","accepted"
"name-1173","person-000453","אַדְמָתָא","hbo","canonical","accepted"
"name-1174","person-000454","阿底拿","zh-hans","canonical","accepted"
"name-1175","person-000454","Adna","en","variant","accepted"
"name-1176","person-000454","עַדְנָא","hbo","canonical","accepted"
"name-1177","person-000455","押拿","zh-hans","canonical","accepted"
"name-1178","person-000455","Adna","en","variant","accepted"
"name-1179","person-000455","עַדְנָא","hbo","canonical","accepted"
"name-1180","person-000456","押拿","zh-hans","canonical","accepted"
"name-1181","person-000456","Adnah","en","variant","accepted"
"name-1182","person-000456","עַדְנָה","hbo","canonical","accepted"
"name-1183","person-000457","押拿","zh-hans","canonical","accepted"
"name-1184","person-000457","Adnah","en","variant","accepted"
"name-1185","person-000457","עַדְנָה","hbo","canonical","accepted"
"name-1186","person-000458","亚多尼·比色","zh-hans","canonical","accepted"
"name-1187","person-000458","Adoni-bezek","en","variant","accepted"
"name-1188","person-000458","אֲדֹנִי־בֶ֫זֶק","hbo","canonical","accepted"
"name-1189","person-000459","亚多尼·洗德","zh-hans","canonical","accepted"
"name-1190","person-000459","Adoni-zedek","en","variant","accepted"
"name-1191","person-000459","אֲדֹנִי־צֶ֫דֶק","hbo","canonical","accepted"
"name-1192","person-000460","亚多尼雅","zh-hans","canonical","accepted"
"name-1193","person-000460","Adonijah","en","variant","accepted"
"name-1194","person-000460","אֲדֹנִיָּ֫הוּ","hbo","canonical","accepted"
"name-1195","person-000461","亚多尼雅","zh-hans","canonical","accepted"
"name-1196","person-000461","Adonijah","en","variant","accepted"
"name-1197","person-000461","אֲדֹנִיָּ֫הוּ","hbo","canonical","accepted"
"name-1198","person-000462","亚多尼雅","zh-hans","canonical","accepted"
"name-1199","person-000462","Adonijah","en","variant","accepted"
"name-1200","person-000462","אֲדֹנִיָּ֫הוּ","hbo","canonical","accepted"
"name-1201","person-000463","亚多尼干","zh-hans","canonical","accepted"
"name-1202","person-000463","Adonikam","en","variant","accepted"
"name-1203","person-000463","אֲדֹנִיקָם","hbo","canonical","accepted"
"name-1204","person-000464","亚多尼兰","zh-hans","canonical","accepted"
"name-1205","person-000464","Adoram","en","variant","accepted"
"name-1206","person-000464","אֲדֹרָם","hbo","canonical","accepted"
"name-1207","person-000464","אֲדֹנִירָם","hbo","canonical","accepted"
"name-1208","person-000464","הֲדֹרָם","hbo","canonical","accepted"
"name-1209","person-000465","亚得米勒","zh-hans","canonical","accepted"
"name-1210","person-000465","Adrammelech","en","variant","accepted"
"name-1211","person-000465","אַדְרַמֶּ֫לֶךְ","hbo","canonical","accepted"
"name-1212","person-000466","亚得列","zh-hans","canonical","accepted"
"name-1213","person-000466","Adriel","en","variant","accepted"
"name-1214","person-000466","עַדְרִיאֵל","hbo","canonical","accepted"
"name-1215","person-000467","亚甲","zh-hans","canonical","accepted"
"name-1216","person-000467","Agag","en","variant","accepted"
"name-1217","person-000467","אֲגָג","hbo","canonical","accepted"
"name-1218","person-000467","אֲגָגִי","hbo","alias","accepted"
"name-1219","person-000468","亚甲","zh-hans","canonical","accepted"
"name-1220","person-000468","Agag","en","variant","accepted"
"name-1221","person-000468","אֲגָג","hbo","canonical","accepted"
"name-1222","person-000469","亚基","zh-hans","canonical","accepted"
"name-1223","person-000469","Agee","en","variant","accepted"
"name-1224","person-000469","אָגֵא","hbo","canonical","accepted"
"name-1225","person-000470","亚古珥","zh-hans","canonical","accepted"
"name-1226","person-000470","Agur","en","variant","accepted"
"name-1227","person-000470","אָגוּר","hbo","canonical","accepted"
"name-1228","person-000471","亚哈","zh-hans","canonical","accepted"
"name-1229","person-000471","Ahab","en","variant","accepted"
"name-1230","person-000471","אַחְאָב","hbo","canonical","accepted"
"name-1231","person-000472","亚哈","zh-hans","canonical","accepted"
"name-1232","person-000472","Ahab","en","variant","accepted"
"name-1233","person-000472","אַחְאָב","hbo","canonical","accepted"
"name-1234","person-000473","亚哈黑","zh-hans","canonical","accepted"
"name-1235","person-000473","Aharhel","en","variant","accepted"
"name-1236","person-000473","אֲחַרְחֵל","hbo","canonical","accepted"
"name-1237","person-000474","亚哈拜","zh-hans","canonical","accepted"
"name-1238","person-000474","Ahasbai","en","variant","accepted"
"name-1239","person-000474","אֲחַסְבַּי","hbo","canonical","accepted"
"name-1240","person-000475","亚哈随鲁","zh-hans","canonical","accepted"
"name-1241","person-000475","Ahasuerus","en","variant","accepted"
"name-1242","person-000475","אֲחַשְׁוֵרוֹשׁ","hbo","canonical","accepted"
"name-1243","person-000476","亚哈斯","zh-hans","canonical","accepted"
"name-1244","person-000476","Ahaz","en","variant","accepted"
"name-1245","person-000476","אָחָז","hbo","canonical","accepted"
"name-1246","person-000015","亚哈斯","zh-hans","canonical","accepted"
"name-1247","person-000477","亚哈谢","zh-hans","canonical","accepted"
"name-1248","person-000477","Ahaziah","en","variant","accepted"
"name-1249","person-000477","אֲחַזְיָ֫הוּ","hbo","canonical","accepted"
"name-1250","person-000478","亚哈谢","zh-hans","canonical","accepted"
"name-1251","person-000478","Ahaziah","en","variant","accepted"
"name-1252","person-000478","אֲחַזְיָ֫הוּ","hbo","canonical","accepted"
"name-1253","person-000478","עֲזַרְיָ֫הוּ","hbo","canonical","accepted"
"name-1254","person-000478","יְהוֹאָחָז","hbo","canonical","accepted"
"name-1255","person-000479","亚办","zh-hans","canonical","accepted"
"name-1256","person-000479","Ahban","en","variant","accepted"
"name-1257","person-000479","אַחְבָן","hbo","canonical","accepted"
"name-1258","person-000480","亚黑","zh-hans","canonical","accepted"
"name-1259","person-000480","Aher","en","variant","accepted"
"name-1260","person-000480","אַחֵר","hbo","canonical","accepted"
"name-1261","person-000481","亚希","zh-hans","canonical","accepted"
"name-1262","person-000481","Ahi","en","variant","accepted"
"name-1263","person-000481","אֲחִי","hbo","canonical","accepted"
"name-1264","person-000482","亚希","zh-hans","canonical","accepted"
"name-1265","person-000482","Ahi","en","variant","accepted"
"name-1266","person-000482","אֲחִי","hbo","canonical","accepted"
"name-1267","person-000483","亚希雅","zh-hans","canonical","accepted"
"name-1268","person-000483","Ahiah","en","variant","accepted"
"name-1269","person-000483","אֲחִיָּ֫הוּ","hbo","canonical","accepted"
"name-1270","person-000484","亚希暗","zh-hans","canonical","accepted"
"name-1271","person-000484","Ahiam","en","variant","accepted"
"name-1272","person-000484","אֲחִיאָם","hbo","canonical","accepted"
"name-1273","person-000485","亚现","zh-hans","canonical","accepted"
"name-1274","person-000485","Ahian","en","variant","accepted"
"name-1275","person-000485","אַחְיָן","hbo","canonical","accepted"
"name-1276","person-000486","亚希以谢","zh-hans","canonical","accepted"
"name-1277","person-000486","Ahiezer","en","variant","accepted"
"name-1278","person-000486","אֲחִיעֶ֫זֶר","hbo","canonical","accepted"
"name-1279","person-000487","亚希以谢","zh-hans","canonical","accepted"
"name-1280","person-000487","Ahiezer","en","variant","accepted"
"name-1281","person-000487","אֲחִיעֶ֫זֶר","hbo","canonical","accepted"
"name-1282","person-000488","亚希忽","zh-hans","canonical","accepted"
"name-1283","person-000488","Ahihud","en","variant","accepted"
"name-1284","person-000488","אֲחִיחֻד","hbo","canonical","accepted"
"name-1285","person-000489","亚希忽","zh-hans","canonical","accepted"
"name-1286","person-000489","Ahihud","en","variant","accepted"
"name-1287","person-000489","אֲחִיהוּד","hbo","canonical","accepted"
"name-1288","person-000490","亚希雅","zh-hans","canonical","accepted"
"name-1289","person-000490","Ahijah","en","variant","accepted"
"name-1290","person-000490","אֲחִיָּ֫הוּ","hbo","canonical","accepted"
"name-1291","person-000491","亚希雅","zh-hans","canonical","accepted"
"name-1292","person-000491","Ahijah","en","variant","accepted"
"name-1293","person-000491","אֲחִיָּ֫הוּ","hbo","canonical","accepted"
"name-1294","person-000492","亚希雅","zh-hans","canonical","accepted"
"name-1295","person-000492","Ahijah","en","variant","accepted"
"name-1296","person-000492","אֲחִיָּ֫הוּ","hbo","canonical","accepted"
"name-1297","person-000493","亚希亚","zh-hans","canonical","accepted"
"name-1298","person-000493","Ahijah","en","variant","accepted"
"name-1299","person-000493","אֲחִיָּ֫הוּ","hbo","canonical","accepted"
"name-1300","person-000494","亚希雅","zh-hans","canonical","accepted"
"name-1301","person-000494","Ahijah","en","variant","accepted"
"name-1302","person-000494","אֲחִיָּ֫הוּ","hbo","canonical","accepted"
"name-1303","person-000495","亚希雅","zh-hans","canonical","accepted"
"name-1304","person-000495","Ahijah","en","variant","accepted"
"name-1305","person-000495","אֲחִיָּ֫הוּ","hbo","canonical","accepted"
"name-1306","person-000496","亚希亚","zh-hans","canonical","accepted"
"name-1307","person-000496","Ahijah","en","variant","accepted"
"name-1308","person-000496","אֲחִיָּ֫הוּ","hbo","canonical","accepted"
"name-1309","person-000497","亚希甘","zh-hans","canonical","accepted"
"name-1310","person-000497","Ahikam","en","variant","accepted"
"name-1311","person-000497","אֲחִיקָם","hbo","canonical","accepted"
"name-1312","person-000498","亚希律","zh-hans","canonical","accepted"
"name-1313","person-000498","Ahilud","en","variant","accepted"
"name-1314","person-000498","אֲחִילוּד","hbo","canonical","accepted"
"name-1315","person-000499","亚希玛斯","zh-hans","canonical","accepted"
"name-1316","person-000499","Ahimaaz","en","variant","accepted"
"name-1317","person-000499","אֲחִימַ֫עַץ","hbo","canonical","accepted"
"name-1318","person-000500","亚希玛斯","zh-hans","canonical","accepted"
"name-1319","person-000500","Ahimaaz","en","variant","accepted"
"name-1320","person-000500","אֲחִימַ֫עַץ","hbo","canonical","accepted"
"name-1321","person-000501","亚希玛斯","zh-hans","canonical","accepted"
"name-1322","person-000501","Ahimaaz","en","variant","accepted"
"name-1323","person-000501","אֲחִימַ֫עַץ","hbo","canonical","accepted"
"name-1324","person-000502","亚希幔","zh-hans","canonical","accepted"
"name-1325","person-000502","Ahiman","en","variant","accepted"
"name-1326","person-000502","אֲחִימַן","hbo","canonical","accepted"
"name-1327","person-000503","亚希幔","zh-hans","canonical","accepted"
"name-1328","person-000503","Ahiman","en","variant","accepted"
"name-1329","person-000503","אֲחִימַן","hbo","canonical","accepted"
"name-1330","person-000504","亚希米勒","zh-hans","canonical","accepted"
"name-1331","person-000504","Ahimelech","en","variant","accepted"
"name-1332","person-000504","אֲחִימֶ֫לֶךְ","hbo","canonical","accepted"
"name-1333","person-000504","אֲחִיָּ֫הוּ","hbo","canonical","accepted"
"name-1334","person-000505","亚希米勒","zh-hans","canonical","accepted"
"name-1335","person-000505","Ahimelech","en","variant","accepted"
"name-1336","person-000505","אֲחִימֶ֫לֶךְ","hbo","canonical","accepted"
"name-1337","person-000506","亚希米勒","zh-hans","canonical","accepted"
"name-1338","person-000506","Ahimelech","en","variant","accepted"
"name-1339","person-000506","אֲחִימֶ֫לֶךְ","hbo","canonical","accepted"
"name-1340","person-000506","אֲבִימֶ֫לֶךְ","hbo","variant","accepted"
"name-1341","person-000507","亚希摩","zh-hans","canonical","accepted"
"name-1342","person-000507","Ahimoth","en","variant","accepted"
"name-1343","person-000507","אֲחִימוֹת","hbo","canonical","accepted"
"name-1344","person-000507","מַ֫חַת","hbo","canonical","accepted"
"name-1345","person-000508","亚希拿达","zh-hans","canonical","accepted"
"name-1346","person-000508","Ahinadab","en","variant","accepted"
"name-1347","person-000508","אֲחִינָדָב","hbo","canonical","accepted"
"name-1348","person-000509","亚希暖","zh-hans","canonical","accepted"
"name-1349","person-000509","Ahinoam","en","variant","accepted"
"name-1350","person-000509","אֲחִינֹ֫עַם","hbo","canonical","accepted"
"name-1351","person-000510","亚希暖","zh-hans","canonical","accepted"
"name-1352","person-000510","Ahinoam","en","variant","accepted"
"name-1353","person-000510","אֲחִינֹ֫עַם","hbo","canonical","accepted"
"name-1354","person-000511","亚希约","zh-hans","canonical","accepted"
"name-1355","person-000511","Ahio","en","variant","accepted"
"name-1356","person-000511","אַחְיוֹ","hbo","canonical","accepted"
"name-1357","person-000512","亚希约","zh-hans","canonical","accepted"
"name-1358","person-000512","Ahio","en","variant","accepted"
"name-1359","person-000512","אַחְיוֹ","hbo","canonical","accepted"
"name-1360","person-000513","亚希约","zh-hans","canonical","accepted"
"name-1361","person-000513","Ahio","en","variant","accepted"
"name-1362","person-000513","אַחְיוֹ","hbo","canonical","accepted"
"name-1363","person-000514","亚希拉","zh-hans","canonical","accepted"
"name-1364","person-000514","Ahira","en","variant","accepted"
"name-1365","person-000514","אֲחִירַע","hbo","canonical","accepted"
"name-1366","person-000515","亚希兰","zh-hans","canonical","accepted"
"name-1367","person-000515","Ahiram","en","variant","accepted"
"name-1368","person-000515","אֲחִירָם","hbo","canonical","accepted"
"name-1369","person-000515","אֲחִירָמִי","hbo","alias","accepted"
"name-1370","person-000515","אַחְרַח","hbo","canonical","accepted"
"name-1371","person-000515","אֵחִי","hbo","canonical","accepted"
"name-1372","person-000516","亚希撒抹","zh-hans","canonical","accepted"
"name-1373","person-000516","Ahisamach","en","variant","accepted"
"name-1374","person-000516","אֲחִיסָמָךְ","hbo","canonical","accepted"
"name-1375","person-000517","亚希沙哈","zh-hans","canonical","accepted"
"name-1376","person-000517","Ahishahar","en","variant","accepted"
"name-1377","person-000517","אֲחִישָׁ֑חַר","hbo","canonical","accepted"
"name-1378","person-000518","亚希煞","zh-hans","canonical","accepted"
"name-1379","person-000518","Ahishar","en","variant","accepted"
"name-1380","person-000518","אֲחִישָׁר","hbo","canonical","accepted"
"name-1381","person-000519","亚希多弗","zh-hans","canonical","accepted"
"name-1382","person-000519","Ahithophel","en","variant","accepted"
"name-1383","person-000519","אֲחִיתֹ֫פֶל","hbo","canonical","accepted"
"name-1384","person-000520","亚希突","zh-hans","canonical","accepted"
"name-1385","person-000520","Ahitub","en","variant","accepted"
"name-1386","person-000520","אֲחִיטוּב","hbo","canonical","accepted"
"name-1387","person-000521","亚希突","zh-hans","canonical","accepted"
"name-1388","person-000521","Ahitub","en","variant","accepted"
"name-1389","person-000521","אֲחִיטוּב","hbo","canonical","accepted"
"name-1390","person-000522","亚希突","zh-hans","canonical","accepted"
"name-1391","person-000522","Ahitub","en","variant","accepted"
"name-1392","person-000522","אֲחִיטוּב","hbo","canonical","accepted"
"name-1393","person-000523","亚莱","zh-hans","canonical","accepted"
"name-1394","person-000523","Ahlai","en","variant","accepted"
"name-1395","person-000523","אַחְלָ֑י","hbo","canonical","accepted"
"name-1396","person-000524","亚来","zh-hans","canonical","accepted"
"name-1397","person-000524","Ahlai","en","variant","accepted"
"name-1398","person-000524","אַחְלָ֑י","hbo","canonical","accepted"
"name-1399","person-000525","亚合","zh-hans","canonical","accepted"
"name-1400","person-000525","Ahoah","en","variant","accepted"
"name-1401","person-000525","אֲחוֹחַ","hbo","canonical","accepted"
"name-1402","person-000525","אֲחוֹחִי","hbo","alias","accepted"
"name-1403","person-000526","亚户买","zh-hans","canonical","accepted"
"name-1404","person-000526","Ahumai","en","variant","accepted"
"name-1405","person-000526","אֲחוּמַי","hbo","canonical","accepted"
"name-1406","person-000527","亚户撒","zh-hans","canonical","accepted"
"name-1407","person-000527","Ahuzzam","en","variant","accepted"
"name-1408","person-000527","אֲחֻזָּם","hbo","canonical","accepted"
"name-1409","person-000528","亚户撒","zh-hans","canonical","accepted"
"name-1410","person-000528","Ahuzzath","en","variant","accepted"
"name-1411","person-000528","אֲחֻזַּת","hbo","canonical","accepted"
"name-1412","person-000529","爱雅","zh-hans","canonical","accepted"
"name-1413","person-000529","Aiah","en","variant","accepted"
"name-1414","person-000529","אַיָּה","hbo","canonical","accepted"
"name-1415","person-000530","亚雅","zh-hans","canonical","accepted"
"name-1416","person-000530","Aiah","en","variant","accepted"
"name-1417","person-000530","אַיָּה","hbo","canonical","accepted"
"name-1418","person-000531","亚干","zh-hans","canonical","accepted"
"name-1419","person-000531","Akan","en","variant","accepted"
"name-1420","person-000531","יַעֲקָן","hbo","canonical","accepted"
"name-1421","person-000531","עֲקָן","hbo","variant","accepted"
"name-1422","person-000532","阿谷","zh-hans","canonical","accepted"
"name-1423","person-000532","Akkub","en","variant","accepted"
"name-1424","person-000532","עַקּוּב","hbo","canonical","accepted"
"name-1425","person-000533","亚谷","zh-hans","canonical","accepted"
"name-1426","person-000533","Akkub","en","variant","accepted"
"name-1427","person-000533","עַקּוּב","hbo","canonical","accepted"
"name-1428","person-000534","亚谷","zh-hans","canonical","accepted"
"name-1429","person-000534","Akkub","en","variant","accepted"
"name-1430","person-000534","עַקּוּב","hbo","canonical","accepted"
"name-1431","person-000535","亚谷","zh-hans","canonical","accepted"
"name-1432","person-000535","Akkub","en","variant","accepted"
"name-1433","person-000535","עַקּוּב","hbo","canonical","accepted"
"name-1434","person-000536","亚拉篾","zh-hans","canonical","accepted"
"name-1435","person-000536","Alemeth","en","variant","accepted"
"name-1436","person-000536","עָלֶ֫מֶת","hbo","canonical","accepted"
"name-1437","person-000537","亚拉篾","zh-hans","canonical","accepted"
"name-1438","person-000537","Alemeth","en","variant","accepted"
"name-1439","person-000537","עָלֶ֫מֶת","hbo","canonical","accepted"
"name-1440","person-000538","亚龙","zh-hans","canonical","accepted"
"name-1441","person-000538","Allon","en","variant","accepted"
"name-1442","person-000538","אַלּוֹן","hbo","canonical","accepted"
"name-1443","person-000539","亚摩答","zh-hans","canonical","accepted"
"name-1444","person-000539","Almodad","en","variant","accepted"
"name-1445","person-000539","אַלְמוֹדָד","hbo","canonical","accepted"
"name-1446","person-000540","亚勒瓦","zh-hans","canonical","accepted"
"name-1447","person-000540","Alvah","en","variant","accepted"
"name-1448","person-000540","עַלְוָה","hbo","canonical","accepted"
"name-1449","person-000541","亚勒文","zh-hans","canonical","accepted"
"name-1450","person-000541","Alvan","en","variant","accepted"
"name-1451","person-000541","עַלְיָן, עַלְוָן","hbo","canonical","accepted"
"name-1452","person-000542","亚抹","zh-hans","canonical","accepted"
"name-1453","person-000542","Amal","en","variant","accepted"
"name-1454","person-000542","עָמָל","hbo","canonical","accepted"
"name-1455","person-000543","亚玛力","zh-hans","canonical","accepted"
"name-1456","person-000543","Amalek","en","variant","accepted"
"name-1457","person-000543","עֲמָלֵק","hbo","canonical","accepted"
"name-1458","person-000544","亚玛利亚","zh-hans","canonical","accepted"
"name-1459","person-000544","Amariah","en","variant","accepted"
"name-1460","person-000544","אֲמַרְיָ֫הוּ","hbo","canonical","accepted"
"name-1461","person-000545","亚玛利雅","zh-hans","canonical","accepted"
"name-1462","person-000545","Amariah","en","variant","accepted"
"name-1463","person-000545","אֲמַרְיָ֫הוּ","hbo","canonical","accepted"
"name-1464","person-000546","亚玛利雅","zh-hans","canonical","accepted"
"name-1465","person-000546","Amariah","en","variant","accepted"
"name-1466","person-000546","אֲמַרְיָ֫הוּ","hbo","canonical","accepted"
"name-1467","person-000547","亚玛利雅","zh-hans","canonical","accepted"
"name-1468","person-000547","Amariah","en","variant","accepted"
"name-1469","person-000547","אֲמַרְיָ֫הוּ","hbo","canonical","accepted"
"name-1470","person-000548","亚玛利雅","zh-hans","canonical","accepted"
"name-1471","person-000548","Amariah","en","variant","accepted"
"name-1472","person-000548","אֲמַרְיָ֫הוּ","hbo","canonical","accepted"
"name-1473","person-000549","亚玛利雅","zh-hans","canonical","accepted"
"name-1474","person-000549","Amariah","en","variant","accepted"
"name-1475","person-000549","אֲמַרְיָ֫הוּ","hbo","canonical","accepted"
"name-1476","person-000550","亚玛利雅","zh-hans","canonical","accepted"
"name-1477","person-000550","Amariah","en","variant","accepted"
"name-1478","person-000550","אֲמַרְיָ֫הוּ","hbo","canonical","accepted"
"name-1479","person-000551","亚玛利雅","zh-hans","canonical","accepted"
"name-1480","person-000551","Amariah","en","variant","accepted"
"name-1481","person-000551","אֲמַרְיָ֫הוּ","hbo","canonical","accepted"
"name-1482","person-000552","亚玛利雅","zh-hans","canonical","accepted"
"name-1483","person-000552","Amariah","en","variant","accepted"
"name-1484","person-000552","אֲמַרְיָ֫הוּ","hbo","canonical","accepted"
"name-1485","person-000553","亚玛撒","zh-hans","canonical","accepted"
"name-1486","person-000553","Amasa","en","variant","accepted"
"name-1487","person-000553","עֲמָשָׂא","hbo","canonical","accepted"
"name-1488","person-000554","亚玛撒","zh-hans","canonical","accepted"
"name-1489","person-000554","Amasa","en","variant","accepted"
"name-1490","person-000554","עֲמָשָׂא","hbo","canonical","accepted"
"name-1491","person-000555","亚玛撒","zh-hans","canonical","accepted"
"name-1492","person-000555","Amasai","en","variant","accepted"
"name-1493","person-000555","עֲמָשַׂי","hbo","canonical","accepted"
"name-1494","person-000556","亚玛赛","zh-hans","canonical","accepted"
"name-1495","person-000556","Amasai","en","variant","accepted"
"name-1496","person-000556","עֲמָשַׂי","hbo","canonical","accepted"
"name-1497","person-000557","亚玛赛","zh-hans","canonical","accepted"
"name-1498","person-000557","Amasai","en","variant","accepted"
"name-1499","person-000557","עֲמָשַׂי","hbo","canonical","accepted"
"name-1500","person-000558","亚玛赛","zh-hans","canonical","accepted"
"name-1501","person-000558","Amasai","en","variant","accepted"
"name-1502","person-000558","עֲמָשַׂי","hbo","canonical","accepted"
"name-1503","person-000559","亚玛斯雅","zh-hans","canonical","accepted"
"name-1504","person-000559","Amasiah","en","variant","accepted"
"name-1505","person-000559","עֲמַסְיָה","hbo","canonical","accepted"
"name-1506","person-000560","亚玛谢","zh-hans","canonical","accepted"
"name-1507","person-000560","Amaziah","en","variant","accepted"
"name-1508","person-000560","אֲמַצְיָ֫הוּ","hbo","canonical","accepted"
"name-1509","person-000561","亚玛谢","zh-hans","canonical","accepted"
"name-1510","person-000561","Amaziah","en","variant","accepted"
"name-1511","person-000561","אֲמַצְיָ֫הוּ","hbo","canonical","accepted"
"name-1512","person-000562","亚玛谢","zh-hans","canonical","accepted"
"name-1513","person-000562","Amaziah","en","variant","accepted"
"name-1514","person-000562","אֲמַצְיָ֫הוּ","hbo","canonical","accepted"
"name-1515","person-000563","亚玛谢","zh-hans","canonical","accepted"
"name-1516","person-000563","Amaziah","en","variant","accepted"
"name-1517","person-000563","אֲמַצְיָ֫הוּ","hbo","canonical","accepted"
"name-1518","person-000564","亚米","zh-hans","canonical","accepted"
"name-1519","person-000564","Ami","en","variant","accepted"
"name-1520","person-000564","אָמִי","hbo","canonical","accepted"
"name-1521","person-000564","אָמוֹן","hbo","canonical","accepted"
"name-1522","person-000565","亚米太","zh-hans","canonical","accepted"
"name-1523","person-000565","Amittai","en","variant","accepted"
"name-1524","person-000565","אֲמִתַּי","hbo","canonical","accepted"
"name-1525","person-000566","亚米利","zh-hans","canonical","accepted"
"name-1526","person-000566","Ammiel","en","variant","accepted"
"name-1527","person-000566","עַמִּיאֵל","hbo","canonical","accepted"
"name-1528","person-000567","亚米利","zh-hans","canonical","accepted"
"name-1529","person-000567","Ammiel","en","variant","accepted"
"name-1530","person-000567","עַמִּיאֵל","hbo","canonical","accepted"
"name-1531","person-000568","亚米利","zh-hans","canonical","accepted"
"name-1532","person-000568","Ammiel","en","variant","accepted"
"name-1533","person-000568","עַמִּיאֵל","hbo","canonical","accepted"
"name-1534","person-000569","亚米忽","zh-hans","canonical","accepted"
"name-1535","person-000569","Ammihud","en","variant","accepted"
"name-1536","person-000569","עַמִּיהוּד","hbo","canonical","accepted"
"name-1537","person-000570","亚米忽","zh-hans","canonical","accepted"
"name-1538","person-000570","Ammihud","en","variant","accepted"
"name-1539","person-000570","עַמִּיהוּד","hbo","canonical","accepted"
"name-1540","person-000571","亚米忽","zh-hans","canonical","accepted"
"name-1541","person-000571","Ammihud","en","variant","accepted"
"name-1542","person-000571","עַמִּיהוּד","hbo","canonical","accepted"
"name-1543","person-000572","亚米忽","zh-hans","canonical","accepted"
"name-1544","person-000572","Ammihud","en","variant","accepted"
"name-1545","person-000572","עַמִּיהוּד","hbo","canonical","accepted"
"name-1546","person-000573","亚米忽","zh-hans","canonical","accepted"
"name-1547","person-000573","Ammihud","en","variant","accepted"
"name-1548","person-000573","עַמִּיהוּד","hbo","canonical","accepted"
"name-1549","person-000574","亚米拿达","zh-hans","canonical","accepted"
"name-1550","person-000574","Amminadab","en","variant","accepted"
"name-1551","person-000574","עַמִּינָדָב","hbo","canonical","accepted"
"name-1552","person-000021","亚米拿达","zh-hans","canonical","accepted"
"name-1553","person-000575","亚米沙代","zh-hans","canonical","accepted"
"name-1554","person-000575","Ammishaddai","en","variant","accepted"
"name-1555","person-000575","עַמִּישַׁדָּ֑י","hbo","canonical","accepted"
"name-1556","person-000576","暗米萨拔","zh-hans","canonical","accepted"
"name-1557","person-000576","Ammizabad","en","variant","accepted"
"name-1558","person-000576","עַמִּיזָבָד","hbo","canonical","accepted"
"name-1559","person-000577","暗嫩","zh-hans","canonical","accepted"
"name-1560","person-000577","Amnon","en","variant","accepted"
"name-1561","person-000577","אַמְנוֹן","hbo","canonical","accepted"
"name-1562","person-000578","暗嫩","zh-hans","canonical","accepted"
"name-1563","person-000578","Amnon","en","variant","accepted"
"name-1564","person-000578","אַמְנוֹן","hbo","canonical","accepted"
"name-1565","person-000579","亚木","zh-hans","canonical","accepted"
"name-1566","person-000579","Amok","en","variant","accepted"
"name-1567","person-000579","עָמוֹק","hbo","canonical","accepted"
"name-1568","person-000580","亚们","zh-hans","canonical","accepted"
"name-1569","person-000580","Amon","en","variant","accepted"
"name-1570","person-000580","אָמוֹן","hbo","canonical","accepted"
"name-1571","person-000022","亚们","zh-hans","canonical","accepted"
"name-1572","person-000581","阿摩司","zh-hans","canonical","accepted"
"name-1573","person-000581","Amos","en","variant","accepted"
"name-1574","person-000581","עָמוֹס","hbo","canonical","accepted"
"name-1575","person-000582","亚摩斯","zh-hans","canonical","accepted"
"name-1576","person-000582","Amoz","en","variant","accepted"
"name-1577","person-000582","אָמוֹץ","hbo","canonical","accepted"
"name-1578","person-000583","暗兰","zh-hans","canonical","accepted"
"name-1579","person-000583","Amram","en","variant","accepted"
"name-1580","person-000583","עַמְרָם","hbo","canonical","accepted"
"name-1581","person-000583","עַמְרָמִי","hbo","alias","accepted"
"name-1582","person-000584","暗兰","zh-hans","canonical","accepted"
"name-1583","person-000584","Amram","en","variant","accepted"
"name-1584","person-000584","עַמְרָם","hbo","canonical","accepted"
"name-1585","person-000585","暗拉非","zh-hans","canonical","accepted"
"name-1586","person-000585","Amraphel","en","variant","accepted"
"name-1587","person-000585","אַמְרָפֶל","hbo","canonical","accepted"
"name-1588","person-000586","暗西","zh-hans","canonical","accepted"
"name-1589","person-000586","Amzi","en","variant","accepted"
"name-1590","person-000586","אַמְצִי","hbo","canonical","accepted"
"name-1591","person-000587","暗洗","zh-hans","canonical","accepted"
"name-1592","person-000587","Amzi","en","variant","accepted"
"name-1593","person-000587","אַמְצִי","hbo","canonical","accepted"
"name-1594","person-000588","亚拿","zh-hans","canonical","accepted"
"name-1595","person-000588","Anah","en","variant","accepted"
"name-1596","person-000588","עֲנָה","hbo","canonical","accepted"
"name-1597","person-000589","亚奈雅","zh-hans","canonical","accepted"
"name-1598","person-000589","Anaiah","en","variant","accepted"
"name-1599","person-000589","עֲנָיָה","hbo","canonical","accepted"
"name-1600","person-000590","亚奈雅","zh-hans","canonical","accepted"
"name-1601","person-000590","Anaiah","en","variant","accepted"
"name-1602","person-000590","עֲנָיָה","hbo","canonical","accepted"
"name-1603","person-000591","亚衲","zh-hans","canonical","accepted"
"name-1604","person-000591","Anak","en","variant","accepted"
"name-1605","person-000591","עֲנָק","hbo","canonical","accepted"
"name-1606","person-000591","עֲנָקִי","hbo","alias","accepted"
"name-1607","person-000592","亚难","zh-hans","canonical","accepted"
"name-1608","person-000592","Anan","en","variant","accepted"
"name-1609","person-000592","עָנָן","hbo","canonical","accepted"
"name-1610","person-000593","阿拿尼","zh-hans","canonical","accepted"
"name-1611","person-000593","Anani","en","variant","accepted"
"name-1612","person-000593","עֲנָנִי","hbo","canonical","accepted"
"name-1613","person-000594","亚难尼","zh-hans","canonical","accepted"
"name-1614","person-000594","Ananiah","en","variant","accepted"
"name-1615","person-000594","עֲנַנְיָה","hbo","canonical","accepted"
"name-1616","person-000595","亚拿","zh-hans","canonical","accepted"
"name-1617","person-000595","Anath","en","variant","accepted"
"name-1618","person-000595","עֲנָת","hbo","canonical","accepted"
"name-1619","person-000596","亚拿突","zh-hans","canonical","accepted"
"name-1620","person-000596","Anathoth","en","variant","accepted"
"name-1621","person-000596","עֲנָתוֹת","hbo","canonical","accepted"
"name-1622","person-000597","亚拿突","zh-hans","canonical","accepted"
"name-1623","person-000597","Anathoth","en","variant","accepted"
"name-1624","person-000597","עֲנָתוֹת","hbo","canonical","accepted"
"name-1625","person-000598","亚乃","zh-hans","canonical","accepted"
"name-1626","person-000598","Aner","en","variant","accepted"
"name-1627","person-000598","עָנֵר","hbo","canonical","accepted"
"name-1628","person-000599","阿尼安","zh-hans","canonical","accepted"
"name-1629","person-000599","Aniam","en","variant","accepted"
"name-1630","person-000599","אֲנִיעָם","hbo","canonical","accepted"
"name-1631","person-000600","安陀提雅","zh-hans","canonical","accepted"
"name-1632","person-000600","Anthothijah","en","variant","accepted"
"name-1633","person-000600","עַנְתֹתִיָּה","hbo","canonical","accepted"
"name-1634","person-000601","亚诺","zh-hans","canonical","accepted"
"name-1635","person-000601","Anub","en","variant","accepted"
"name-1636","person-000601","עָנוּב","hbo","canonical","accepted"
"name-1637","person-000602","亚斐亚","zh-hans","canonical","accepted"
"name-1638","person-000602","Aphiah","en","variant","accepted"
"name-1639","person-000602","אֲפִיחַ","hbo","canonical","accepted"
"name-1640","person-000603","亚拉","zh-hans","canonical","accepted"
"name-1641","person-000603","Ara","en","variant","accepted"
"name-1642","person-000603","אֲרָא","hbo","canonical","accepted"
"name-1643","person-000604","亚拉得","zh-hans","canonical","accepted"
"name-1644","person-000604","Arad","en","variant","accepted"
"name-1645","person-000604","עֲרָד","hbo","canonical","accepted"
"name-1646","person-000605","亚拉","zh-hans","canonical","accepted"
"name-1647","person-000605","Arah","en","variant","accepted"
"name-1648","person-000605","אָרַח","hbo","canonical","accepted"
"name-1649","person-000606","亚拉","zh-hans","canonical","accepted"
"name-1650","person-000606","Arah","en","variant","accepted"
"name-1651","person-000606","אָרַח","hbo","canonical","accepted"
"name-1652","person-000607","亚拉","zh-hans","canonical","accepted"
"name-1653","person-000607","Arah","en","variant","accepted"
"name-1654","person-000607","אָרַח","hbo","canonical","accepted"
"name-1655","person-000608","亚兰","zh-hans","canonical","accepted"
"name-1656","person-000608","Aram","en","variant","accepted"
"name-1657","person-000608","אֲרָם","hbo","canonical","accepted"
"name-1658","person-000609","亚兰","zh-hans","canonical","accepted"
"name-1659","person-000609","Aram","en","variant","accepted"
"name-1660","person-000609","אֲרָם","hbo","canonical","accepted"
"name-1661","person-000610","亚兰","zh-hans","canonical","accepted"
"name-1662","person-000610","Aram","en","variant","accepted"
"name-1663","person-000610","אֲרָם","hbo","canonical","accepted"
"name-1664","person-000611","亚兰","zh-hans","canonical","accepted"
"name-1665","person-000611","Aran","en","variant","accepted"
"name-1666","person-000611","אֲרָן","hbo","canonical","accepted"
"name-1667","person-000612","亚巴","zh-hans","canonical","accepted"
"name-1668","person-000612","Arba","en","variant","accepted"
"name-1669","person-000612","אַרְבַּע","hbo","canonical","accepted"
"name-1670","person-000613","亚勒","zh-hans","canonical","accepted"
"name-1671","person-000613","Ard","en","variant","accepted"
"name-1672","person-000613","אַרְדְּ","hbo","canonical","accepted"
"name-1673","person-000614","亚勒","zh-hans","canonical","accepted"
"name-1674","person-000614","Ard","en","variant","accepted"
"name-1675","person-000614","אַרְדְּ","hbo","canonical","accepted"
"name-1676","person-000614","אַרְדִּי","hbo","alias","accepted"
"name-1677","person-000615","押墩","zh-hans","canonical","accepted"
"name-1678","person-000615","Ardon","en","variant","accepted"
"name-1679","person-000615","אַרְדּוֹן","hbo","canonical","accepted"
"name-1680","person-000616","亚列利","zh-hans","canonical","accepted"
"name-1681","person-000616","Areli","en","variant","accepted"
"name-1682","person-000616","אַרְאֵלִי","hbo","canonical","accepted"
"name-1683","person-000617","亚珥歌伯","zh-hans","canonical","accepted"
"name-1684","person-000617","Argob","en","variant","accepted"
"name-1685","person-000617","אַרְגֹּב","hbo","canonical","accepted"
"name-1686","person-000618","亚利代","zh-hans","canonical","accepted"
"name-1687","person-000618","Aridai","en","variant","accepted"
"name-1688","person-000618","אֲרִידַי","hbo","canonical","accepted"
"name-1689","person-000619","亚利大他","zh-hans","canonical","accepted"
"name-1690","person-000619","Aridatha","en","variant","accepted"
"name-1691","person-000619","אֲרִידָ֑תָא","hbo","canonical","accepted"
"name-1692","person-000620","亚利耶","zh-hans","canonical","accepted"
"name-1693","person-000620","Arieh","en","variant","accepted"
"name-1694","person-000620","אַרְיֵה","hbo","canonical","accepted"
"name-1695","person-000621","亚列","zh-hans","canonical","accepted"
"name-1696","person-000621","Ariel","en","variant","accepted"
"name-1697","person-000621","אֲרִיאֵל","hbo","canonical","accepted"
"name-1698","person-000622","亚略","zh-hans","canonical","accepted"
"name-1699","person-000622","Arioch","en","variant","accepted"
"name-1700","person-000622","אֲרְיוֹךְ","hbo","alias","accepted"
"name-1701","person-000623","亚略","zh-hans","canonical","accepted"
"name-1702","person-000623","Arioch","en","variant","accepted"
"name-1703","person-000623","אַרְיוֹךְ","hbo","canonical","accepted"
"name-1704","person-000624","亚利赛","zh-hans","canonical","accepted"
"name-1705","person-000624","Arisai","en","variant","accepted"
"name-1706","person-000624","אֲרִיסַי","hbo","canonical","accepted"
"name-1707","person-000625","亚摩尼","zh-hans","canonical","accepted"
"name-1708","person-000625","Armoni","en","variant","accepted"
"name-1709","person-000625","אַרְמֹנִי","hbo","canonical","accepted"
"name-1710","person-000626","亚珥难","zh-hans","canonical","accepted"
"name-1711","person-000626","Arnan","en","variant","accepted"
"name-1712","person-000626","אַרְנָן","hbo","canonical","accepted"
"name-1713","person-000627","亚罗底","zh-hans","canonical","accepted"
"name-1714","person-000627","Arod","en","variant","accepted"
"name-1715","person-000627","אֲרוֹד","hbo","canonical","accepted"
"name-1716","person-000627","אֲרוֹדִי","hbo","canonical","accepted"
"name-1717","person-000042","亚法撒","zh-hans","canonical","accepted"
"name-1718","person-000628","亚达薛西","zh-hans","canonical","accepted"
"name-1719","person-000628","Artaxerxes","en","variant","accepted"
"name-1720","person-000628","אַרְתַּחְשַׁשְׂתָּא","hbo","canonical","accepted"
"name-1721","person-000628","אַרְתַּחְשַׁשְׂתְּא","hbo","alias","accepted"
"name-1722","person-000629","亚杂","zh-hans","canonical","accepted"
"name-1723","person-000629","Arza","en","variant","accepted"
"name-1724","person-000629","אַרְצָא","hbo","canonical","accepted"
"name-1725","person-000630","亚撒","zh-hans","canonical","accepted"
"name-1726","person-000630","Asa","en","variant","accepted"
"name-1727","person-000630","אָסָא","hbo","canonical","accepted"
"name-1728","person-000044","亚撒","zh-hans","canonical","accepted"
"name-1729","person-000631","亚撒黑","zh-hans","canonical","accepted"
"name-1730","person-000631","Asahel","en","variant","accepted"
"name-1731","person-000631","עֲשָׂהאֵל","hbo","canonical","accepted"
"name-1732","person-000632","亚撒黑","zh-hans","canonical","accepted"
"name-1733","person-000632","Asahel","en","variant","accepted"
"name-1734","person-000632","עֲשָׂהאֵל","hbo","canonical","accepted"
"name-1735","person-000633","亚撒黑","zh-hans","canonical","accepted"
"name-1736","person-000633","Asahel","en","variant","accepted"
"name-1737","person-000633","עֲשָׂהאֵל","hbo","canonical","accepted"
"name-1738","person-000634","亚撒黑","zh-hans","canonical","accepted"
"name-1739","person-000634","Asahel","en","variant","accepted"
"name-1740","person-000634","עֲשָׂהאֵל","hbo","canonical","accepted"
"name-1741","person-000635","亚帅雅","zh-hans","canonical","accepted"
"name-1742","person-000635","Asaiah","en","variant","accepted"
"name-1743","person-000635","עֲשָׂיָה","hbo","canonical","accepted"
"name-1744","person-000636","亚帅雅","zh-hans","canonical","accepted"
"name-1745","person-000636","Asaiah","en","variant","accepted"
"name-1746","person-000636","עֲשָׂיָה","hbo","canonical","accepted"
"name-1747","person-000637","亚帅雅","zh-hans","canonical","accepted"
"name-1748","person-000637","Asaiah","en","variant","accepted"
"name-1749","person-000637","עֲשָׂיָה","hbo","canonical","accepted"
"name-1750","person-000638","亚帅雅","zh-hans","canonical","accepted"
"name-1751","person-000638","Asaiah","en","variant","accepted"
"name-1752","person-000638","עֲשָׂיָה","hbo","canonical","accepted"
"name-1753","person-000639","亚撒雅","zh-hans","canonical","accepted"
"name-1754","person-000639","Asaiah","en","variant","accepted"
"name-1755","person-000639","עֲשָׂיָה","hbo","canonical","accepted"
"name-1756","person-000640","亚萨","zh-hans","canonical","accepted"
"name-1757","person-000640","Asaph","en","variant","accepted"
"name-1758","person-000640","אָסָף","hbo","canonical","accepted"
"name-1759","person-000641","亚萨","zh-hans","canonical","accepted"
"name-1760","person-000641","Asaph","en","variant","accepted"
"name-1761","person-000641","אָסָף","hbo","canonical","accepted"
"name-1762","person-000642","亚萨","zh-hans","canonical","accepted"
"name-1763","person-000642","Asaph","en","variant","accepted"
"name-1764","person-000642","אָסָף","hbo","canonical","accepted"
"name-1765","person-000643","亚萨","zh-hans","canonical","accepted"
"name-1766","person-000643","Asaph","en","variant","accepted"
"name-1767","person-000643","אָסָף","hbo","canonical","accepted"
"name-1768","person-000644","亚撒列","zh-hans","canonical","accepted"
"name-1769","person-000644","Asarel","en","variant","accepted"
"name-1770","person-000644","אֲשַׂרְאֵל","hbo","canonical","accepted"
"name-1771","person-000645","亚西纳","zh-hans","canonical","accepted"
"name-1772","person-000645","Asenath","en","variant","accepted"
"name-1773","person-000645","אָֽסְנַת","hbo","canonical","accepted"
"name-1774","person-000646","亚萨利拉","zh-hans","canonical","accepted"
"name-1775","person-000646","Asharelah","en","variant","accepted"
"name-1776","person-000646","אֲשַׂרְאֵ֫לָה","hbo","canonical","accepted"
"name-1777","person-000646","יְשַׂרְאֵ֫לָה","hbo","canonical","accepted"
"name-1778","person-000647","亚实别","zh-hans","canonical","accepted"
"name-1779","person-000647","Ashbel","en","variant","accepted"
"name-1780","person-000647","אַשְׁבֵּל","hbo","canonical","accepted"
"name-1781","person-000647","אַשְׁבֵּלִי","hbo","alias","accepted"
"name-1782","person-000045","亚设","zh-hans","canonical","accepted"
"name-1783","person-000045","אָשֵׁרִי","hbo","alias","accepted"
"name-1784","person-000045","אֲשׁוּרִי","hbo","alias","accepted"
"name-1785","person-000648","亚施户","zh-hans","canonical","accepted"
"name-1786","person-000648","Ashhur","en","variant","accepted"
"name-1787","person-000648","אַשְׁחוּר","hbo","canonical","accepted"
"name-1788","person-000649","亚实基拿","zh-hans","canonical","accepted"
"name-1789","person-000649","Ashkenaz","en","variant","accepted"
"name-1790","person-000649","אַשְׁכְּנַז","hbo","canonical","accepted"
"name-1791","person-000650","亚施毗拿","zh-hans","canonical","accepted"
"name-1792","person-000650","Ashpenaz","en","variant","accepted"
"name-1793","person-000650","אַשְׁפְּנַז","hbo","canonical","accepted"
"name-1794","person-000651","亚施法","zh-hans","canonical","accepted"
"name-1795","person-000651","Ashvath","en","variant","accepted"
"name-1796","person-000651","עַשְׁוָ֑ת","hbo","canonical","accepted"
"name-1797","person-000652","亚薛","zh-hans","canonical","accepted"
"name-1798","person-000652","Asiel","en","variant","accepted"
"name-1799","person-000652","עֲשִׂיאֵל","hbo","canonical","accepted"
"name-1800","person-000653","押拿","zh-hans","canonical","accepted"
"name-1801","person-000653","Asnah","en","variant","accepted"
"name-1802","person-000653","אַסְנָה","hbo","canonical","accepted"
"name-1803","person-000654","亚斯帕他","zh-hans","canonical","accepted"
"name-1804","person-000654","Aspatha","en","variant","accepted"
"name-1805","person-000654","אַסְפָּ֑תָא","hbo","canonical","accepted"
"name-1806","person-000655","亚斯列","zh-hans","canonical","accepted"
"name-1807","person-000655","Asriel","en","variant","accepted"
"name-1808","person-000655","אַשְׂרִיאֵל","hbo","canonical","accepted"
"name-1809","person-000656","亚斯烈","zh-hans","canonical","accepted"
"name-1810","person-000656","Asriel","en","variant","accepted"
"name-1811","person-000656","אַשְׂרִיאֵל","hbo","canonical","accepted"
"name-1812","person-000656","אַשְׂרִיאֵלִי","hbo","alias","accepted"
"name-1813","person-000657","亚述","zh-hans","canonical","accepted"
"name-1814","person-000657","Asshur","en","variant","accepted"
"name-1815","person-000657","אַשּׁוּר","hbo","canonical","accepted"
"name-1816","person-000658","亚惜","zh-hans","canonical","accepted"
"name-1817","person-000658","Assir","en","variant","accepted"
"name-1818","person-000658","אַסִּיר","hbo","canonical","accepted"
"name-1819","person-000659","亚惜","zh-hans","canonical","accepted"
"name-1820","person-000659","Assir","en","variant","accepted"
"name-1821","person-000659","אַסִּיר","hbo","canonical","accepted"
"name-1822","person-000660","亚她拉","zh-hans","canonical","accepted"
"name-1823","person-000660","Atarah","en","variant","accepted"
"name-1824","person-000660","עֲטָרָה","hbo","canonical","accepted"
"name-1825","person-000661","亚特","zh-hans","canonical","accepted"
"name-1826","person-000661","Ater","en","variant","accepted"
"name-1827","person-000661","אָטֵר","hbo","canonical","accepted"
"name-1828","person-000662","亚特","zh-hans","canonical","accepted"
"name-1829","person-000662","Ater","en","variant","accepted"
"name-1830","person-000662","אָטֵר","hbo","canonical","accepted"
"name-1831","person-000663","亚特","zh-hans","canonical","accepted"
"name-1832","person-000663","Ater","en","variant","accepted"
"name-1833","person-000663","אָטֵר","hbo","canonical","accepted"
"name-1834","person-000664","亚他雅","zh-hans","canonical","accepted"
"name-1835","person-000664","Athaiah","en","variant","accepted"
"name-1836","person-000664","עֲתָיָה","hbo","canonical","accepted"
"name-1837","person-000665","亚他利雅","zh-hans","canonical","accepted"
"name-1838","person-000665","Athaliah","en","variant","accepted"
"name-1839","person-000665","עֲתַלְיָ֫הוּ","hbo","canonical","accepted"
"name-1840","person-000666","亚她利雅","zh-hans","canonical","accepted"
"name-1841","person-000666","Athaliah","en","variant","accepted"
"name-1842","person-000666","עֲתַלְיָ֫הוּ","hbo","canonical","accepted"
"name-1843","person-000667","亚他利雅","zh-hans","canonical","accepted"
"name-1844","person-000667","Athaliah","en","variant","accepted"
"name-1845","person-000667","עֲתַלְיָ֫הוּ","hbo","canonical","accepted"
"name-1846","person-000668","亚勒","zh-hans","canonical","accepted"
"name-1847","person-000668","Athlai","en","variant","accepted"
"name-1848","person-000668","עַתְלַי","hbo","canonical","accepted"
"name-1849","person-000669","亚太","zh-hans","canonical","accepted"
"name-1850","person-000669","Attai","en","variant","accepted"
"name-1851","person-000669","עַתַּי","hbo","canonical","accepted"
"name-1852","person-000670","亚太","zh-hans","canonical","accepted"
"name-1853","person-000670","Attai","en","variant","accepted"
"name-1854","person-000670","עַתַּי","hbo","canonical","accepted"
"name-1855","person-000671","亚太","zh-hans","canonical","accepted"
"name-1856","person-000671","Attai","en","variant","accepted"
"name-1857","person-000671","עַתַּי","hbo","canonical","accepted"
"name-1858","person-000672","亚萨利雅","zh-hans","canonical","accepted"
"name-1859","person-000672","Azaliah","en","variant","accepted"
"name-1860","person-000672","אֲצַלְיָ֫הוּ","hbo","canonical","accepted"
"name-1861","person-000673","亚散尼","zh-hans","canonical","accepted"
"name-1862","person-000673","Azaniah","en","variant","accepted"
"name-1863","person-000673","אֲזַנְיָ֫הוּ","hbo","canonical","accepted"
"name-1864","person-000674","亚萨列","zh-hans","canonical","accepted"
"name-1865","person-000674","Azarel","en","variant","accepted"
"name-1866","person-000674","עֲזַרְאֵל","hbo","canonical","accepted"
"name-1867","person-000675","亚萨列","zh-hans","canonical","accepted"
"name-1868","person-000675","Azarel","en","variant","accepted"
"name-1869","person-000675","עֲזַרְאֵל","hbo","canonical","accepted"
"name-1870","person-000676","亚萨利","zh-hans","canonical","accepted"
"name-1871","person-000676","Azarel","en","variant","accepted"
"name-1872","person-000676","עֲזַרְאֵל","hbo","canonical","accepted"
"name-1873","person-000677","亚撒利","zh-hans","canonical","accepted"
"name-1874","person-000677","Azarel","en","variant","accepted"
"name-1875","person-000677","עֲזַרְאֵל","hbo","canonical","accepted"
"name-1876","person-000678","亚撒利雅","zh-hans","canonical","accepted"
"name-1877","person-000678","Azariah","en","variant","accepted"
"name-1878","person-000678","עֲזַרְיָה","hbo","canonical","accepted"
"name-1879","person-000679","亚撒利雅","zh-hans","canonical","accepted"
"name-1880","person-000679","Azariah","en","variant","accepted"
"name-1881","person-000679","עֲזַרְיָה","hbo","canonical","accepted"
"name-1882","person-000680","亚撒利雅","zh-hans","canonical","accepted"
"name-1883","person-000680","Azariah","en","variant","accepted"
"name-1884","person-000680","עֲזַרְיָה","hbo","canonical","accepted"
"name-1885","person-000681","亚撒利雅","zh-hans","canonical","accepted"
"name-1886","person-000681","Azariah","en","variant","accepted"
"name-1887","person-000681","עֲזַרְיָה","hbo","canonical","accepted"
"name-1888","person-000682","亚撒利雅","zh-hans","canonical","accepted"
"name-1889","person-000682","Azariah","en","variant","accepted"
"name-1890","person-000682","עֲזַרְיָ֫הוּ","hbo","canonical","accepted"
"name-1891","person-000683","亚撒利雅","zh-hans","canonical","accepted"
"name-1892","person-000683","Azariah","en","variant","accepted"
"name-1893","person-000683","עֲזַרְיָ֫הוּ","hbo","canonical","accepted"
"name-1894","person-000684","亚撒利雅","zh-hans","canonical","accepted"
"name-1895","person-000684","Azariah","en","variant","accepted"
"name-1896","person-000684","עֲזַרְיָ֫הוּ","hbo","canonical","accepted"
"name-1897","person-000685","亚撒利雅","zh-hans","canonical","accepted"
"name-1898","person-000685","Azariah","en","variant","accepted"
"name-1899","person-000685","עֲזַרְיָה","hbo","canonical","accepted"
"name-1900","person-000686","亚撒利雅","zh-hans","canonical","accepted"
"name-1901","person-000686","Azariah","en","variant","accepted"
"name-1902","person-000686","עֲזַרְיָ֫הוּ","hbo","canonical","accepted"
"name-1903","person-000687","亚撒利雅","zh-hans","canonical","accepted"
"name-1904","person-000687","Azariah","en","variant","accepted"
"name-1905","person-000687","עֲזַרְיָ֫הוּ","hbo","canonical","accepted"
"name-1906","person-000688","亚撒利雅","zh-hans","canonical","accepted"
"name-1907","person-000688","Azariah","en","variant","accepted"
"name-1908","person-000688","עֲזַרְיָ֫הוּ","hbo","canonical","accepted"
"name-1909","person-000689","亚撒利雅","zh-hans","canonical","accepted"
"name-1910","person-000689","Azariah","en","variant","accepted"
"name-1911","person-000689","עֲזַרְיָ֫הוּ","hbo","canonical","accepted"
"name-1912","person-000690","亚撒利雅","zh-hans","canonical","accepted"
"name-1913","person-000690","Azariah","en","variant","accepted"
"name-1914","person-000690","עֲזַרְיָ֫הוּ","hbo","canonical","accepted"
"name-1915","person-000691","亚撒利雅","zh-hans","canonical","accepted"
"name-1916","person-000691","Azariah","en","variant","accepted"
"name-1917","person-000691","עֲזַרְיָ֫הוּ","hbo","canonical","accepted"
"name-1918","person-000692","亚撒利雅","zh-hans","canonical","accepted"
"name-1919","person-000692","Azariah","en","variant","accepted"
"name-1920","person-000692","עֲזַרְיָ֫הוּ","hbo","canonical","accepted"
"name-1921","person-000693","亚撒利雅","zh-hans","canonical","accepted"
"name-1922","person-000693","Azariah","en","variant","accepted"
"name-1923","person-000693","עֲזַרְיָה","hbo","canonical","accepted"
"name-1924","person-000693","עֲבֵד נְגוֹ","hbo","canonical","accepted"
"name-1925","person-000694","亚撒利雅","zh-hans","canonical","accepted"
"name-1926","person-000694","Azariah","en","variant","accepted"
"name-1927","person-000694","עֲזַרְיָה","hbo","canonical","accepted"
"name-1928","person-000695","亚撒利雅","zh-hans","canonical","accepted"
"name-1929","person-000695","Azariah","en","variant","accepted"
"name-1930","person-000695","עֲזַרְיָה","hbo","canonical","accepted"
"name-1931","person-000696","亚撒利雅","zh-hans","canonical","accepted"
"name-1932","person-000696","Azariah","en","variant","accepted"
"name-1933","person-000696","עֲזַרְיָה","hbo","canonical","accepted"
"name-1934","person-000697","亚撒利雅","zh-hans","canonical","accepted"
"name-1935","person-000697","Azariahu","en","variant","accepted"
"name-1936","person-000697","עֲזַרְיָ֫הוּ","hbo","canonical","accepted"
"name-1937","person-000698","亚撒","zh-hans","canonical","accepted"
"name-1938","person-000698","Azaz","en","variant","accepted"
"name-1939","person-000698","עָזָז","hbo","canonical","accepted"
"name-1940","person-000699","亚撒西雅","zh-hans","canonical","accepted"
"name-1941","person-000699","Azaziah","en","variant","accepted"
"name-1942","person-000699","עֲזַזְיָ֫הוּ","hbo","canonical","accepted"
"name-1943","person-000700","阿撒细雅","zh-hans","canonical","accepted"
"name-1944","person-000700","Azaziah","en","variant","accepted"
"name-1945","person-000700","עֲזַזְיָ֫הוּ","hbo","canonical","accepted"
"name-1946","person-000701","亚撒细雅","zh-hans","canonical","accepted"
"name-1947","person-000701","Azaziah","en","variant","accepted"
"name-1948","person-000701","עֲזַזְיָ֫הוּ","hbo","canonical","accepted"
"name-1949","person-000702","押卜","zh-hans","canonical","accepted"
"name-1950","person-000702","Azbuk","en","variant","accepted"
"name-1951","person-000702","עַזְבּוּק","hbo","canonical","accepted"
"name-1952","person-000703","亚悉","zh-hans","canonical","accepted"
"name-1953","person-000703","Azel","en","variant","accepted"
"name-1954","person-000703","אָצֵל","hbo","canonical","accepted"
"name-1955","person-000704","押甲","zh-hans","canonical","accepted"
"name-1956","person-000704","Azgad","en","variant","accepted"
"name-1957","person-000704","עַזְגָּד","hbo","canonical","accepted"
"name-1958","person-000705","押甲","zh-hans","canonical","accepted"
"name-1959","person-000705","Azgad","en","variant","accepted"
"name-1960","person-000705","עַזְגָּד","hbo","canonical","accepted"
"name-1961","person-000706","亚西撒","zh-hans","canonical","accepted"
"name-1962","person-000706","Aziza","en","variant","accepted"
"name-1963","person-000706","עֲזִיזָא","hbo","canonical","accepted"
"name-1964","person-000707","亚斯玛威","zh-hans","canonical","accepted"
"name-1965","person-000707","Azmaveth","en","variant","accepted"
"name-1966","person-000707","עַזְמָ֫וֶת","hbo","canonical","accepted"
"name-1967","person-000708","押斯马威","zh-hans","canonical","accepted"
"name-1968","person-000708","Azmaveth","en","variant","accepted"
"name-1969","person-000708","עַזְמָ֫וֶת","hbo","canonical","accepted"
"name-1970","person-000709","亚斯玛威","zh-hans","canonical","accepted"
"name-1971","person-000709","Azmaveth","en","variant","accepted"
"name-1972","person-000709","עַזְמָ֫וֶת","hbo","canonical","accepted"
"name-1973","person-000710","押斯玛弗","zh-hans","canonical","accepted"
"name-1974","person-000710","Azmaveth","en","variant","accepted"
"name-1975","person-000710","עַזְמָ֫וֶת","hbo","canonical","accepted"
"name-1976","person-000711","亚斯列","zh-hans","canonical","accepted"
"name-1977","person-000711","Azriel","en","variant","accepted"
"name-1978","person-000711","עַזְרִיאֵל","hbo","canonical","accepted"
"name-1979","person-000712","亚斯列","zh-hans","canonical","accepted"
"name-1980","person-000712","Azriel","en","variant","accepted"
"name-1981","person-000712","עַזְרִיאֵל","hbo","canonical","accepted"
"name-1982","person-000713","亚斯列","zh-hans","canonical","accepted"
"name-1983","person-000713","Azriel","en","variant","accepted"
"name-1984","person-000713","עַזְרִיאֵל","hbo","canonical","accepted"
"name-1985","person-000714","亚斯利干","zh-hans","canonical","accepted"
"name-1986","person-000714","Azrikam","en","variant","accepted"
"name-1987","person-000714","עַזְרִיקָם","hbo","canonical","accepted"
"name-1988","person-000715","亚斯利干","zh-hans","canonical","accepted"
"name-1989","person-000715","Azrikam","en","variant","accepted"
"name-1990","person-000715","עַזְרִיקָם","hbo","canonical","accepted"
"name-1991","person-000716","押利甘","zh-hans","canonical","accepted"
"name-1992","person-000716","Azrikam","en","variant","accepted"
"name-1993","person-000716","עַזְרִיקָם","hbo","canonical","accepted"
"name-1994","person-000717","押斯利甘","zh-hans","canonical","accepted"
"name-1995","person-000717","Azrikam","en","variant","accepted"
"name-1996","person-000717","עַזְרִיקָם","hbo","canonical","accepted"
"name-1997","person-000718","阿苏巴","zh-hans","canonical","accepted"
"name-1998","person-000718","Azubah","en","variant","accepted"
"name-1999","person-000718","עֲזוּבָה","hbo","canonical","accepted"
"name-2000","person-000719","阿苏巴","zh-hans","canonical","accepted"
"name-2001","person-000719","Azubah","en","variant","accepted"
"name-2002","person-000719","עֲזוּבָה","hbo","canonical","accepted"
"name-2003","person-000720","阿散","zh-hans","canonical","accepted"
"name-2004","person-000720","Azzan","en","variant","accepted"
"name-2005","person-000720","עַזָּן","hbo","canonical","accepted"
"name-2006","person-000721","押朔","zh-hans","canonical","accepted"
"name-2007","person-000721","Azzur","en","variant","accepted"
"name-2008","person-000721","עַזּוּר","hbo","canonical","accepted"
"name-2009","person-000722","押朔","zh-hans","canonical","accepted"
"name-2010","person-000722","Azzur","en","variant","accepted"
"name-2011","person-000722","עַזּוּר","hbo","canonical","accepted"
"name-2012","person-000723","押朔","zh-hans","canonical","accepted"
"name-2013","person-000723","Azzur","en","variant","accepted"
"name-2014","person-000723","עַזּוּר","hbo","canonical","accepted"
"name-2015","person-000724","巴勒·哈南","zh-hans","canonical","accepted"
"name-2016","person-000724","Baal-hanan","en","variant","accepted"
"name-2017","person-000724","בַּ֫עַל חָנָן","hbo","canonical","accepted"
"name-2018","person-000725","巴勒·哈南","zh-hans","canonical","accepted"
"name-2019","person-000725","Baal-hanan","en","variant","accepted"
"name-2020","person-000725","בַּ֫עַל חָנָן","hbo","canonical","accepted"
"name-2021","person-000726","巴力","zh-hans","canonical","accepted"
"name-2022","person-000726","Baal","en","variant","accepted"
"name-2023","person-000726","בַּ֫עַל","hbo","canonical","accepted"
"name-2024","person-000727","巴力","zh-hans","canonical","accepted"
"name-2025","person-000727","Baal","en","variant","accepted"
"name-2026","person-000727","בַּ֫עַל","hbo","canonical","accepted"
"name-2027","person-000728","巴利斯","zh-hans","canonical","accepted"
"name-2028","person-000728","Baalis","en","variant","accepted"
"name-2029","person-000728","בַּעֲלִיס","hbo","canonical","accepted"
"name-2030","person-000729","巴拿","zh-hans","canonical","accepted"
"name-2031","person-000729","Baana","en","variant","accepted"
"name-2032","person-000729","בַּעֲנָא","hbo","canonical","accepted"
"name-2033","person-000730","巴拿","zh-hans","canonical","accepted"
"name-2034","person-000730","Baana","en","variant","accepted"
"name-2035","person-000730","בַּעֲנָא","hbo","canonical","accepted"
"name-2036","person-000731","巴拿","zh-hans","canonical","accepted"
"name-2037","person-000731","Baana","en","variant","accepted"
"name-2038","person-000731","בַּעֲנָא","hbo","canonical","accepted"
"name-2039","person-000732","巴拿","zh-hans","canonical","accepted"
"name-2040","person-000732","Baanah","en","variant","accepted"
"name-2041","person-000732","בַּעֲנָה","hbo","canonical","accepted"
"name-2042","person-000733","巴拿","zh-hans","canonical","accepted"
"name-2043","person-000733","Baanah","en","variant","accepted"
"name-2044","person-000733","בַּעֲנָה","hbo","canonical","accepted"
"name-2045","person-000734","巴拿","zh-hans","canonical","accepted"
"name-2046","person-000734","Baanah","en","variant","accepted"
"name-2047","person-000734","בַּעֲנָה","hbo","canonical","accepted"
"name-2048","person-000735","巴拿","zh-hans","canonical","accepted"
"name-2049","person-000735","Baanah","en","variant","accepted"
"name-2050","person-000735","בַּעֲנָה","hbo","canonical","accepted"
"name-2051","person-000736","巴拉","zh-hans","canonical","accepted"
"name-2052","person-000736","Baara","en","variant","accepted"
"name-2053","person-000736","בַּעֲרָא","hbo","canonical","accepted"
"name-2054","person-000737","巴西雅","zh-hans","canonical","accepted"
"name-2055","person-000737","Baaseiah","en","variant","accepted"
"name-2056","person-000737","בַּעֲשֵׂיָה","hbo","canonical","accepted"
"name-2057","person-000738","巴沙","zh-hans","canonical","accepted"
"name-2058","person-000738","Baasha","en","variant","accepted"
"name-2059","person-000738","בַּעְשָׁא","hbo","canonical","accepted"
"name-2060","person-000739","拔巴甲","zh-hans","canonical","accepted"
"name-2061","person-000739","Bakbakkar","en","variant","accepted"
"name-2062","person-000739","בַּקְבַּקַּר","hbo","canonical","accepted"
"name-2063","person-000740","巴卜","zh-hans","canonical","accepted"
"name-2064","person-000740","Bakbuk","en","variant","accepted"
"name-2065","person-000740","בַּקְבּוּק","hbo","canonical","accepted"
"name-2066","person-000741","八布迦","zh-hans","canonical","accepted"
"name-2067","person-000741","Bakbukiah","en","variant","accepted"
"name-2068","person-000741","בַּקְבֻּקְיָה","hbo","canonical","accepted"
"name-2069","person-000049","巴兰","zh-hans","canonical","accepted"
"name-2070","person-000742","巴拉但","zh-hans","canonical","accepted"
"name-2071","person-000742","Baladan","en","variant","accepted"
"name-2072","person-000742","בַּלְאֲדָן","hbo","canonical","accepted"
"name-2073","person-000050","巴勒","zh-hans","canonical","accepted"
"name-2074","person-000743","巴尼","zh-hans","canonical","accepted"
"name-2075","person-000743","Bani","en","variant","accepted"
"name-2076","person-000743","בָּנִי","hbo","canonical","accepted"
"name-2077","person-000744","巴尼","zh-hans","canonical","accepted"
"name-2078","person-000744","Bani","en","variant","accepted"
"name-2079","person-000744","בָּנִי","hbo","canonical","accepted"
"name-2080","person-000745","巴尼","zh-hans","canonical","accepted"
"name-2081","person-000745","Bani","en","variant","accepted"
"name-2082","person-000745","בָּנִי","hbo","canonical","accepted"
"name-2083","person-000746","巴尼","zh-hans","canonical","accepted"
"name-2084","person-000746","Bani","en","variant","accepted"
"name-2085","person-000746","בָּנִי","hbo","canonical","accepted"
"name-2086","person-000747","巴尼","zh-hans","canonical","accepted"
"name-2087","person-000747","Bani","en","variant","accepted"
"name-2088","person-000747","בָּנִי","hbo","canonical","accepted"
"name-2089","person-000748","巴尼","zh-hans","canonical","accepted"
"name-2090","person-000748","Bani","en","variant","accepted"
"name-2091","person-000748","בָּנִי","hbo","canonical","accepted"
"name-2092","person-000748","בִּנּוּי","hbo","variant","accepted"
"name-2093","person-000749","巴尼","zh-hans","canonical","accepted"
"name-2094","person-000749","Bani","en","variant","accepted"
"name-2095","person-000749","בָּנִי","hbo","canonical","accepted"
"name-2096","person-000750","巴尼","zh-hans","canonical","accepted"
"name-2097","person-000750","Bani","en","variant","accepted"
"name-2098","person-000750","בָּנִי","hbo","canonical","accepted"
"name-2099","person-000751","巴尼","zh-hans","canonical","accepted"
"name-2100","person-000751","Bani","en","variant","accepted"
"name-2101","person-000751","בָּנִי","hbo","canonical","accepted"
"name-2102","person-000752","巴尼","zh-hans","canonical","accepted"
"name-2103","person-000752","Bani","en","variant","accepted"
"name-2104","person-000752","בָּנִי","hbo","canonical","accepted"
"name-2105","person-000752","בִּנּוּי","hbo","canonical","accepted"
"name-2106","person-000753","巴尼","zh-hans","canonical","accepted"
"name-2107","person-000753","Bani","en","variant","accepted"
"name-2108","person-000753","בָּנִי","hbo","canonical","accepted"
"name-2109","person-000754","巴拉迦","zh-hans","canonical","accepted"
"name-2110","person-000754","Barachel","en","variant","accepted"
"name-2111","person-000754","בָּרַכְאֵל","hbo","canonical","accepted"
"name-2112","person-000052","巴拉","zh-hans","canonical","accepted"
"name-2113","person-000755","巴利亚","zh-hans","canonical","accepted"
"name-2114","person-000755","Bariah","en","variant","accepted"
"name-2115","person-000755","בָּרִיחַ","hbo","canonical","accepted"
"name-2116","person-000756","巴柯","zh-hans","canonical","accepted"
"name-2117","person-000756","Barkos","en","variant","accepted"
"name-2118","person-000756","בַּרְקוֹס","hbo","canonical","accepted"
"name-2119","person-000757","巴录","zh-hans","canonical","accepted"
"name-2120","person-000757","Baruch","en","variant","accepted"
"name-2121","person-000757","בָּרוּךְ","hbo","canonical","accepted"
"name-2122","person-000758","巴录","zh-hans","canonical","accepted"
"name-2123","person-000758","Baruch","en","variant","accepted"
"name-2124","person-000758","בָּרוּךְ","hbo","canonical","accepted"
"name-2125","person-000759","巴录","zh-hans","canonical","accepted"
"name-2126","person-000759","Baruch","en","variant","accepted"
"name-2127","person-000759","בָּרוּךְ","hbo","canonical","accepted"
"name-2128","person-000760","巴录","zh-hans","canonical","accepted"
"name-2129","person-000760","Baruch","en","variant","accepted"
"name-2130","person-000760","בָּרוּךְ","hbo","canonical","accepted"
"name-2131","person-000761","巴西莱","zh-hans","canonical","accepted"
"name-2132","person-000761","Barzillai","en","variant","accepted"
"name-2133","person-000761","בַּרְזִלַּי","hbo","canonical","accepted"
"name-2134","person-000762","巴西莱","zh-hans","canonical","accepted"
"name-2135","person-000762","Barzillai","en","variant","accepted"
"name-2136","person-000762","בַּרְזִלַּי","hbo","canonical","accepted"
"name-2137","person-000763","巴西莱","zh-hans","canonical","accepted"
"name-2138","person-000763","Barzillai","en","variant","accepted"
"name-2139","person-000763","בַּרְזִלַּי","hbo","canonical","accepted"
"name-2140","person-000764","巴实抹","zh-hans","canonical","accepted"
"name-2141","person-000764","Basemath","en","variant","accepted"
"name-2142","person-000764","בָּֽשְׂמַת","hbo","canonical","accepted"
"name-2143","person-000765","拔示巴","zh-hans","canonical","accepted"
"name-2144","person-000765","Bathsheba","en","variant","accepted"
"name-2145","person-000765","בַּת־שֶׁ֫בַע","hbo","canonical","accepted"
"name-2146","person-000765","בַּת־שׁוּעַ","hbo","variant","accepted"
"name-2147","person-000766","巴瓦伊","zh-hans","canonical","accepted"
"name-2148","person-000766","Bavvai","en","variant","accepted"
"name-2149","person-000766","בַּוַּי","hbo","canonical","accepted"
"name-2150","person-000767","巴洗律","zh-hans","canonical","accepted"
"name-2151","person-000767","Bazluth","en","variant","accepted"
"name-2152","person-000767","בַּצְלוּת","hbo","canonical","accepted"
"name-2153","person-000767","בַצְלִית","hbo","canonical","accepted"
"name-2154","person-000768","比亚利雅","zh-hans","canonical","accepted"
"name-2155","person-000768","Bealiah","en","variant","accepted"
"name-2156","person-000768","בַּעַלְיָה","hbo","canonical","accepted"
"name-2157","person-000769","比拜","zh-hans","canonical","accepted"
"name-2158","person-000769","Bebai","en","variant","accepted"
"name-2159","person-000769","בֵּבַי","hbo","canonical","accepted"
"name-2160","person-000770","比拜","zh-hans","canonical","accepted"
"name-2161","person-000770","Bebai","en","variant","accepted"
"name-2162","person-000770","בֵּבַי","hbo","canonical","accepted"
"name-2163","person-000771","比拜","zh-hans","canonical","accepted"
"name-2164","person-000771","Bebai","en","variant","accepted"
"name-2165","person-000771","בֵּבַי","hbo","canonical","accepted"
"name-2166","person-000772","比结","zh-hans","canonical","accepted"
"name-2167","person-000772","Becher","en","variant","accepted"
"name-2168","person-000772","בֶּ֫כֶר","hbo","canonical","accepted"
"name-2169","person-000773","比结","zh-hans","canonical","accepted"
"name-2170","person-000773","Becher","en","variant","accepted"
"name-2171","person-000773","בֶּ֫כֶר","hbo","canonical","accepted"
"name-2172","person-000773","בַּכְרִי","hbo","alias","accepted"
"name-2173","person-000774","比歌拉","zh-hans","canonical","accepted"
"name-2174","person-000774","Becorath","en","variant","accepted"
"name-2175","person-000774","בְּכוֹרַת","hbo","canonical","accepted"
"name-2176","person-000775","比达","zh-hans","canonical","accepted"
"name-2177","person-000775","Bedad","en","variant","accepted"
"name-2178","person-000775","בְּדַד","hbo","canonical","accepted"
"name-2179","person-000776","比但","zh-hans","canonical","accepted"
"name-2180","person-000776","Bedan","en","variant","accepted"
"name-2181","person-000776","בְּדָן","hbo","canonical","accepted"
"name-2182","person-000777","比底雅","zh-hans","canonical","accepted"
"name-2183","person-000777","Bedeiah","en","variant","accepted"
"name-2184","person-000777","בֵּֽדְיָה","hbo","canonical","accepted"
"name-2185","person-000778","比拉","zh-hans","canonical","accepted"
"name-2186","person-000778","Beera","en","variant","accepted"
"name-2187","person-000778","בְּאֵרָא","hbo","canonical","accepted"
"name-2188","person-000779","备拉","zh-hans","canonical","accepted"
"name-2189","person-000779","Beerah","en","variant","accepted"
"name-2190","person-000779","בְּאֵרָה","hbo","canonical","accepted"
"name-2191","person-000780","比利","zh-hans","canonical","accepted"
"name-2192","person-000780","Beeri","en","variant","accepted"
"name-2193","person-000780","בְּאֵרִי","hbo","canonical","accepted"
"name-2194","person-000781","备利","zh-hans","canonical","accepted"
"name-2195","person-000781","Beeri","en","variant","accepted"
"name-2196","person-000781","בְּאֵרִי","hbo","canonical","accepted"
"name-2197","person-000782","比拉","zh-hans","canonical","accepted"
"name-2198","person-000782","Bela","en","variant","accepted"
"name-2199","person-000782","בֶּ֫לַע","hbo","canonical","accepted"
"name-2200","person-000783","比拉","zh-hans","canonical","accepted"
"name-2201","person-000783","Bela","en","variant","accepted"
"name-2202","person-000783","בֶּ֫לַע","hbo","canonical","accepted"
"name-2203","person-000784","比拉","zh-hans","canonical","accepted"
"name-2204","person-000784","Bela","en","variant","accepted"
"name-2205","person-000784","בֶּ֫לַע","hbo","canonical","accepted"
"name-2206","person-000784","בַּלְעִי","hbo","alias","accepted"
"name-2207","person-000785","伯沙撒","zh-hans","canonical","accepted"
"name-2208","person-000785","Belshazzar","en","variant","accepted"
"name-2209","person-000785","בֵּֽלְאשַׁצַּר, בֵּלְשַׁאצַּר","hbo","canonical","accepted"
"name-2210","person-000786","便·亚比拿达","zh-hans","canonical","accepted"
"name-2211","person-000786","Ben-abinadab","en","variant","accepted"
"name-2212","person-000786","בֶּן־אֲבִינָדָב","hbo","canonical","accepted"
"name-2213","person-000787","便·亚米","zh-hans","canonical","accepted"
"name-2214","person-000787","Ben-ammi","en","variant","accepted"
"name-2215","person-000787","בֶּן־עַמִּי","hbo","canonical","accepted"
"name-2216","person-000788","便·底甲","zh-hans","canonical","accepted"
"name-2217","person-000788","Ben-deker","en","variant","accepted"
"name-2218","person-000788","בֶּן־דֶּ֫קֶר","hbo","canonical","accepted"
"name-2219","person-000789","便·基别","zh-hans","canonical","accepted"
"name-2220","person-000789","Ben-Geber","en","variant","accepted"
"name-2221","person-000789","בֶּן־גֶּ֫בֶר","hbo","canonical","accepted"
"name-2222","person-000790","便·哈达","zh-hans","canonical","accepted"
"name-2223","person-000790","Ben-hadad","en","variant","accepted"
"name-2224","person-000790","בֶּן־הֲדַד","hbo","canonical","accepted"
"name-2225","person-000791","便哈达","zh-hans","canonical","accepted"
"name-2226","person-000791","Ben-hadad","en","variant","accepted"
"name-2227","person-000791","בֶּן־הֲדַד","hbo","canonical","accepted"
"name-2228","person-000792","便·哈达","zh-hans","canonical","accepted"
"name-2229","person-000792","Ben-hadad","en","variant","accepted"
"name-2230","person-000792","בֶּן־הֲדַד","hbo","canonical","accepted"
"name-2231","person-000793","便·亥伊勒","zh-hans","canonical","accepted"
"name-2232","person-000793","Ben-hail","en","variant","accepted"
"name-2233","person-000793","בֶּן־חַ֫יִל","hbo","canonical","accepted"
"name-2234","person-000794","便·哈南","zh-hans","canonical","accepted"
"name-2235","person-000794","Ben-hanan","en","variant","accepted"
"name-2236","person-000794","בֶּן־חָנָן","hbo","canonical","accepted"
"name-2237","person-000795","便·希悉","zh-hans","canonical","accepted"
"name-2238","person-000795","Ben-hesed","en","variant","accepted"
"name-2239","person-000795","בֶּן־חֶ֫סֶד","hbo","canonical","accepted"
"name-2240","person-000796","便·户珥","zh-hans","canonical","accepted"
"name-2241","person-000796","Ben-hur","en","variant","accepted"
"name-2242","person-000796","בֶּן־חוּר","hbo","canonical","accepted"
"name-2243","person-000797","便·梭黑","zh-hans","canonical","accepted"
"name-2244","person-000797","Ben-zoheth","en","variant","accepted"
"name-2245","person-000797","בֶּן־זוֹחֵת","hbo","canonical","accepted"
"name-2246","person-000798","比拿雅","zh-hans","canonical","accepted"
"name-2247","person-000798","Benaiah","en","variant","accepted"
"name-2248","person-000798","בְּנָיָ֫הוּ","hbo","canonical","accepted"
"name-2249","person-000799","比拿雅","zh-hans","canonical","accepted"
"name-2250","person-000799","Benaiah","en","variant","accepted"
"name-2251","person-000799","בְּנָיָ֫הוּ","hbo","canonical","accepted"
"name-2252","person-000800","比拿雅","zh-hans","canonical","accepted"
"name-2253","person-000800","Benaiah","en","variant","accepted"
"name-2254","person-000800","בְּנָיָ֫הוּ","hbo","canonical","accepted"
"name-2255","person-000801","比拿雅","zh-hans","canonical","accepted"
"name-2256","person-000801","Benaiah","en","variant","accepted"
"name-2257","person-000801","בְּנָיָ֫הוּ","hbo","canonical","accepted"
"name-2258","person-000802","比拿雅","zh-hans","canonical","accepted"
"name-2259","person-000802","Benaiah","en","variant","accepted"
"name-2260","person-000802","בְּנָיָ֫הוּ","hbo","canonical","accepted"
"name-2261","person-000803","比拿雅","zh-hans","canonical","accepted"
"name-2262","person-000803","Benaiah","en","variant","accepted"
"name-2263","person-000803","בְּנָיָ֫הוּ","hbo","canonical","accepted"
"name-2264","person-000804","比拿雅","zh-hans","canonical","accepted"
"name-2265","person-000804","Benaiah","en","variant","accepted"
"name-2266","person-000804","בְּנָיָ֫הוּ","hbo","canonical","accepted"
"name-2267","person-000805","比拿雅","zh-hans","canonical","accepted"
"name-2268","person-000805","Benaiah","en","variant","accepted"
"name-2269","person-000805","בְּנָיָ֫הוּ","hbo","canonical","accepted"
"name-2270","person-000806","比拿雅","zh-hans","canonical","accepted"
"name-2271","person-000806","Benaiah","en","variant","accepted"
"name-2272","person-000806","בְּנָיָ֫הוּ","hbo","canonical","accepted"
"name-2273","person-000807","比拿雅","zh-hans","canonical","accepted"
"name-2274","person-000807","Benaiah","en","variant","accepted"
"name-2275","person-000807","בְּנָיָ֫הוּ","hbo","canonical","accepted"
"name-2276","person-000808","比拿雅","zh-hans","canonical","accepted"
"name-2277","person-000808","Benaiah","en","variant","accepted"
"name-2278","person-000808","בְּנָיָ֫הוּ","hbo","canonical","accepted"
"name-2279","person-000809","比拿雅","zh-hans","canonical","accepted"
"name-2280","person-000809","Benaiah","en","variant","accepted"
"name-2281","person-000809","בְּנָיָ֫הוּ","hbo","canonical","accepted"
"name-2282","person-000810","比尼努","zh-hans","canonical","accepted"
"name-2283","person-000810","Beninu","en","variant","accepted"
"name-2284","person-000810","בְּנִ֑ינוּ","hbo","canonical","accepted"
"name-2285","person-000811","便雅悯","zh-hans","canonical","accepted"
"name-2286","person-000811","Benjamin","en","variant","accepted"
"name-2287","person-000811","בִּנְיָמִין","hbo","canonical","accepted"
"name-2288","person-000812","便雅悯","zh-hans","canonical","accepted"
"name-2289","person-000812","Benjamin","en","variant","accepted"
"name-2290","person-000812","בִּנְיָמִין","hbo","canonical","accepted"
"name-2291","person-000057","便雅悯","zh-hans","canonical","accepted"
"name-2292","person-000057","בֶּן־יְמִינִי","hbo","alias","accepted"
"name-2293","person-000813","便雅悯","zh-hans","canonical","accepted"
"name-2294","person-000813","Benjamin","en","variant","accepted"
"name-2295","person-000813","בִּנְיָמִין","hbo","canonical","accepted"
"name-2296","person-000814","便雅悯","zh-hans","canonical","accepted"
"name-2297","person-000814","Benjamin","en","variant","accepted"
"name-2298","person-000814","בִּנְיָמִין","hbo","canonical","accepted"
"name-2299","person-000815","比挪","zh-hans","canonical","accepted"
"name-2300","person-000815","Beno","en","variant","accepted"
"name-2301","person-000815","בְּנוֹ","hbo","canonical","accepted"
"name-2302","person-000816","比珥","zh-hans","canonical","accepted"
"name-2303","person-000816","Beor","en","variant","accepted"
"name-2304","person-000816","בְּעוֹר","hbo","canonical","accepted"
"name-2305","person-000058","比珥","zh-hans","canonical","accepted"
"name-2306","person-000817","比拉","zh-hans","canonical","accepted"
"name-2307","person-000817","Bera","en","variant","accepted"
"name-2308","person-000817","בֶּ֫רַע","hbo","canonical","accepted"
"name-2309","person-000818","比拉迦","zh-hans","canonical","accepted"
"name-2310","person-000818","Beracah","en","variant","accepted"
"name-2311","person-000818","בְּרָכָה","hbo","canonical","accepted"
"name-2312","person-000819","比拉雅","zh-hans","canonical","accepted"
"name-2313","person-000819","Beraiah","en","variant","accepted"
"name-2314","person-000819","בְּרָאיָה","hbo","canonical","accepted"
"name-2315","person-000820","比利家","zh-hans","canonical","accepted"
"name-2316","person-000820","Berechiah","en","variant","accepted"
"name-2317","person-000820","בֶּרֶכְיָה","hbo","canonical","accepted"
"name-2318","person-000821","比利家","zh-hans","canonical","accepted"
"name-2319","person-000821","Berechiah","en","variant","accepted"
"name-2320","person-000821","בֶּרֶכְיָה","hbo","canonical","accepted"
"name-2321","person-000822","比利家","zh-hans","canonical","accepted"
"name-2322","person-000822","Berechiah","en","variant","accepted"
"name-2323","person-000822","בֶּרֶכְיָה","hbo","canonical","accepted"
"name-2324","person-000823","比利家","zh-hans","canonical","accepted"
"name-2325","person-000823","Berechiah","en","variant","accepted"
"name-2326","person-000823","בֶּרֶכְיָה","hbo","canonical","accepted"
"name-2327","person-000824","比利迦","zh-hans","canonical","accepted"
"name-2328","person-000824","Berechiah","en","variant","accepted"
"name-2329","person-000824","בֶּרֶכְיָה","hbo","canonical","accepted"
"name-2330","person-000825","比利家","zh-hans","canonical","accepted"
"name-2331","person-000825","Berechiah","en","variant","accepted"
"name-2332","person-000825","בֶּרֶכְיָה","hbo","canonical","accepted"
"name-2333","person-000826","比列","zh-hans","canonical","accepted"
"name-2334","person-000826","Bered","en","variant","accepted"
"name-2335","person-000826","בֶּ֫רֶד","hbo","canonical","accepted"
"name-2336","person-000827","比利","zh-hans","canonical","accepted"
"name-2337","person-000827","Beri","en","variant","accepted"
"name-2338","person-000827","בֵּרִי","hbo","canonical","accepted"
"name-2339","person-000828","比利亚","zh-hans","canonical","accepted"
"name-2340","person-000828","Beriah","en","variant","accepted"
"name-2341","person-000828","בְּרִיעָה","hbo","canonical","accepted"
"name-2342","person-000829","比利亚","zh-hans","canonical","accepted"
"name-2343","person-000829","Beriah","en","variant","accepted"
"name-2344","person-000829","בְּרִיעָה","hbo","canonical","accepted"
"name-2345","person-000830","比利亚","zh-hans","canonical","accepted"
"name-2346","person-000830","Beriah","en","variant","accepted"
"name-2347","person-000830","בְּרִיעָה","hbo","canonical","accepted"
"name-2348","person-000831","比利亚","zh-hans","canonical","accepted"
"name-2349","person-000831","Beriah","en","variant","accepted"
"name-2350","person-000831","בְּרִיעָה","hbo","canonical","accepted"
"name-2351","person-000831","בְּרִיעִי","hbo","alias","accepted"
"name-2352","person-000832","比赛","zh-hans","canonical","accepted"
"name-2353","person-000832","Besai","en","variant","accepted"
"name-2354","person-000832","בֵּסַי","hbo","canonical","accepted"
"name-2355","person-000833","比所玳","zh-hans","canonical","accepted"
"name-2356","person-000833","Besodeiah","en","variant","accepted"
"name-2357","person-000833","בְּסוֹדְיָ֑ה","hbo","canonical","accepted"
"name-2358","person-000834","伯拉巴","zh-hans","canonical","accepted"
"name-2359","person-000834","Beth-rapha","en","variant","accepted"
"name-2360","person-000834","בֵּית רָפָא","hbo","canonical","accepted"
"name-2361","person-000835","彼土利","zh-hans","canonical","accepted"
"name-2362","person-000835","Bethuel","en","variant","accepted"
"name-2363","person-000835","בְּתוּאֵל","hbo","canonical","accepted"
"name-2364","person-000836","比赛","zh-hans","canonical","accepted"
"name-2365","person-000836","Bezai","en","variant","accepted"
"name-2366","person-000836","בֵּצָ֑י","hbo","canonical","accepted"
"name-2367","person-000837","比赛","zh-hans","canonical","accepted"
"name-2368","person-000837","Bezai","en","variant","accepted"
"name-2369","person-000837","בֵּצָ֑י","hbo","canonical","accepted"
"name-2370","person-000838","比撒列","zh-hans","canonical","accepted"
"name-2371","person-000838","Bezalel","en","variant","accepted"
"name-2372","person-000838","בְּצַלְאֵל","hbo","canonical","accepted"
"name-2373","person-000839","比撒列","zh-hans","canonical","accepted"
"name-2374","person-000839","Bezalel","en","variant","accepted"
"name-2375","person-000839","בְּצַלְאֵל","hbo","canonical","accepted"
"name-2376","person-000840","比悉","zh-hans","canonical","accepted"
"name-2377","person-000840","Bezer","en","variant","accepted"
"name-2378","person-000840","בֶּ֫צֶר","hbo","canonical","accepted"
"name-2379","person-000841","比基利","zh-hans","canonical","accepted"
"name-2380","person-000841","Bichri","en","variant","accepted"
"name-2381","person-000841","בִּכְרִי","hbo","canonical","accepted"
"name-2382","person-000841","בֵּרִים","hbo","alias","accepted"
"name-2383","person-000842","毕甲","zh-hans","canonical","accepted"
"name-2384","person-000842","Bidkar","en","variant","accepted"
"name-2385","person-000842","בִּדְקַר","hbo","canonical","accepted"
"name-2386","person-000843","比革他","zh-hans","canonical","accepted"
"name-2387","person-000843","Bigtha","en","variant","accepted"
"name-2388","person-000843","בִּגְתָא","hbo","canonical","accepted"
"name-2389","person-000844","辟探","zh-hans","canonical","accepted"
"name-2390","person-000844","Bigthan","en","variant","accepted"
"name-2391","person-000844","בִּגְתָן","hbo","canonical","accepted"
"name-2392","person-000845","比革瓦伊","zh-hans","canonical","accepted"
"name-2393","person-000845","Bigvai","en","variant","accepted"
"name-2394","person-000845","בִּגְוַי","hbo","canonical","accepted"
"name-2395","person-000846","比革瓦伊","zh-hans","canonical","accepted"
"name-2396","person-000846","Bigvai","en","variant","accepted"
"name-2397","person-000846","בִּגְוַי","hbo","canonical","accepted"
"name-2398","person-000847","比革瓦伊","zh-hans","canonical","accepted"
"name-2399","person-000847","Bigvai","en","variant","accepted"
"name-2400","person-000847","בִּגְוַי","hbo","canonical","accepted"
"name-2401","person-000848","比勒达","zh-hans","canonical","accepted"
"name-2402","person-000848","Bildad","en","variant","accepted"
"name-2403","person-000848","בִּלְדַּד","hbo","canonical","accepted"
"name-2404","person-000849","璧迦","zh-hans","canonical","accepted"
"name-2405","person-000849","Bilgah","en","variant","accepted"
"name-2406","person-000849","בִּלְגָּה","hbo","canonical","accepted"
"name-2407","person-000850","璧迦","zh-hans","canonical","accepted"
"name-2408","person-000850","Bilgah","en","variant","accepted"
"name-2409","person-000850","בִּלְגָּה","hbo","canonical","accepted"
"name-2410","person-000850","בִּלְגַּי","hbo","canonical","accepted"
"name-2411","person-000851","辟拉","zh-hans","canonical","accepted"
"name-2412","person-000851","Bilhah","en","variant","accepted"
"name-2413","person-000851","בִּלְהָה","hbo","canonical","accepted"
"name-2414","person-000852","比勒罕","zh-hans","canonical","accepted"
"name-2415","person-000852","Bilhan","en","variant","accepted"
"name-2416","person-000852","בִּלְהָן","hbo","canonical","accepted"
"name-2417","person-000853","辟罕","zh-hans","canonical","accepted"
"name-2418","person-000853","Bilhan","en","variant","accepted"
"name-2419","person-000853","בִּלְהָן","hbo","canonical","accepted"
"name-2420","person-000854","必珊","zh-hans","canonical","accepted"
"name-2421","person-000854","Bilshan","en","variant","accepted"
"name-2422","person-000854","בִּלְשָׁן","hbo","canonical","accepted"
"name-2423","person-000855","宾哈","zh-hans","canonical","accepted"
"name-2424","person-000855","Bimhal","en","variant","accepted"
"name-2425","person-000855","בִּמְהָל","hbo","canonical","accepted"
"name-2426","person-000856","比尼亚","zh-hans","canonical","accepted"
"name-2427","person-000856","Binea","en","variant","accepted"
"name-2428","person-000856","בִּנְעָא","hbo","canonical","accepted"
"name-2429","person-000857","宾内","zh-hans","canonical","accepted"
"name-2430","person-000857","Binnui","en","variant","accepted"
"name-2431","person-000857","בִּנּוּי","hbo","canonical","accepted"
"name-2432","person-000858","宾内","zh-hans","canonical","accepted"
"name-2433","person-000858","Binnui","en","variant","accepted"
"name-2434","person-000858","בִּנּוּי","hbo","canonical","accepted"
"name-2435","person-000859","宾内","zh-hans","canonical","accepted"
"name-2436","person-000859","Binnui","en","variant","accepted"
"name-2437","person-000859","בִּנּוּי","hbo","canonical","accepted"
"name-2438","person-000860","宾内","zh-hans","canonical","accepted"
"name-2439","person-000860","Binnui","en","variant","accepted"
"name-2440","person-000860","בִּנּוּי","hbo","canonical","accepted"
"name-2441","person-000861","比沙","zh-hans","canonical","accepted"
"name-2442","person-000861","Birsha","en","variant","accepted"
"name-2443","person-000861","בִּרְשַׁע","hbo","canonical","accepted"
"name-2444","person-000862","比施兰","zh-hans","canonical","accepted"
"name-2445","person-000862","Bishlam","en","variant","accepted"
"name-2446","person-000862","בִּשְׁלָם","hbo","canonical","accepted"
"name-2447","person-000863","比提雅","zh-hans","canonical","accepted"
"name-2448","person-000863","Bithiah","en","variant","accepted"
"name-2449","person-000863","בִּתְיָה","hbo","canonical","accepted"
"name-2450","person-000864","比斯他","zh-hans","canonical","accepted"
"name-2451","person-000864","Biztha","en","variant","accepted"
"name-2452","person-000864","בִּזְּתָא","hbo","canonical","accepted"
"name-2453","person-000061","波阿斯","zh-hans","canonical","accepted"
"name-2454","person-000865","波基路","zh-hans","canonical","accepted"
"name-2455","person-000865","Bocheru","en","variant","accepted"
"name-2456","person-000865","בֹּֽכְרוּ","hbo","canonical","accepted"
"name-2457","person-000866","波罕","zh-hans","canonical","accepted"
"name-2458","person-000866","Bohan","en","variant","accepted"
"name-2459","person-000866","בֹּ֫הַן","hbo","canonical","accepted"
"name-2460","person-000867","布基","zh-hans","canonical","accepted"
"name-2461","person-000867","Bukki","en","variant","accepted"
"name-2462","person-000867","בֻּקִּי","hbo","canonical","accepted"
"name-2463","person-000868","布基","zh-hans","canonical","accepted"
"name-2464","person-000868","Bukki","en","variant","accepted"
"name-2465","person-000868","בֻּקִּי","hbo","canonical","accepted"
"name-2466","person-000869","布基雅","zh-hans","canonical","accepted"
"name-2467","person-000869","Bukkiah","en","variant","accepted"
"name-2468","person-000869","בֻּקִּיָּ֫הוּ","hbo","canonical","accepted"
"name-2469","person-000870","布拿","zh-hans","canonical","accepted"
"name-2470","person-000870","Bunah","en","variant","accepted"
"name-2471","person-000870","בּוּנָה","hbo","canonical","accepted"
"name-2472","person-000871","布尼","zh-hans","canonical","accepted"
"name-2473","person-000871","Bunni","en","variant","accepted"
"name-2474","person-000871","בֻּנִּי","hbo","canonical","accepted"
"name-2475","person-000872","布尼","zh-hans","canonical","accepted"
"name-2476","person-000872","Bunni","en","variant","accepted"
"name-2477","person-000872","בֻּנִּי","hbo","canonical","accepted"
"name-2478","person-000873","布尼","zh-hans","canonical","accepted"
"name-2479","person-000873","Bunni","en","variant","accepted"
"name-2480","person-000873","בֻּנִּי","hbo","canonical","accepted"
"name-2481","person-000874","布斯","zh-hans","canonical","accepted"
"name-2482","person-000874","Buz","en","variant","accepted"
"name-2483","person-000874","בּוּז","hbo","canonical","accepted"
"name-2484","person-000875","布斯","zh-hans","canonical","accepted"
"name-2485","person-000875","Buz","en","variant","accepted"
"name-2486","person-000875","בּוּז","hbo","canonical","accepted"
"name-2487","person-000876","布西","zh-hans","canonical","accepted"
"name-2488","person-000876","Buzi","en","variant","accepted"
"name-2489","person-000876","בּוּזִי","hbo","canonical","accepted"
"name-2490","person-000063","该隐","zh-hans","canonical","accepted"
"name-2491","person-000877","甲各","zh-hans","canonical","accepted"
"name-2492","person-000877","Calcol","en","variant","accepted"
"name-2493","person-000877","כַּלְכֹּל","hbo","canonical","accepted"
"name-2494","person-000878","甲各","zh-hans","canonical","accepted"
"name-2495","person-000878","Calcol","en","variant","accepted"
"name-2496","person-000878","כַּלְכֹּל","hbo","canonical","accepted"
"name-2497","person-000879","迦勒","zh-hans","canonical","accepted"
"name-2498","person-000879","Caleb","en","variant","accepted"
"name-2499","person-000879","כָּלֵב","hbo","canonical","accepted"
"name-2500","person-000879","כַּרְמִי","hbo","canonical","accepted"
"name-2501","person-000879","כְּלוּבָ֑י","hbo","canonical","accepted"
"name-2502","person-000880","迦勒","zh-hans","canonical","accepted"
"name-2503","person-000880","Caleb","en","variant","accepted"
"name-2504","person-000880","כָּלֵב","hbo","canonical","accepted"
"name-2505","person-000880","כָּלִבִּי","hbo","alias","accepted"
"name-2506","person-000881","迦南","zh-hans","canonical","accepted"
"name-2507","person-000881","Canaan","en","variant","accepted"
"name-2508","person-000881","כְּנַ֫עַן","hbo","canonical","accepted"
"name-2509","person-000882","甲迦","zh-hans","canonical","accepted"
"name-2510","person-000882","Carkas","en","variant","accepted"
"name-2511","person-000882","כַּרְכַּס","hbo","canonical","accepted"
"name-2512","person-000883","迦米","zh-hans","canonical","accepted"
"name-2513","person-000883","Carmi","en","variant","accepted"
"name-2514","person-000883","כַּרְמִי","hbo","canonical","accepted"
"name-2515","person-000884","迦米","zh-hans","canonical","accepted"
"name-2516","person-000884","Carmi","en","variant","accepted"
"name-2517","person-000884","כַּרְמִי","hbo","canonical","accepted"
"name-2518","person-000885","甲示拿","zh-hans","canonical","accepted"
"name-2519","person-000885","Carshena","en","variant","accepted"
"name-2520","person-000885","כַּרְשְׁנָא","hbo","canonical","accepted"
"name-2521","person-000886","基大老玛","zh-hans","canonical","accepted"
"name-2522","person-000886","Chedorlaomer","en","variant","accepted"
"name-2523","person-000886","כְּדׇרְלָעֹמֶר","hbo","canonical","accepted"
"name-2524","person-000887","基拉","zh-hans","canonical","accepted"
"name-2525","person-000887","Chelal","en","variant","accepted"
"name-2526","person-000887","כְּלָ֑ל","hbo","canonical","accepted"
"name-2527","person-000888","基绿","zh-hans","canonical","accepted"
"name-2528","person-000888","Chelub","en","variant","accepted"
"name-2529","person-000888","כְּלוּב","hbo","canonical","accepted"
"name-2530","person-000889","基绿","zh-hans","canonical","accepted"
"name-2531","person-000889","Chelub","en","variant","accepted"
"name-2532","person-000889","כְּלוּב","hbo","canonical","accepted"
"name-2533","person-000890","基禄","zh-hans","canonical","accepted"
"name-2534","person-000890","Cheluhi","en","variant","accepted"
"name-2535","person-000890","כְּלוּהוּ","hbo","canonical","accepted"
"name-2536","person-000891","基拿拿","zh-hans","canonical","accepted"
"name-2537","person-000891","Chenaanah","en","variant","accepted"
"name-2538","person-000891","כְּנַעֲנָה","hbo","canonical","accepted"
"name-2539","person-000892","基拿拿","zh-hans","canonical","accepted"
"name-2540","person-000892","Chenaanah","en","variant","accepted"
"name-2541","person-000892","כְּנַעֲנָה","hbo","canonical","accepted"
"name-2542","person-000893","基拿尼","zh-hans","canonical","accepted"
"name-2543","person-000893","Chenani","en","variant","accepted"
"name-2544","person-000893","כְּנָנִי","hbo","canonical","accepted"
"name-2545","person-000894","基拿尼雅","zh-hans","canonical","accepted"
"name-2546","person-000894","Chenaniah","en","variant","accepted"
"name-2547","person-000894","כְּנַנְיָ֫הוּ","hbo","canonical","accepted"
"name-2548","person-000895","基兰","zh-hans","canonical","accepted"
"name-2549","person-000895","Cheran","en","variant","accepted"
"name-2550","person-000895","כְּרָ֑ן","hbo","canonical","accepted"
"name-2551","person-000896","基薛","zh-hans","canonical","accepted"
"name-2552","person-000896","Chesed","en","variant","accepted"
"name-2553","person-000896","כֶּ֫שֶׂד","hbo","canonical","accepted"
"name-2554","person-000897","基利押","zh-hans","canonical","accepted"
"name-2555","person-000897","Chileab","en","variant","accepted"
"name-2556","person-000897","כִּלְאָב","hbo","canonical","accepted"
"name-2557","person-000897","דָּנִיֵּאל, דָּנִאֵל","hbo","canonical","accepted"
"name-2558","person-000898","基连","zh-hans","canonical","accepted"
"name-2559","person-000898","Chilion","en","variant","accepted"
"name-2560","person-000898","כִּלְיוֹן","hbo","canonical","accepted"
"name-2561","person-000899","金罕","zh-hans","canonical","accepted"
"name-2562","person-000899","Chimham","en","variant","accepted"
"name-2563","person-000899","כִּמְהָם","hbo","canonical","accepted"
"name-2564","person-000900","基斯伦","zh-hans","canonical","accepted"
"name-2565","person-000900","Chislon","en","variant","accepted"
"name-2566","person-000900","כִּסְלוֹן","hbo","canonical","accepted"
"name-2567","person-000901","谷何西","zh-hans","canonical","accepted"
"name-2568","person-000901","Col-hozeh","en","variant","accepted"
"name-2569","person-000901","כׇּל־חֹזֶה","hbo","canonical","accepted"
"name-2570","person-000902","各荷西","zh-hans","canonical","accepted"
"name-2571","person-000902","Col-hozeh","en","variant","accepted"
"name-2572","person-000902","כׇּל־חֹזֶה","hbo","canonical","accepted"
"name-2573","person-000903","歌楠雅","zh-hans","canonical","accepted"
"name-2574","person-000903","Conaniah","en","variant","accepted"
"name-2575","person-000903","כּוֹנַנְיָ֫הוּ","hbo","canonical","accepted"
"name-2576","person-000904","哥斯比","zh-hans","canonical","accepted"
"name-2577","person-000904","Cozbi","en","variant","accepted"
"name-2578","person-000904","כָּזְבִי","hbo","canonical","accepted"
"name-2579","person-000905","古实","zh-hans","canonical","accepted"
"name-2580","person-000905","Cush","en","variant","accepted"
"name-2581","person-000905","כּוּשׁ","hbo","canonical","accepted"
"name-2582","person-000906","古实","zh-hans","canonical","accepted"
"name-2583","person-000906","Cush","en","variant","accepted"
"name-2584","person-000906","כּוּשׁ","hbo","canonical","accepted"
"name-2585","person-000907","古珊·利萨田","zh-hans","canonical","accepted"
"name-2586","person-000907","Cushan-rishathaim","en","variant","accepted"
"name-2587","person-000907","כּוּשַׁן רִשְׁעָתַ֫יִם","hbo","canonical","accepted"
"name-2588","person-000908","古示","zh-hans","canonical","accepted"
"name-2589","person-000908","Cushi","en","variant","accepted"
"name-2590","person-000908","כּוּשִׁי","hbo","canonical","accepted"
"name-2591","person-000909","古示","zh-hans","canonical","accepted"
"name-2592","person-000909","Cushi","en","variant","accepted"
"name-2593","person-000909","כּוּשִׁי","hbo","canonical","accepted"
"name-2594","person-000910","塞鲁士","zh-hans","canonical","accepted"
"name-2595","person-000910","Cyrus","en","variant","accepted"
"name-2596","person-000910","כּ֫וֹרֶשׁ","hbo","canonical","accepted"
"name-2597","person-000911","达分","zh-hans","canonical","accepted"
"name-2598","person-000911","Dalphon","en","variant","accepted"
"name-2599","person-000911","דַּלְפוֹן","hbo","canonical","accepted"
"name-2600","person-000912","但","zh-hans","canonical","accepted"
"name-2601","person-000912","Dan","en","variant","accepted"
"name-2602","person-000912","דָּן","hbo","canonical","accepted"
"name-2603","person-000076","但以理","zh-hans","canonical","accepted"
"name-2604","person-000913","但以理","zh-hans","canonical","accepted"
"name-2605","person-000913","Daniel","en","variant","accepted"
"name-2606","person-000913","דָּנִיֵּאל, דָּנִאֵל","hbo","canonical","accepted"
"name-2607","person-000914","大拉","zh-hans","canonical","accepted"
"name-2608","person-000914","Dara","en","variant","accepted"
"name-2609","person-000914","דָּרַע","hbo","canonical","accepted"
"name-2610","person-000915","达大","zh-hans","canonical","accepted"
"name-2611","person-000915","Darda","en","variant","accepted"
"name-2612","person-000915","דַּרְדַּע","hbo","canonical","accepted"
"name-2613","person-000916","大流士","zh-hans","canonical","accepted"
"name-2614","person-000916","Darius","en","variant","accepted"
"name-2615","person-000916","דָּֽרְיָ֫וֶשׁ","hbo","canonical","accepted"
"name-2616","person-000917","大流士","zh-hans","canonical","accepted"
"name-2617","person-000917","Darius","en","variant","accepted"
"name-2618","person-000917","דָּֽרְיָ֫וֶשׁ","hbo","canonical","accepted"
"name-2619","person-000918","大流士","zh-hans","canonical","accepted"
"name-2620","person-000918","Darius","en","variant","accepted"
"name-2621","person-000918","דָּֽרְיָ֫וֶשׁ","hbo","canonical","accepted"
"name-2622","person-000919","达昆","zh-hans","canonical","accepted"
"name-2623","person-000919","Darkon","en","variant","accepted"
"name-2624","person-000919","דַּרְקוֹן","hbo","canonical","accepted"
"name-2625","person-000920","大坍","zh-hans","canonical","accepted"
"name-2626","person-000920","Dathan","en","variant","accepted"
"name-2627","person-000920","דָּתָן","hbo","canonical","accepted"
"name-2628","person-000077","大卫","zh-hans","canonical","accepted"
"name-2629","person-000921","底璧","zh-hans","canonical","accepted"
"name-2630","person-000921","Debir","en","variant","accepted"
"name-2631","person-000921","דְּבִיר","hbo","canonical","accepted"
"name-2632","person-000922","底波拉","zh-hans","canonical","accepted"
"name-2633","person-000922","Deborah","en","variant","accepted"
"name-2634","person-000922","דְּבוֹרָה","hbo","canonical","accepted"
"name-2635","person-000923","底波拉","zh-hans","canonical","accepted"
"name-2636","person-000923","Deborah","en","variant","accepted"
"name-2637","person-000923","דְּבוֹרָה","hbo","canonical","accepted"
"name-2638","person-000924","底但","zh-hans","canonical","accepted"
"name-2639","person-000924","Dedan","en","variant","accepted"
"name-2640","person-000924","רֹדָן","hbo","canonical","accepted"
"name-2641","person-000925","底但","zh-hans","canonical","accepted"
"name-2642","person-000925","Dedan","en","variant","accepted"
"name-2643","person-000925","רֹדָן","hbo","canonical","accepted"
"name-2644","person-000926","底甲","zh-hans","canonical","accepted"
"name-2645","person-000926","Deker","en","variant","accepted"
"name-2646","person-000926","דֶּ֫קֶר","hbo","canonical","accepted"
"name-2647","person-000927","第来雅","zh-hans","canonical","accepted"
"name-2648","person-000927","Delaiah","en","variant","accepted"
"name-2649","person-000927","דְּלָיָ֫הוּ","hbo","canonical","accepted"
"name-2650","person-000928","第莱雅","zh-hans","canonical","accepted"
"name-2651","person-000928","Delaiah","en","variant","accepted"
"name-2652","person-000928","דְּלָיָ֫הוּ","hbo","canonical","accepted"
"name-2653","person-000929","第来雅","zh-hans","canonical","accepted"
"name-2654","person-000929","Delaiah","en","variant","accepted"
"name-2655","person-000929","דְּלָיָ֫הוּ","hbo","canonical","accepted"
"name-2656","person-000930","第莱雅","zh-hans","canonical","accepted"
"name-2657","person-000930","Delaiah","en","variant","accepted"
"name-2658","person-000930","דְּלָיָ֫הוּ","hbo","canonical","accepted"
"name-2659","person-000931","第来雅","zh-hans","canonical","accepted"
"name-2660","person-000931","Delaiah","en","variant","accepted"
"name-2661","person-000931","דְּלָיָ֫הוּ","hbo","canonical","accepted"
"name-2662","person-000932","大利拉","zh-hans","canonical","accepted"
"name-2663","person-000932","Delilah","en","variant","accepted"
"name-2664","person-000932","דְּלִילָה","hbo","canonical","accepted"
"name-2665","person-000933","丢珥","zh-hans","canonical","accepted"
"name-2666","person-000933","Deuel","en","variant","accepted"
"name-2667","person-000933","דְּעוּאֵל","hbo","canonical","accepted"
"name-2668","person-000933","רְעוּאֵל","hbo","canonical","accepted"
"name-2669","person-000934","滴拉音","zh-hans","canonical","accepted"
"name-2670","person-000934","Diblaim","en","variant","accepted"
"name-2671","person-000934","דִּבְלַ֫יִם","hbo","canonical","accepted"
"name-2672","person-000935","底伯利","zh-hans","canonical","accepted"
"name-2673","person-000935","Dibri","en","variant","accepted"
"name-2674","person-000935","דִּבְרִי","hbo","canonical","accepted"
"name-2675","person-000936","德拉","zh-hans","canonical","accepted"
"name-2676","person-000936","Diklah","en","variant","accepted"
"name-2677","person-000936","דִּקְלָה","hbo","canonical","accepted"
"name-2678","person-000937","底拿","zh-hans","canonical","accepted"
"name-2679","person-000937","Dinah","en","variant","accepted"
"name-2680","person-000937","דִּינָה","hbo","canonical","accepted"
"name-2681","person-000938","底珊","zh-hans","canonical","accepted"
"name-2682","person-000938","Dishan","en","variant","accepted"
"name-2683","person-000938","דִּישָׁן","hbo","canonical","accepted"
"name-2684","person-000938","דִּישֹׁן","hbo","variant","accepted"
"name-2685","person-000939","底顺","zh-hans","canonical","accepted"
"name-2686","person-000939","Dishon","en","variant","accepted"
"name-2687","person-000939","דִּישֹׁן","hbo","canonical","accepted"
"name-2688","person-000939","דִּישָׁן","hbo","variant","accepted"
"name-2689","person-000940","底顺","zh-hans","canonical","accepted"
"name-2690","person-000940","Dishon","en","variant","accepted"
"name-2691","person-000940","דִּישֹׁן","hbo","canonical","accepted"
"name-2692","person-000941","多大瓦","zh-hans","canonical","accepted"
"name-2693","person-000941","Dodavahu","en","variant","accepted"
"name-2694","person-000941","דּוֹדָוָהוּ","hbo","canonical","accepted"
"name-2695","person-000942","朵多","zh-hans","canonical","accepted"
"name-2696","person-000942","Dodo","en","variant","accepted"
"name-2697","person-000942","דּוֹדוֹ","hbo","canonical","accepted"
"name-2698","person-000943","朵多","zh-hans","canonical","accepted"
"name-2699","person-000943","Dodo","en","variant","accepted"
"name-2700","person-000943","דּוֹדוֹ","hbo","canonical","accepted"
"name-2701","person-000943","דּוֹדַי","hbo","canonical","accepted"
"name-2702","person-000944","朵多","zh-hans","canonical","accepted"
"name-2703","person-000944","Dodo","en","variant","accepted"
"name-2704","person-000944","דּוֹדוֹ","hbo","canonical","accepted"
"name-2705","person-000945","多益","zh-hans","canonical","accepted"
"name-2706","person-000945","Doeg","en","variant","accepted"
"name-2707","person-000945","דֹּאֵג","hbo","canonical","accepted"
"name-2708","person-000946","度玛","zh-hans","canonical","accepted"
"name-2709","person-000946","Dumah","en","variant","accepted"
"name-2710","person-000946","דּוּמָה","hbo","canonical","accepted"
"name-2711","person-000947","以巴录","zh-hans","canonical","accepted"
"name-2712","person-000947","Ebal","en","variant","accepted"
"name-2713","person-000947","עֵיבָל","hbo","canonical","accepted"
"name-2714","person-000948","以伯·米勒","zh-hans","canonical","accepted"
"name-2715","person-000948","Ebed-melech","en","variant","accepted"
"name-2716","person-000948","עֶ֫בֶד מֶ֫לֶךְ","hbo","canonical","accepted"
"name-2717","person-000949","以别","zh-hans","canonical","accepted"
"name-2718","person-000949","Ebed","en","variant","accepted"
"name-2719","person-000949","עֶ֫בֶד","hbo","canonical","accepted"
"name-2720","person-000950","以别","zh-hans","canonical","accepted"
"name-2721","person-000950","Ebed","en","variant","accepted"
"name-2722","person-000950","עֶ֫בֶד","hbo","canonical","accepted"
"name-2723","person-000951","希伯","zh-hans","canonical","accepted"
"name-2724","person-000951","Eber","en","variant","accepted"
"name-2725","person-000951","עֵ֫בֶר","hbo","canonical","accepted"
"name-2726","person-000952","希伯","zh-hans","canonical","accepted"
"name-2727","person-000952","Eber","en","variant","accepted"
"name-2728","person-000952","עֵ֫בֶר","hbo","canonical","accepted"
"name-2729","person-000953","希伯","zh-hans","canonical","accepted"
"name-2730","person-000953","Eber","en","variant","accepted"
"name-2731","person-000953","עֵ֫בֶר","hbo","canonical","accepted"
"name-2732","person-000083","希伯","zh-hans","canonical","accepted"
"name-2733","person-000954","希伯","zh-hans","canonical","accepted"
"name-2734","person-000954","Eber","en","variant","accepted"
"name-2735","person-000954","עֵ֫בֶר","hbo","canonical","accepted"
"name-2736","person-000955","以比雅撒","zh-hans","canonical","accepted"
"name-2737","person-000955","Ebiasaph","en","variant","accepted"
"name-2738","person-000955","אֶבְיָסָף, אֲבִיאָסָף","hbo","canonical","accepted"
"name-2739","person-000955","אֲבִיאָסָף","hbo","canonical","accepted"
"name-2740","person-000955","אָסָף","hbo","canonical","accepted"
"name-2741","person-000956","伊甸","zh-hans","canonical","accepted"
"name-2742","person-000956","Eden","en","variant","accepted"
"name-2743","person-000956","עֵ֫דֶן","hbo","canonical","accepted"
"name-2744","person-000957","伊甸","zh-hans","canonical","accepted"
"name-2745","person-000957","Eden","en","variant","accepted"
"name-2746","person-000957","עֵ֫דֶן","hbo","canonical","accepted"
"name-2747","person-000958","以得","zh-hans","canonical","accepted"
"name-2748","person-000958","Eder","en","variant","accepted"
"name-2749","person-000958","עֵ֫דֶר","hbo","canonical","accepted"
"name-2750","person-000959","亚得","zh-hans","canonical","accepted"
"name-2751","person-000959","Eder","en","variant","accepted"
"name-2752","person-000959","עֶ֫דֶר","hbo","canonical","accepted"
"name-2753","person-000960","以格拉","zh-hans","canonical","accepted"
"name-2754","person-000960","Eglah","en","variant","accepted"
"name-2755","person-000960","עֶגְלָה","hbo","canonical","accepted"
"name-2756","person-000961","伊矶伦","zh-hans","canonical","accepted"
"name-2757","person-000961","Eglon","en","variant","accepted"
"name-2758","person-000961","עֶגְלוֹן","hbo","canonical","accepted"
"name-2759","person-000962","麦西","zh-hans","canonical","accepted"
"name-2760","person-000962","Egypt","en","variant","accepted"
"name-2761","person-000962","מִצְרַ֫יִם","hbo","canonical","accepted"
"name-2762","person-000963","以忽","zh-hans","canonical","accepted"
"name-2763","person-000963","Ehud","en","variant","accepted"
"name-2764","person-000963","אֵהוּד","hbo","canonical","accepted"
"name-2765","person-000964","以笏","zh-hans","canonical","accepted"
"name-2766","person-000964","Ehud","en","variant","accepted"
"name-2767","person-000964","אֵהוּד","hbo","canonical","accepted"
"name-2768","person-000964","אֵחוּד","hbo","variant","accepted"
"name-2769","person-000965","以结","zh-hans","canonical","accepted"
"name-2770","person-000965","Eker","en","variant","accepted"
"name-2771","person-000965","עֵקֶר","hbo","canonical","accepted"
"name-2772","person-000966","以拉","zh-hans","canonical","accepted"
"name-2773","person-000966","Ela","en","variant","accepted"
"name-2774","person-000966","אֵלָא","hbo","canonical","accepted"
"name-2775","person-000967","以拉","zh-hans","canonical","accepted"
"name-2776","person-000967","Elah","en","variant","accepted"
"name-2777","person-000967","אֵלָה","hbo","canonical","accepted"
"name-2778","person-000968","以拉","zh-hans","canonical","accepted"
"name-2779","person-000968","Elah","en","variant","accepted"
"name-2780","person-000968","אֵלָה","hbo","canonical","accepted"
"name-2781","person-000969","以拉","zh-hans","canonical","accepted"
"name-2782","person-000969","Elah","en","variant","accepted"
"name-2783","person-000969","אֵלָה","hbo","canonical","accepted"
"name-2784","person-000970","以拉","zh-hans","canonical","accepted"
"name-2785","person-000970","Elah","en","variant","accepted"
"name-2786","person-000970","אֵלָה","hbo","canonical","accepted"
"name-2787","person-000971","以拉","zh-hans","canonical","accepted"
"name-2788","person-000971","Elah","en","variant","accepted"
"name-2789","person-000971","אֵלָה","hbo","canonical","accepted"
"name-2790","person-000972","以拦","zh-hans","canonical","accepted"
"name-2791","person-000972","Elam","en","variant","accepted"
"name-2792","person-000972","עֵילָם","hbo","canonical","accepted"
"name-2793","person-000973","以拦","zh-hans","canonical","accepted"
"name-2794","person-000973","Elam","en","variant","accepted"
"name-2795","person-000973","עֵילָם","hbo","canonical","accepted"
"name-2796","person-000974","以拦","zh-hans","canonical","accepted"
"name-2797","person-000974","Elam","en","variant","accepted"
"name-2798","person-000974","עֵילָם","hbo","canonical","accepted"
"name-2799","person-000975","以拦","zh-hans","canonical","accepted"
"name-2800","person-000975","Elam","en","variant","accepted"
"name-2801","person-000975","עֵילָם","hbo","canonical","accepted"
"name-2802","person-000976","以拦","zh-hans","canonical","accepted"
"name-2803","person-000976","Elam","en","variant","accepted"
"name-2804","person-000976","עֵילָם","hbo","canonical","accepted"
"name-2805","person-000977","以拦","zh-hans","canonical","accepted"
"name-2806","person-000977","Elam","en","variant","accepted"
"name-2807","person-000977","עֵילָם","hbo","canonical","accepted"
"name-2808","person-000978","以利亚撒","zh-hans","canonical","accepted"
"name-2809","person-000978","Elasah","en","variant","accepted"
"name-2810","person-000978","אֶלְעָשָׂה","hbo","canonical","accepted"
"name-2811","person-000979","以利亚萨","zh-hans","canonical","accepted"
"name-2812","person-000979","Elasah","en","variant","accepted"
"name-2813","person-000979","אֶלְעָשָׂה","hbo","canonical","accepted"
"name-2814","person-000980","以勒大","zh-hans","canonical","accepted"
"name-2815","person-000980","Eldaah","en","variant","accepted"
"name-2816","person-000980","אֶלְדָּעָה","hbo","canonical","accepted"
"name-2817","person-000981","伊利达","zh-hans","canonical","accepted"
"name-2818","person-000981","Eldad","en","variant","accepted"
"name-2819","person-000981","אֶלְדָּד","hbo","canonical","accepted"
"name-2820","person-000982","以列","zh-hans","canonical","accepted"
"name-2821","person-000982","Elead","en","variant","accepted"
"name-2822","person-000982","אֶלְעָד","hbo","canonical","accepted"
"name-2823","person-000983","以拉大","zh-hans","canonical","accepted"
"name-2824","person-000983","Eleadah","en","variant","accepted"
"name-2825","person-000983","אֶלְעָדָה","hbo","canonical","accepted"
"name-2826","person-000984","以利亚萨","zh-hans","canonical","accepted"
"name-2827","person-000984","Eleasah","en","variant","accepted"
"name-2828","person-000984","אֶלְעָשָׂה","hbo","canonical","accepted"
"name-2829","person-000985","以利亚萨","zh-hans","canonical","accepted"
"name-2830","person-000985","Eleasah","en","variant","accepted"
"name-2831","person-000985","אֶלְעָשָׂה","hbo","canonical","accepted"
"name-2832","person-000985","עֵ֫שֶׁק","hbo","canonical","accepted"
"name-2833","person-000986","以利亚撒","zh-hans","canonical","accepted"
"name-2834","person-000986","Eleazar","en","variant","accepted"
"name-2835","person-000986","אֶלְעָזָר","hbo","canonical","accepted"
"name-2836","person-000987","以利亚撒","zh-hans","canonical","accepted"
"name-2837","person-000987","Eleazar","en","variant","accepted"
"name-2838","person-000987","אֶלְעָזָר","hbo","canonical","accepted"
"name-2839","person-000988","以利亚撒","zh-hans","canonical","accepted"
"name-2840","person-000988","Eleazar","en","variant","accepted"
"name-2841","person-000988","אֶלְעָזָר","hbo","canonical","accepted"
"name-2842","person-000989","以利亚撒","zh-hans","canonical","accepted"
"name-2843","person-000989","Eleazar","en","variant","accepted"
"name-2844","person-000989","אֶלְעָזָר","hbo","canonical","accepted"
"name-2845","person-000990","以利亚撒","zh-hans","canonical","accepted"
"name-2846","person-000990","Eleazar","en","variant","accepted"
"name-2847","person-000990","אֶלְעָזָר","hbo","canonical","accepted"
"name-2848","person-000991","以利亚撒","zh-hans","canonical","accepted"
"name-2849","person-000991","Eleazar","en","variant","accepted"
"name-2850","person-000991","אֶלְעָזָר","hbo","canonical","accepted"
"name-2851","person-000992","以利亚撒","zh-hans","canonical","accepted"
"name-2852","person-000992","Eleazar","en","variant","accepted"
"name-2853","person-000992","אֶלְעָזָר","hbo","canonical","accepted"
"name-2854","person-000993","伊勒哈难","zh-hans","canonical","accepted"
"name-2855","person-000993","Elhanan","en","variant","accepted"
"name-2856","person-000993","אֶלְחָנָן","hbo","canonical","accepted"
"name-2857","person-000994","伊勒哈难","zh-hans","canonical","accepted"
"name-2858","person-000994","Elhanan","en","variant","accepted"
"name-2859","person-000994","אֶלְחָנָן","hbo","canonical","accepted"
"name-2860","person-000995","以利","zh-hans","canonical","accepted"
"name-2861","person-000995","Eli","en","variant","accepted"
"name-2862","person-000995","עֵלִי","hbo","canonical","accepted"
"name-2863","person-000996","以利押","zh-hans","canonical","accepted"
"name-2864","person-000996","Eliab","en","variant","accepted"
"name-2865","person-000996","אֱלִיאָב","hbo","canonical","accepted"
"name-2866","person-000997","以利押","zh-hans","canonical","accepted"
"name-2867","person-000997","Eliab","en","variant","accepted"
"name-2868","person-000997","אֱלִיאָב","hbo","canonical","accepted"
"name-2869","person-000998","以利押","zh-hans","canonical","accepted"
"name-2870","person-000998","Eliab","en","variant","accepted"
"name-2871","person-000998","אֱלִיאָב","hbo","canonical","accepted"
"name-2872","person-000999","以利押","zh-hans","canonical","accepted"
"name-2873","person-000999","Eliab","en","variant","accepted"
"name-2874","person-000999","אֱלִיאָב","hbo","canonical","accepted"
"name-2875","person-001000","以利押","zh-hans","canonical","accepted"
"name-2876","person-001000","Eliab","en","variant","accepted"
"name-2877","person-001000","אֱלִיאָב","hbo","canonical","accepted"
"name-2878","person-001001","以利亚大","zh-hans","canonical","accepted"
"name-2879","person-001001","Eliada","en","variant","accepted"
"name-2880","person-001001","אֶלְיָדָע","hbo","canonical","accepted"
"name-2881","person-001002","以利雅大","zh-hans","canonical","accepted"
"name-2882","person-001002","Eliada","en","variant","accepted"
"name-2883","person-001002","אֶלְיָדָע","hbo","canonical","accepted"
"name-2884","person-001003","以利雅大","zh-hans","canonical","accepted"
"name-2885","person-001003","Eliada","en","variant","accepted"
"name-2886","person-001003","אֶלְיָדָע","hbo","canonical","accepted"
"name-2887","person-001003","בְּעֶלְיָדָע","hbo","canonical","accepted"
"name-2888","person-001004","以利雅哈巴","zh-hans","canonical","accepted"
"name-2889","person-001004","Eliahba","en","variant","accepted"
"name-2890","person-001004","אֶלְיַחְבָּא","hbo","canonical","accepted"
"name-2891","person-001005","以利亚敬","zh-hans","canonical","accepted"
"name-2892","person-001005","Eliakim","en","variant","accepted"
"name-2893","person-001005","אֶלְיָקִים","hbo","canonical","accepted"
"name-2894","person-001006","以利亚金","zh-hans","canonical","accepted"
"name-2895","person-001006","Eliakim","en","variant","accepted"
"name-2896","person-001006","אֶלְיָקִים","hbo","canonical","accepted"
"name-2897","person-001007","以连","zh-hans","canonical","accepted"
"name-2898","person-001007","Eliam","en","variant","accepted"
"name-2899","person-001007","אֱלִיעָם","hbo","canonical","accepted"
"name-2900","person-001007","עַמִּיאֵל","hbo","canonical","accepted"
"name-2901","person-001008","以连","zh-hans","canonical","accepted"
"name-2902","person-001008","Eliam","en","variant","accepted"
"name-2903","person-001008","אֱלִיעָם","hbo","canonical","accepted"
"name-2904","person-001009","以利雅萨","zh-hans","canonical","accepted"
"name-2905","person-001009","Eliasaph","en","variant","accepted"
"name-2906","person-001009","אֶלְיָסָף","hbo","canonical","accepted"
"name-2907","person-001010","以利雅萨","zh-hans","canonical","accepted"
"name-2908","person-001010","Eliasaph","en","variant","accepted"
"name-2909","person-001010","אֶלְיָסָף","hbo","canonical","accepted"
"name-2910","person-001011","以利亚实","zh-hans","canonical","accepted"
"name-2911","person-001011","Eliashib","en","variant","accepted"
"name-2912","person-001011","אֶלְיָשִׁיב","hbo","canonical","accepted"
"name-2913","person-001012","以利亚实","zh-hans","canonical","accepted"
"name-2914","person-001012","Eliashib","en","variant","accepted"
"name-2915","person-001012","אֶלְיָשִׁיב","hbo","canonical","accepted"
"name-2916","person-001013","以利亚实","zh-hans","canonical","accepted"
"name-2917","person-001013","Eliashib","en","variant","accepted"
"name-2918","person-001013","אֶלְיָשִׁיב","hbo","canonical","accepted"
"name-2919","person-001014","以利亚实","zh-hans","canonical","accepted"
"name-2920","person-001014","Eliashib","en","variant","accepted"
"name-2921","person-001014","אֶלְיָשִׁיב","hbo","canonical","accepted"
"name-2922","person-001015","以利亚实","zh-hans","canonical","accepted"
"name-2923","person-001015","Eliashib","en","variant","accepted"
"name-2924","person-001015","אֶלְיָשִׁיב","hbo","canonical","accepted"
"name-2925","person-001016","以利亚实","zh-hans","canonical","accepted"
"name-2926","person-001016","Eliashib","en","variant","accepted"
"name-2927","person-001016","אֶלְיָשִׁיב","hbo","canonical","accepted"
"name-2928","person-001017","以利亚实","zh-hans","canonical","accepted"
"name-2929","person-001017","Eliashib","en","variant","accepted"
"name-2930","person-001017","אֶלְיָשִׁיב","hbo","canonical","accepted"
"name-2931","person-001018","以利亚实","zh-hans","canonical","accepted"
"name-2932","person-001018","Eliashib","en","variant","accepted"
"name-2933","person-001018","אֶלְיָשִׁיב","hbo","canonical","accepted"
"name-2934","person-001019","以利亚实","zh-hans","canonical","accepted"
"name-2935","person-001019","Eliashib","en","variant","accepted"
"name-2936","person-001019","אֶלְיָשִׁיב","hbo","canonical","accepted"
"name-2937","person-001020","以利亚他","zh-hans","canonical","accepted"
"name-2938","person-001020","Eliathah","en","variant","accepted"
"name-2939","person-001020","אֳלִיאָ֫תָה","hbo","canonical","accepted"
"name-2940","person-001021","以利达","zh-hans","canonical","accepted"
"name-2941","person-001021","Elidad","en","variant","accepted"
"name-2942","person-001021","אֱלִידָד","hbo","canonical","accepted"
"name-2943","person-001022","以利约乃","zh-hans","canonical","accepted"
"name-2944","person-001022","Eliehoenai","en","variant","accepted"
"name-2945","person-001022","אֶלְיְהוֹעֵינַי","hbo","canonical","accepted"
"name-2946","person-001023","以利约乃","zh-hans","canonical","accepted"
"name-2947","person-001023","Eliehoenai","en","variant","accepted"
"name-2948","person-001023","אֶלְיְהוֹעֵינַי","hbo","canonical","accepted"
"name-2949","person-001024","以利业","zh-hans","canonical","accepted"
"name-2950","person-001024","Eliel","en","variant","accepted"
"name-2951","person-001024","אֱלִיאֵל","hbo","canonical","accepted"
"name-2952","person-001025","以利业","zh-hans","canonical","accepted"
"name-2953","person-001025","Eliel","en","variant","accepted"
"name-2954","person-001025","אֱלִיאֵל","hbo","canonical","accepted"
"name-2955","person-001026","以利业","zh-hans","canonical","accepted"
"name-2956","person-001026","Eliel","en","variant","accepted"
"name-2957","person-001026","אֱלִיאֵל","hbo","canonical","accepted"
"name-2958","person-001027","以列","zh-hans","canonical","accepted"
"name-2959","person-001027","Eliel","en","variant","accepted"
"name-2960","person-001027","אֱלִיאֵל","hbo","canonical","accepted"
"name-2961","person-001028","以列","zh-hans","canonical","accepted"
"name-2962","person-001028","Eliel","en","variant","accepted"
"name-2963","person-001028","אֱלִיאֵל","hbo","canonical","accepted"
"name-2964","person-001029","以列","zh-hans","canonical","accepted"
"name-2965","person-001029","Eliel","en","variant","accepted"
"name-2966","person-001029","אֱלִיאֵל","hbo","canonical","accepted"
"name-2967","person-001030","以列","zh-hans","canonical","accepted"
"name-2968","person-001030","Eliel","en","variant","accepted"
"name-2969","person-001030","אֱלִיאֵל","hbo","canonical","accepted"
"name-2970","person-001031","以列","zh-hans","canonical","accepted"
"name-2971","person-001031","Eliel","en","variant","accepted"
"name-2972","person-001031","אֱלִיאֵל","hbo","canonical","accepted"
"name-2973","person-001032","以利乃","zh-hans","canonical","accepted"
"name-2974","person-001032","Elienai","en","variant","accepted"
"name-2975","person-001032","אֱלִיעֵינַי","hbo","canonical","accepted"
"name-2976","person-001033","以利以谢","zh-hans","canonical","accepted"
"name-2977","person-001033","Eliezer","en","variant","accepted"
"name-2978","person-001033","אֱלִיעֶ֫זֶר","hbo","canonical","accepted"
"name-2979","person-001034","以利以谢","zh-hans","canonical","accepted"
"name-2980","person-001034","Eliezer","en","variant","accepted"
"name-2981","person-001034","אֱלִיעֶ֫זֶר","hbo","canonical","accepted"
"name-2982","person-001035","以利以谢","zh-hans","canonical","accepted"
"name-2983","person-001035","Eliezer","en","variant","accepted"
"name-2984","person-001035","אֱלִיעֶ֫זֶר","hbo","canonical","accepted"
"name-2985","person-001036","以利以谢","zh-hans","canonical","accepted"
"name-2986","person-001036","Eliezer","en","variant","accepted"
"name-2987","person-001036","אֱלִיעֶ֫זֶר","hbo","canonical","accepted"
"name-2988","person-001037","以利以谢","zh-hans","canonical","accepted"
"name-2989","person-001037","Eliezer","en","variant","accepted"
"name-2990","person-001037","אֱלִיעֶ֫זֶר","hbo","canonical","accepted"
"name-2991","person-001038","以利以谢","zh-hans","canonical","accepted"
"name-2992","person-001038","Eliezer","en","variant","accepted"
"name-2993","person-001038","אֱלִיעֶ֫זֶר","hbo","canonical","accepted"
"name-2994","person-001039","以利以谢","zh-hans","canonical","accepted"
"name-2995","person-001039","Eliezer","en","variant","accepted"
"name-2996","person-001039","אֱלִיעֶ֫זֶר","hbo","canonical","accepted"
"name-2997","person-001040","以利以谢","zh-hans","canonical","accepted"
"name-2998","person-001040","Eliezer","en","variant","accepted"
"name-2999","person-001040","אֱלִיעֶ֫זֶר","hbo","canonical","accepted"
"name-3000","person-001041","以利以谢","zh-hans","canonical","accepted"
"name-3001","person-001041","Eliezer","en","variant","accepted"
"name-3002","person-001041","אֱלִיעֶ֫זֶר","hbo","canonical","accepted"
"name-3003","person-001042","以利以谢","zh-hans","canonical","accepted"
"name-3004","person-001042","Eliezer","en","variant","accepted"
"name-3005","person-001042","אֱלִיעֶ֫זֶר","hbo","canonical","accepted"
"name-3006","person-001043","以利何烈","zh-hans","canonical","accepted"
"name-3007","person-001043","Elihoreph","en","variant","accepted"
"name-3008","person-001043","אֱלִיחֹ֫רֶף","hbo","canonical","accepted"
"name-3009","person-001044","以利户","zh-hans","canonical","accepted"
"name-3010","person-001044","Elihu","en","variant","accepted"
"name-3011","person-001044","אֱלִיהוּ","hbo","canonical","accepted"
"name-3012","person-001045","以利户","zh-hans","canonical","accepted"
"name-3013","person-001045","Elihu","en","variant","accepted"
"name-3014","person-001045","אֱלִיהוּ","hbo","canonical","accepted"
"name-3015","person-001046","以利户","zh-hans","canonical","accepted"
"name-3016","person-001046","Elihu","en","variant","accepted"
"name-3017","person-001046","אֱלִיהוּ","hbo","canonical","accepted"
"name-3018","person-001047","以利户","zh-hans","canonical","accepted"
"name-3019","person-001047","Elihu","en","variant","accepted"
"name-3020","person-001047","אֱלִיהוּ","hbo","canonical","accepted"
"name-3021","person-001047","אֱלִיאָב","hbo","canonical","accepted"
"name-3022","person-001047","אֱלִיאֵל","hbo","canonical","accepted"
"name-3023","person-001048","以利户","zh-hans","canonical","accepted"
"name-3024","person-001048","Elihu","en","variant","accepted"
"name-3025","person-001048","אֱלִיהוּ","hbo","canonical","accepted"
"name-3026","person-001049","以利亚","zh-hans","canonical","accepted"
"name-3027","person-001049","Elijah","en","variant","accepted"
"name-3028","person-001049","אֵלִיָּה","hbo","canonical","accepted"
"name-3029","person-000088","以利亚","zh-hans","canonical","accepted"
"name-3030","person-001050","以利雅","zh-hans","canonical","accepted"
"name-3031","person-001050","Elijah","en","variant","accepted"
"name-3032","person-001050","אֵלִיָּה","hbo","canonical","accepted"
"name-3033","person-001051","以利雅","zh-hans","canonical","accepted"
"name-3034","person-001051","Elijah","en","variant","accepted"
"name-3035","person-001051","אֵלִיָּה","hbo","canonical","accepted"
"name-3036","person-001052","以利加","zh-hans","canonical","accepted"
"name-3037","person-001052","Elika","en","variant","accepted"
"name-3038","person-001052","אֱלִיקָא","hbo","canonical","accepted"
"name-3039","person-001053","以利米勒","zh-hans","canonical","accepted"
"name-3040","person-001053","Elimelech","en","variant","accepted"
"name-3041","person-001053","אֱלִימֶ֫לֶךְ","hbo","canonical","accepted"
"name-3042","person-001054","以利约乃","zh-hans","canonical","accepted"
"name-3043","person-001054","Elioenai","en","variant","accepted"
"name-3044","person-001054","אֶלְיוֹעֵינַי","hbo","canonical","accepted"
"name-3045","person-001055","以利约乃","zh-hans","canonical","accepted"
"name-3046","person-001055","Elioenai","en","variant","accepted"
"name-3047","person-001055","אֶלְיוֹעֵינַי","hbo","canonical","accepted"
"name-3048","person-001056","以利约乃","zh-hans","canonical","accepted"
"name-3049","person-001056","Elioenai","en","variant","accepted"
"name-3050","person-001056","אֶלְיוֹעֵינַי","hbo","canonical","accepted"
"name-3051","person-001057","以利约乃","zh-hans","canonical","accepted"
"name-3052","person-001057","Elioenai","en","variant","accepted"
"name-3053","person-001057","אֶלְיוֹעֵינַי","hbo","canonical","accepted"
"name-3054","person-001058","以利约乃","zh-hans","canonical","accepted"
"name-3055","person-001058","Elioenai","en","variant","accepted"
"name-3056","person-001058","אֶלְיוֹעֵינַי","hbo","canonical","accepted"
"name-3057","person-001059","以利约乃","zh-hans","canonical","accepted"
"name-3058","person-001059","Elioenai","en","variant","accepted"
"name-3059","person-001059","אֶלְיוֹעֵינַי","hbo","canonical","accepted"
"name-3060","person-001060","以利法勒","zh-hans","canonical","accepted"
"name-3061","person-001060","Eliphal","en","variant","accepted"
"name-3062","person-001060","אֱלִיפָל","hbo","canonical","accepted"
"name-3063","person-001061","以利法","zh-hans","canonical","accepted"
"name-3064","person-001061","Eliphaz","en","variant","accepted"
"name-3065","person-001061","אֱלִיפַז","hbo","canonical","accepted"
"name-3066","person-001062","以利法","zh-hans","canonical","accepted"
"name-3067","person-001062","Eliphaz","en","variant","accepted"
"name-3068","person-001062","אֱלִיפַז","hbo","canonical","accepted"
"name-3069","person-001063","以利斐利户","zh-hans","canonical","accepted"
"name-3070","person-001063","Eliphelehu","en","variant","accepted"
"name-3071","person-001063","אֱלִיפְלֵ֫הוּ","hbo","canonical","accepted"
"name-3072","person-001064","以利法列","zh-hans","canonical","accepted"
"name-3073","person-001064","Eliphelet","en","variant","accepted"
"name-3074","person-001064","אֲלִיפֶ֫לֶט","hbo","canonical","accepted"
"name-3075","person-001065","以利法列","zh-hans","canonical","accepted"
"name-3076","person-001065","Eliphelet","en","variant","accepted"
"name-3077","person-001065","אֲלִיפֶ֫לֶט","hbo","canonical","accepted"
"name-3078","person-001066","以利法列","zh-hans","canonical","accepted"
"name-3079","person-001066","Eliphelet","en","variant","accepted"
"name-3080","person-001066","אֱלִיפָֽלֶט","hbo","canonical","accepted"
"name-3081","person-001067","以利法列","zh-hans","canonical","accepted"
"name-3082","person-001067","Eliphelet","en","variant","accepted"
"name-3083","person-001067","אֲלִיפֶ֫לֶט","hbo","canonical","accepted"
"name-3084","person-001068","以利法列","zh-hans","canonical","accepted"
"name-3085","person-001068","Eliphelet","en","variant","accepted"
"name-3086","person-001068","אֲלִיפֶ֫לֶט","hbo","canonical","accepted"
"name-3087","person-000089","以利沙","zh-hans","canonical","accepted"
"name-3088","person-001069","以利沙","zh-hans","canonical","accepted"
"name-3089","person-001069","Elishah","en","variant","accepted"
"name-3090","person-001069","אֱלִישָׁה","hbo","canonical","accepted"
"name-3091","person-001070","以利沙玛","zh-hans","canonical","accepted"
"name-3092","person-001070","Elishama","en","variant","accepted"
"name-3093","person-001070","אֱלִישָׁמָע","hbo","canonical","accepted"
"name-3094","person-001071","以利沙玛","zh-hans","canonical","accepted"
"name-3095","person-001071","Elishama","en","variant","accepted"
"name-3096","person-001071","אֱלִישָׁמָע","hbo","canonical","accepted"
"name-3097","person-001072","以利沙玛","zh-hans","canonical","accepted"
"name-3098","person-001072","Elishama","en","variant","accepted"
"name-3099","person-001072","אֱלִישָׁמָע","hbo","canonical","accepted"
"name-3100","person-001073","以利沙玛","zh-hans","canonical","accepted"
"name-3101","person-001073","Elishama","en","variant","accepted"
"name-3102","person-001073","אֱלִישָׁמָע","hbo","canonical","accepted"
"name-3103","person-001074","以利沙玛","zh-hans","canonical","accepted"
"name-3104","person-001074","Elishama","en","variant","accepted"
"name-3105","person-001074","אֱלִישָׁמָע","hbo","canonical","accepted"
"name-3106","person-001075","以利沙玛","zh-hans","canonical","accepted"
"name-3107","person-001075","Elishama","en","variant","accepted"
"name-3108","person-001075","אֱלִישָׁמָע","hbo","canonical","accepted"
"name-3109","person-001076","以利沙法","zh-hans","canonical","accepted"
"name-3110","person-001076","Elishaphat","en","variant","accepted"
"name-3111","person-001076","אֱלִישָׁפָט","hbo","canonical","accepted"
"name-3112","person-001077","以利沙巴","zh-hans","canonical","accepted"
"name-3113","person-001077","Elisheba","en","variant","accepted"
"name-3114","person-001077","אֱלִישֶׁ֫בַע","hbo","canonical","accepted"
"name-3115","person-001078","以利书亚","zh-hans","canonical","accepted"
"name-3116","person-001078","Elishua","en","variant","accepted"
"name-3117","person-001078","אֱלִישׁוּעַ","hbo","canonical","accepted"
"name-3118","person-001078","אֱלִישָׁמָע","hbo","canonical","accepted"
"name-3119","person-001079","以利撒反","zh-hans","canonical","accepted"
"name-3120","person-001079","Elizaphan","en","variant","accepted"
"name-3121","person-001079","אֱלִיצָפָן","hbo","canonical","accepted"
"name-3122","person-001080","以利撒番","zh-hans","canonical","accepted"
"name-3123","person-001080","Elizaphan","en","variant","accepted"
"name-3124","person-001080","אֱלִיצָפָן","hbo","canonical","accepted"
"name-3125","person-001081","以利蓿","zh-hans","canonical","accepted"
"name-3126","person-001081","Elizur","en","variant","accepted"
"name-3127","person-001081","אֱלִיצוּר","hbo","canonical","accepted"
"name-3128","person-001082","以利加拿","zh-hans","canonical","accepted"
"name-3129","person-001082","Elkanah","en","variant","accepted"
"name-3130","person-001082","אֶלְקָנָה","hbo","canonical","accepted"
"name-3131","person-001083","以利加拿","zh-hans","canonical","accepted"
"name-3132","person-001083","Elkanah","en","variant","accepted"
"name-3133","person-001083","אֶלְקָנָה","hbo","canonical","accepted"
"name-3134","person-001084","以利加拿","zh-hans","canonical","accepted"
"name-3135","person-001084","Elkanah","en","variant","accepted"
"name-3136","person-001084","אֶלְקָנָה","hbo","canonical","accepted"
"name-3137","person-001085","以利加拿","zh-hans","canonical","accepted"
"name-3138","person-001085","Elkanah","en","variant","accepted"
"name-3139","person-001085","אֶלְקָנָה","hbo","canonical","accepted"
"name-3140","person-001086","以利加拿","zh-hans","canonical","accepted"
"name-3141","person-001086","Elkanah","en","variant","accepted"
"name-3142","person-001086","אֶלְקָנָה","hbo","canonical","accepted"
"name-3143","person-001087","以利加拿","zh-hans","canonical","accepted"
"name-3144","person-001087","Elkanah","en","variant","accepted"
"name-3145","person-001087","אֶלְקָנָה","hbo","canonical","accepted"
"name-3146","person-001088","以利加拿","zh-hans","canonical","accepted"
"name-3147","person-001088","Elkanah","en","variant","accepted"
"name-3148","person-001088","אֶלְקָנָה","hbo","canonical","accepted"
"name-3149","person-001089","以利加拿","zh-hans","canonical","accepted"
"name-3150","person-001089","Elkanah","en","variant","accepted"
"name-3151","person-001089","אֶלְקָנָה","hbo","canonical","accepted"
"name-3152","person-001090","伊利拿安","zh-hans","canonical","accepted"
"name-3153","person-001090","Elnaam","en","variant","accepted"
"name-3154","person-001090","אֶלְנָ֑עַם","hbo","canonical","accepted"
"name-3155","person-001091","以利拿单","zh-hans","canonical","accepted"
"name-3156","person-001091","Elnathan","en","variant","accepted"
"name-3157","person-001091","אֶלְנָתָן","hbo","canonical","accepted"
"name-3158","person-001092","以利拿单","zh-hans","canonical","accepted"
"name-3159","person-001092","Elnathan","en","variant","accepted"
"name-3160","person-001092","אֶלְנָתָן","hbo","canonical","accepted"
"name-3161","person-001093","以利拿单","zh-hans","canonical","accepted"
"name-3162","person-001093","Elnathan","en","variant","accepted"
"name-3163","person-001093","אֶלְנָתָן","hbo","canonical","accepted"
"name-3164","person-001094","以利拿单","zh-hans","canonical","accepted"
"name-3165","person-001094","Elnathan","en","variant","accepted"
"name-3166","person-001094","אֶלְנָתָן","hbo","canonical","accepted"
"name-3167","person-001095","以利拿单","zh-hans","canonical","accepted"
"name-3168","person-001095","Elnathan","en","variant","accepted"
"name-3169","person-001095","אֶלְנָתָן","hbo","canonical","accepted"
"name-3170","person-001096","以伦","zh-hans","canonical","accepted"
"name-3171","person-001096","Elon","en","variant","accepted"
"name-3172","person-001096","אֵלוֹן","hbo","canonical","accepted"
"name-3173","person-001097","以伦","zh-hans","canonical","accepted"
"name-3174","person-001097","Elon","en","variant","accepted"
"name-3175","person-001097","אֵלוֹן","hbo","canonical","accepted"
"name-3176","person-001097","אֵלֹנִי","hbo","alias","accepted"
"name-3177","person-001098","以伦","zh-hans","canonical","accepted"
"name-3178","person-001098","Elon","en","variant","accepted"
"name-3179","person-001098","אֵלוֹן","hbo","canonical","accepted"
"name-3180","person-001099","以利巴力","zh-hans","canonical","accepted"
"name-3181","person-001099","Elpaal","en","variant","accepted"
"name-3182","person-001099","אֶלְפַּ֫עַל","hbo","canonical","accepted"
"name-3183","person-001100","以法列","zh-hans","canonical","accepted"
"name-3184","person-001100","Elpelet","en","variant","accepted"
"name-3185","person-001100","אֶלְפָּֽלֶט","hbo","canonical","accepted"
"name-3186","person-001100","אֲלִיפֶ֫לֶט","hbo","canonical","accepted"
"name-3187","person-001101","伊利乌赛","zh-hans","canonical","accepted"
"name-3188","person-001101","Eluzai","en","variant","accepted"
"name-3189","person-001101","אֶלְעוּזַי","hbo","canonical","accepted"
"name-3190","person-001102","以利萨巴","zh-hans","canonical","accepted"
"name-3191","person-001102","Elzabad","en","variant","accepted"
"name-3192","person-001102","אֶלְזָבָד","hbo","canonical","accepted"
"name-3193","person-001103","以利萨巴","zh-hans","canonical","accepted"
"name-3194","person-001103","Elzabad","en","variant","accepted"
"name-3195","person-001103","אֶלְזָבָד","hbo","canonical","accepted"
"name-3196","person-001104","以南","zh-hans","canonical","accepted"
"name-3197","person-001104","Enan","en","variant","accepted"
"name-3198","person-001104","עֵינָן","hbo","canonical","accepted"
"name-3199","person-001105","以诺","zh-hans","canonical","accepted"
"name-3200","person-001105","Enoch","en","variant","accepted"
"name-3201","person-001105","חֲנוֹךְ","hbo","canonical","accepted"
"name-3202","person-000093","以诺","zh-hans","canonical","accepted"
"name-3203","person-000094","以挪士","zh-hans","canonical","accepted"
"name-3204","person-001106","以法","zh-hans","canonical","accepted"
"name-3205","person-001106","Ephah","en","variant","accepted"
"name-3206","person-001106","עֵיפָה","hbo","canonical","accepted"
"name-3207","person-001107","以法","zh-hans","canonical","accepted"
"name-3208","person-001107","Ephah","en","variant","accepted"
"name-3209","person-001107","עֵיפָה","hbo","canonical","accepted"
"name-3210","person-001108","以法","zh-hans","canonical","accepted"
"name-3211","person-001108","Ephah","en","variant","accepted"
"name-3212","person-001108","עֵיפָה","hbo","canonical","accepted"
"name-3213","person-001109","以斐","zh-hans","canonical","accepted"
"name-3214","person-001109","Ephai","en","variant","accepted"
"name-3215","person-001109","עוֹפַי","hbo","canonical","accepted"
"name-3216","person-001110","以弗","zh-hans","canonical","accepted"
"name-3217","person-001110","Epher","en","variant","accepted"
"name-3218","person-001110","עֵ֫פֶר","hbo","canonical","accepted"
"name-3219","person-001111","以弗","zh-hans","canonical","accepted"
"name-3220","person-001111","Epher","en","variant","accepted"
"name-3221","person-001111","עֵ֫פֶר","hbo","canonical","accepted"
"name-3222","person-001112","以弗","zh-hans","canonical","accepted"
"name-3223","person-001112","Epher","en","variant","accepted"
"name-3224","person-001112","עֵ֫פֶר","hbo","canonical","accepted"
"name-3225","person-001113","以弗拉","zh-hans","canonical","accepted"
"name-3226","person-001113","Ephlal","en","variant","accepted"
"name-3227","person-001113","אֶפְלָל","hbo","canonical","accepted"
"name-3228","person-001114","以弗","zh-hans","canonical","accepted"
"name-3229","person-001114","Ephod","en","variant","accepted"
"name-3230","person-001114","אֵפֹד","hbo","canonical","accepted"
"name-3231","person-001115","以法莲","zh-hans","canonical","accepted"
"name-3232","person-001115","Ephraim","en","variant","accepted"
"name-3233","person-001115","אֶפְרַ֫יִם","hbo","canonical","accepted"
"name-3234","person-001115","עֶפְרוֹן","hbo","canonical","accepted"
"name-3235","person-001115","אֶפְרָתִי","hbo","alias","accepted"
"name-3236","person-001116","以法她","zh-hans","canonical","accepted"
"name-3237","person-001116","Ephrathah","en","variant","accepted"
"name-3238","person-001116","אֶפְרָ֫תָה","hbo","canonical","accepted"
"name-3239","person-001116","אֶפְרָת","hbo","variant","accepted"
"name-3240","person-001116","אֶפְרָתִי","hbo","alias","accepted"
"name-3241","person-001117","以弗","zh-hans","canonical","accepted"
"name-3242","person-001117","Ephron","en","variant","accepted"
"name-3243","person-001117","עֶפְרוֹן","hbo","canonical","accepted"
"name-3244","person-001118","珥","zh-hans","canonical","accepted"
"name-3245","person-001118","Er","en","variant","accepted"
"name-3246","person-001118","עֵר","hbo","canonical","accepted"
"name-3247","person-001119","珥","zh-hans","canonical","accepted"
"name-3248","person-001119","Er","en","variant","accepted"
"name-3249","person-001119","עֵר","hbo","canonical","accepted"
"name-3250","person-001120","以兰","zh-hans","canonical","accepted"
"name-3251","person-001120","Eran","en","variant","accepted"
"name-3252","person-001120","עֵרָן","hbo","canonical","accepted"
"name-3253","person-001120","עֵרָנִי","hbo","alias","accepted"
"name-3254","person-001121","以利","zh-hans","canonical","accepted"
"name-3255","person-001121","Eri","en","variant","accepted"
"name-3256","person-001121","עֵרִי","hbo","canonical","accepted"
"name-3257","person-001122","以撒哈顿","zh-hans","canonical","accepted"
"name-3258","person-001122","Esarhaddon","en","variant","accepted"
"name-3259","person-001122","אֵסַר־חַדּוֹן","hbo","canonical","accepted"
"name-3260","person-000100","以扫","zh-hans","canonical","accepted"
"name-3261","person-001123","伊是班","zh-hans","canonical","accepted"
"name-3262","person-001123","Eshban","en","variant","accepted"
"name-3263","person-001123","אֶשְׁבָּן","hbo","canonical","accepted"
"name-3264","person-001124","以实各","zh-hans","canonical","accepted"
"name-3265","person-001124","Eshcol","en","variant","accepted"
"name-3266","person-001124","אֶשְׁכֹּל","hbo","canonical","accepted"
"name-3267","person-001125","伊施屯","zh-hans","canonical","accepted"
"name-3268","person-001125","Eshton","en","variant","accepted"
"name-3269","person-001125","אֶשְׁתּוֹן","hbo","canonical","accepted"
"name-3270","person-001126","以斯帖","zh-hans","canonical","accepted"
"name-3271","person-001126","Esther","en","variant","accepted"
"name-3272","person-001126","אֶסְתֵּר","hbo","canonical","accepted"
"name-3273","person-001126","הֲדַסָּה","hbo","canonical","accepted"
"name-3274","person-001127","以探","zh-hans","canonical","accepted"
"name-3275","person-001127","Ethan","en","variant","accepted"
"name-3276","person-001127","אֵיתָן","hbo","canonical","accepted"
"name-3277","person-001128","以探","zh-hans","canonical","accepted"
"name-3278","person-001128","Ethan","en","variant","accepted"
"name-3279","person-001128","אֵיתָן","hbo","canonical","accepted"
"name-3280","person-001129","谒巴力","zh-hans","canonical","accepted"
"name-3281","person-001129","Ethbaal","en","variant","accepted"
"name-3282","person-001129","אֶתְבַּ֫עַל","hbo","canonical","accepted"
"name-3283","person-001130","伊提南","zh-hans","canonical","accepted"
"name-3284","person-001130","Ethnan","en","variant","accepted"
"name-3285","person-001130","אֶתְנַן","hbo","canonical","accepted"
"name-3286","person-000106","夏娃","zh-hans","canonical","accepted"
"name-3287","person-001131","以未","zh-hans","canonical","accepted"
"name-3288","person-001131","Evi","en","variant","accepted"
"name-3289","person-001131","אֱוִי","hbo","canonical","accepted"
"name-3290","person-001132","以未·米罗达","zh-hans","canonical","accepted"
"name-3291","person-001132","Evil-merodach","en","variant","accepted"
"name-3292","person-001132","אֱוִיל מְרֹדַךְ","hbo","canonical","accepted"
"name-3293","person-001133","伊斯拜","zh-hans","canonical","accepted"
"name-3294","person-001133","Ezbai","en","variant","accepted"
"name-3295","person-001133","אֶזְבָּ֑י","hbo","canonical","accepted"
"name-3296","person-001134","以斯本","zh-hans","canonical","accepted"
"name-3297","person-001134","Ezbon","en","variant","accepted"
"name-3298","person-001134","אֶצְבּוֹן","hbo","canonical","accepted"
"name-3299","person-001135","以斯本","zh-hans","canonical","accepted"
"name-3300","person-001135","Ezbon","en","variant","accepted"
"name-3301","person-001135","אֶצְבּוֹן","hbo","canonical","accepted"
"name-3302","person-001135","אׇזְנִי","hbo","canonical","accepted"
"name-3303","person-001136","以西结","zh-hans","canonical","accepted"
"name-3304","person-001136","Ezekiel","en","variant","accepted"
"name-3305","person-001136","יְחֶזְקֵאל","hbo","canonical","accepted"
"name-3306","person-001137","以薛","zh-hans","canonical","accepted"
"name-3307","person-001137","Ezer","en","variant","accepted"
"name-3308","person-001137","עֵ֫זֶר","hbo","canonical","accepted"
"name-3309","person-001138","以谢珥","zh-hans","canonical","accepted"
"name-3310","person-001138","Ezer","en","variant","accepted"
"name-3311","person-001138","עֵ֫זֶר","hbo","canonical","accepted"
"name-3312","person-001139","以谢","zh-hans","canonical","accepted"
"name-3313","person-001139","Ezer","en","variant","accepted"
"name-3314","person-001139","עֵ֫זֶר","hbo","canonical","accepted"
"name-3315","person-001140","以察","zh-hans","canonical","accepted"
"name-3316","person-001140","Ezer","en","variant","accepted"
"name-3317","person-001140","אֵ֫צֶר","hbo","canonical","accepted"
"name-3318","person-001141","以谢","zh-hans","canonical","accepted"
"name-3319","person-001141","Ezer","en","variant","accepted"
"name-3320","person-001141","עָזֶר","hbo","canonical","accepted"
"name-3321","person-001142","以谢","zh-hans","canonical","accepted"
"name-3322","person-001142","Ezer","en","variant","accepted"
"name-3323","person-001142","עֵ֫זֶר","hbo","canonical","accepted"
"name-3324","person-001143","以斯拉","zh-hans","canonical","accepted"
"name-3325","person-001143","Ezra","en","variant","accepted"
"name-3326","person-001143","עֶזְרָא","hbo","canonical","accepted"
"name-3327","person-001144","以斯拉","zh-hans","canonical","accepted"
"name-3328","person-001144","Ezra","en","variant","accepted"
"name-3329","person-001144","עֶזְרָא","hbo","canonical","accepted"
"name-3330","person-001145","以斯拉","zh-hans","canonical","accepted"
"name-3331","person-001145","Ezrah","en","variant","accepted"
"name-3332","person-001145","עֶזְרָה","hbo","canonical","accepted"
"name-3333","person-001146","以斯利","zh-hans","canonical","accepted"
"name-3334","person-001146","Ezri","en","variant","accepted"
"name-3335","person-001146","עֶזְרִי","hbo","canonical","accepted"
"name-3336","person-001147","迦勒","zh-hans","canonical","accepted"
"name-3337","person-001147","Gaal","en","variant","accepted"
"name-3338","person-001147","גַּ֫עַל","hbo","canonical","accepted"
"name-3339","person-001148","迦拜","zh-hans","canonical","accepted"
"name-3340","person-001148","Gabbai","en","variant","accepted"
"name-3341","person-001148","גַּבַּי","hbo","canonical","accepted"
"name-3342","person-001149","迦得","zh-hans","canonical","accepted"
"name-3343","person-001149","Gad","en","variant","accepted"
"name-3344","person-001149","גָּד","hbo","canonical","accepted"
"name-3345","person-000110","迦得","zh-hans","canonical","accepted"
"name-3346","person-001150","迦底","zh-hans","canonical","accepted"
"name-3347","person-001150","Gaddi","en","variant","accepted"
"name-3348","person-001150","גַּדִּי","hbo","canonical","accepted"
"name-3349","person-001151","迦叠","zh-hans","canonical","accepted"
"name-3350","person-001151","Gaddiel","en","variant","accepted"
"name-3351","person-001151","גַּדִּיאֵל","hbo","canonical","accepted"
"name-3352","person-001152","迦底","zh-hans","canonical","accepted"
"name-3353","person-001152","Gadi","en","variant","accepted"
"name-3354","person-001152","גָּדִי","hbo","canonical","accepted"
"name-3355","person-001153","迦含","zh-hans","canonical","accepted"
"name-3356","person-001153","Gaham","en","variant","accepted"
"name-3357","person-001153","גַּ֫חַם","hbo","canonical","accepted"
"name-3358","person-001154","迦哈","zh-hans","canonical","accepted"
"name-3359","person-001154","Gahar","en","variant","accepted"
"name-3360","person-001154","גַּ֫חַר","hbo","canonical","accepted"
"name-3361","person-001155","迦拉","zh-hans","canonical","accepted"
"name-3362","person-001155","Galal","en","variant","accepted"
"name-3363","person-001155","גָּלָל","hbo","canonical","accepted"
"name-3364","person-001156","迦拉","zh-hans","canonical","accepted"
"name-3365","person-001156","Galal","en","variant","accepted"
"name-3366","person-001156","גָּלָל","hbo","canonical","accepted"
"name-3367","person-001157","迦玛列","zh-hans","canonical","accepted"
"name-3368","person-001157","Gamaliel","en","variant","accepted"
"name-3369","person-001157","גַּמְלִיאֵל","hbo","canonical","accepted"
"name-3370","person-001158","迦末","zh-hans","canonical","accepted"
"name-3371","person-001158","Gamul","en","variant","accepted"
"name-3372","person-001158","גָּמוּל","hbo","canonical","accepted"
"name-3373","person-001159","迦立","zh-hans","canonical","accepted"
"name-3374","person-001159","Gareb","en","variant","accepted"
"name-3375","person-001159","גָּרֵב","hbo","canonical","accepted"
"name-3376","person-001160","迦坦","zh-hans","canonical","accepted"
"name-3377","person-001160","Gatam","en","variant","accepted"
"name-3378","person-001160","גַּעְתָּם","hbo","canonical","accepted"
"name-3379","person-001161","迦谢","zh-hans","canonical","accepted"
"name-3380","person-001161","Gazez","en","variant","accepted"
"name-3381","person-001161","גָּזֵז","hbo","canonical","accepted"
"name-3382","person-001162","迦卸","zh-hans","canonical","accepted"
"name-3383","person-001162","Gazez","en","variant","accepted"
"name-3384","person-001162","גָּזֵז","hbo","canonical","accepted"
"name-3385","person-001163","迦散","zh-hans","canonical","accepted"
"name-3386","person-001163","Gazzam","en","variant","accepted"
"name-3387","person-001163","גַּזָּם","hbo","canonical","accepted"
"name-3388","person-001164","基别","zh-hans","canonical","accepted"
"name-3389","person-001164","Geber","en","variant","accepted"
"name-3390","person-001164","גֶּ֫בֶר","hbo","canonical","accepted"
"name-3391","person-001165","基大利","zh-hans","canonical","accepted"
"name-3392","person-001165","Gedaliah","en","variant","accepted"
"name-3393","person-001165","גְּדַלְיָ֫הוּ","hbo","canonical","accepted"
"name-3394","person-001166","基大利","zh-hans","canonical","accepted"
"name-3395","person-001166","Gedaliah","en","variant","accepted"
"name-3396","person-001166","גְּדַלְיָ֫הוּ","hbo","canonical","accepted"
"name-3397","person-001166","גְּדַלְיָה","hbo","variant","accepted"
"name-3398","person-001167","基大利","zh-hans","canonical","accepted"
"name-3399","person-001167","Gedaliah","en","variant","accepted"
"name-3400","person-001167","גְּדַלְיָה","hbo","canonical","accepted"
"name-3401","person-001168","基大利","zh-hans","canonical","accepted"
"name-3402","person-001168","Gedaliah","en","variant","accepted"
"name-3403","person-001168","גְּדַלְיָ֫הוּ","hbo","canonical","accepted"
"name-3404","person-001169","基大利","zh-hans","canonical","accepted"
"name-3405","person-001169","Gedaliah","en","variant","accepted"
"name-3406","person-001169","גְּדַלְיָה","hbo","canonical","accepted"
"name-3407","person-001170","基多","zh-hans","canonical","accepted"
"name-3408","person-001170","Gedor","en","variant","accepted"
"name-3409","person-001170","גְּדוֹר","hbo","canonical","accepted"
"name-3410","person-001171","基哈西","zh-hans","canonical","accepted"
"name-3411","person-001171","Gehazi","en","variant","accepted"
"name-3412","person-001171","גֵּיחֲזִי","hbo","canonical","accepted"
"name-3413","person-001172","基玛利","zh-hans","canonical","accepted"
"name-3414","person-001172","Gemalli","en","variant","accepted"
"name-3415","person-001172","גְּמַלִּי","hbo","canonical","accepted"
"name-3416","person-001173","基玛利","zh-hans","canonical","accepted"
"name-3417","person-001173","Gemariah","en","variant","accepted"
"name-3418","person-001173","גְּמַרְיָ֫הוּ","hbo","canonical","accepted"
"name-3419","person-001174","基玛利雅","zh-hans","canonical","accepted"
"name-3420","person-001174","Gemariah","en","variant","accepted"
"name-3421","person-001174","גְּמַרְיָ֫הוּ","hbo","canonical","accepted"
"name-3422","person-001175","基努拔","zh-hans","canonical","accepted"
"name-3423","person-001175","Genubath","en","variant","accepted"
"name-3424","person-001175","גְּנֻבַת","hbo","canonical","accepted"
"name-3425","person-001176","基拉","zh-hans","canonical","accepted"
"name-3426","person-001176","Gera","en","variant","accepted"
"name-3427","person-001176","גֵּרָא","hbo","canonical","accepted"
"name-3428","person-001177","基拉","zh-hans","canonical","accepted"
"name-3429","person-001177","Gera","en","variant","accepted"
"name-3430","person-001177","גֵּרָא","hbo","canonical","accepted"
"name-3431","person-001177","הֶגְלָם","hbo","canonical","accepted"
"name-3432","person-001178","基拉","zh-hans","canonical","accepted"
"name-3433","person-001178","Gera","en","variant","accepted"
"name-3434","person-001178","גֵּרָא","hbo","canonical","accepted"
"name-3435","person-001179","基拉","zh-hans","canonical","accepted"
"name-3436","person-001179","Gera","en","variant","accepted"
"name-3437","person-001179","גֵּרָא","hbo","canonical","accepted"
"name-3438","person-001180","革舜","zh-hans","canonical","accepted"
"name-3439","person-001180","Gershom","en","variant","accepted"
"name-3440","person-001180","גֵּרְשֹׁם","hbo","canonical","accepted"
"name-3441","person-001181","革顺","zh-hans","canonical","accepted"
"name-3442","person-001181","Gershom","en","variant","accepted"
"name-3443","person-001181","גֵּרְשֹׁם","hbo","canonical","accepted"
"name-3444","person-001182","革顺","zh-hans","canonical","accepted"
"name-3445","person-001182","Gershon","en","variant","accepted"
"name-3446","person-001182","גֵּרְשׁוֹן","hbo","canonical","accepted"
"name-3447","person-001182","גֵּרְשֹׁם","hbo","variant","accepted"
"name-3448","person-001182","גֵּרְשֻׁנִּי","hbo","alias","accepted"
"name-3449","person-001183","基珊","zh-hans","canonical","accepted"
"name-3450","person-001183","Geshan","en","variant","accepted"
"name-3451","person-001183","גֵּישָׁן","hbo","canonical","accepted"
"name-3452","person-001184","基善","zh-hans","canonical","accepted"
"name-3453","person-001184","Geshem","en","variant","accepted"
"name-3454","person-001184","גֶּ֫שֶׁם","hbo","canonical","accepted"
"name-3455","person-001185","基帖","zh-hans","canonical","accepted"
"name-3456","person-001185","Gether","en","variant","accepted"
"name-3457","person-001185","גֶּ֫תֶר","hbo","canonical","accepted"
"name-3458","person-001186","臼利","zh-hans","canonical","accepted"
"name-3459","person-001186","Geuel","en","variant","accepted"
"name-3460","person-001186","גְּאוּאֵל","hbo","canonical","accepted"
"name-3461","person-001187","基大利提","zh-hans","canonical","accepted"
"name-3462","person-001187","Giddalti","en","variant","accepted"
"name-3463","person-001187","גִּדַּלְתִּי","hbo","canonical","accepted"
"name-3464","person-001188","吉德","zh-hans","canonical","accepted"
"name-3465","person-001188","Giddel","en","variant","accepted"
"name-3466","person-001188","גִּדֵּל","hbo","canonical","accepted"
"name-3467","person-001189","吉德","zh-hans","canonical","accepted"
"name-3468","person-001189","Giddel","en","variant","accepted"
"name-3469","person-001189","גִּדֵּל","hbo","canonical","accepted"
"name-3470","person-000117","基甸","zh-hans","canonical","accepted"
"name-3471","person-001190","基多尼","zh-hans","canonical","accepted"
"name-3472","person-001190","Gideoni","en","variant","accepted"
"name-3473","person-001190","גִּדְעֹנִי","hbo","canonical","accepted"
"name-3474","person-001191","基拉莱","zh-hans","canonical","accepted"
"name-3475","person-001191","Gilalai","en","variant","accepted"
"name-3476","person-001191","גִּלֲלַי","hbo","canonical","accepted"
"name-3477","person-001192","基列","zh-hans","canonical","accepted"
"name-3478","person-001192","Gilead","en","variant","accepted"
"name-3479","person-001192","גִּלְעָד","hbo","canonical","accepted"
"name-3480","person-001193","基列","zh-hans","canonical","accepted"
"name-3481","person-001193","Gilead","en","variant","accepted"
"name-3482","person-001193","גִּלְעָד","hbo","canonical","accepted"
"name-3483","person-001194","基列","zh-hans","canonical","accepted"
"name-3484","person-001194","Gilead","en","variant","accepted"
"name-3485","person-001194","גִּלְעָד","hbo","canonical","accepted"
"name-3486","person-001195","基纳","zh-hans","canonical","accepted"
"name-3487","person-001195","Ginath","en","variant","accepted"
"name-3488","person-001195","גִּינַ֑ת","hbo","canonical","accepted"
"name-3489","person-001196","近顿","zh-hans","canonical","accepted"
"name-3490","person-001196","Ginnethon","en","variant","accepted"
"name-3491","person-001196","גִּנְּתוֹן","hbo","canonical","accepted"
"name-3492","person-001197","基斯帕","zh-hans","canonical","accepted"
"name-3493","person-001197","Gishpa","en","variant","accepted"
"name-3494","person-001197","גִּשְׁפָּא","hbo","canonical","accepted"
"name-3495","person-001198","歌革","zh-hans","canonical","accepted"
"name-3496","person-001198","Gog","en","variant","accepted"
"name-3497","person-001198","גּוֹג","hbo","canonical","accepted"
"name-3498","person-001199","歌利亚","zh-hans","canonical","accepted"
"name-3499","person-001199","Goliath","en","variant","accepted"
"name-3500","person-001199","גׇּלְיַת","hbo","canonical","accepted"
"name-3501","person-001200","歌篾","zh-hans","canonical","accepted"
"name-3502","person-001200","Gomer","en","variant","accepted"
"name-3503","person-001200","גֹּ֫מֶר","hbo","canonical","accepted"
"name-3504","person-001201","歌篾","zh-hans","canonical","accepted"
"name-3505","person-001201","Gomer","en","variant","accepted"
"name-3506","person-001201","גֹּ֫מֶר","hbo","canonical","accepted"
"name-3507","person-001202","古尼","zh-hans","canonical","accepted"
"name-3508","person-001202","Guni","en","variant","accepted"
"name-3509","person-001202","גּוּנִי","hbo","canonical","accepted"
"name-3510","person-001203","沽尼","zh-hans","canonical","accepted"
"name-3511","person-001203","Guni","en","variant","accepted"
"name-3512","person-001203","גּוּנִי","hbo","canonical","accepted"
"name-3513","person-001204","哈辖斯他利","zh-hans","canonical","accepted"
"name-3514","person-001204","Haahashtari","en","variant","accepted"
"name-3515","person-001204","אֲחַשְׁתָּרִי","hbo","canonical","accepted"
"name-3516","person-001205","哈巴雅","zh-hans","canonical","accepted"
"name-3517","person-001205","Habaiah","en","variant","accepted"
"name-3518","person-001205","חֲבַיָה","hbo","canonical","accepted"
"name-3519","person-001206","哈巴谷","zh-hans","canonical","accepted"
"name-3520","person-001206","Habakkuk","en","variant","accepted"
"name-3521","person-001206","חֲבַקּוּק","hbo","canonical","accepted"
"name-3522","person-001207","哈巴洗尼雅","zh-hans","canonical","accepted"
"name-3523","person-001207","Habazziniah","en","variant","accepted"
"name-3524","person-001207","חֲבַצִּנְיָה","hbo","canonical","accepted"
"name-3525","person-001208","哈迦利亚","zh-hans","canonical","accepted"
"name-3526","person-001208","Hacaliah","en","variant","accepted"
"name-3527","person-001208","חֲכַלְיָה","hbo","canonical","accepted"
"name-3528","person-001209","哈摩尼","zh-hans","canonical","accepted"
"name-3529","person-001209","Hachmoni","en","variant","accepted"
"name-3530","person-001209","חַכְמוֹנִי","hbo","canonical","accepted"
"name-3531","person-001210","哈达","zh-hans","canonical","accepted"
"name-3532","person-001210","Hadad","en","variant","accepted"
"name-3533","person-001210","הֲדַד","hbo","canonical","accepted"
"name-3534","person-001210","אֲדַד","hbo","variant","accepted"
"name-3535","person-001211","哈大","zh-hans","canonical","accepted"
"name-3536","person-001211","Hadad","en","variant","accepted"
"name-3537","person-001211","חֲדַד","hbo","canonical","accepted"
"name-3538","person-001211","חֲדַר","hbo","variant","accepted"
"name-3539","person-001212","哈达","zh-hans","canonical","accepted"
"name-3540","person-001212","Hadad","en","variant","accepted"
"name-3541","person-001212","הֲדַד","hbo","canonical","accepted"
"name-3542","person-001213","哈达","zh-hans","canonical","accepted"
"name-3543","person-001213","Hadad","en","variant","accepted"
"name-3544","person-001213","הֲדַד","hbo","canonical","accepted"
"name-3545","person-001213","הֲדַר","hbo","canonical","accepted"
"name-3546","person-001214","哈大底谢","zh-hans","canonical","accepted"
"name-3547","person-001214","Hadadezer","en","variant","accepted"
"name-3548","person-001214","הֲדַרְעֶ֫זֶר","hbo","canonical","accepted"
"name-3549","person-001214","הֲדַדְעֶ֫זֶר","hbo","variant","accepted"
"name-3550","person-001215","哈得莱","zh-hans","canonical","accepted"
"name-3551","person-001215","Hadlai","en","variant","accepted"
"name-3552","person-001215","חַדְלָ֑י","hbo","canonical","accepted"
"name-3553","person-001216","哈多兰","zh-hans","canonical","accepted"
"name-3554","person-001216","Hadoram","en","variant","accepted"
"name-3555","person-001216","הֲדוֹרָם","hbo","canonical","accepted"
"name-3556","person-001217","哈甲","zh-hans","canonical","accepted"
"name-3557","person-001217","Hagab","en","variant","accepted"
"name-3558","person-001217","חָגָב","hbo","canonical","accepted"
"name-3559","person-001218","哈迦巴","zh-hans","canonical","accepted"
"name-3560","person-001218","Hagabah","en","variant","accepted"
"name-3561","person-001218","חֲגָבָה","hbo","canonical","accepted"
"name-3562","person-001218","חֲגָבָא","hbo","canonical","accepted"
"name-3563","person-000118","夏甲","zh-hans","canonical","accepted"
"name-3564","person-001219","哈该","zh-hans","canonical","accepted"
"name-3565","person-001219","Haggai","en","variant","accepted"
"name-3566","person-001219","חַגַּי","hbo","canonical","accepted"
"name-3567","person-001220","哈基多琳","zh-hans","canonical","accepted"
"name-3568","person-001220","Haggedolim","en","variant","accepted"
"name-3569","person-001220","גָּדוֹל","hbo","canonical","accepted"
"name-3570","person-001221","哈基","zh-hans","canonical","accepted"
"name-3571","person-001221","Haggi","en","variant","accepted"
"name-3572","person-001221","חַגִּי","hbo","canonical","accepted"
"name-3573","person-001222","哈基雅","zh-hans","canonical","accepted"
"name-3574","person-001222","Haggiah","en","variant","accepted"
"name-3575","person-001222","חַגִּיָּה","hbo","canonical","accepted"
"name-3576","person-001223","哈及","zh-hans","canonical","accepted"
"name-3577","person-001223","Haggith","en","variant","accepted"
"name-3578","person-001223","חַגִּית","hbo","canonical","accepted"
"name-3579","person-001224","哈基利","zh-hans","canonical","accepted"
"name-3580","person-001224","Hagri","en","variant","accepted"
"name-3581","person-001224","הַגְרִי","hbo","canonical","accepted"
"name-3582","person-001225","哈加坦","zh-hans","canonical","accepted"
"name-3583","person-001225","Hakkatan","en","variant","accepted"
"name-3584","person-001225","קָטָן","hbo","canonical","accepted"
"name-3585","person-001226","哈歌斯","zh-hans","canonical","accepted"
"name-3586","person-001226","Hakkoz","en","variant","accepted"
"name-3587","person-001226","הַקוֹץ","hbo","canonical","accepted"
"name-3588","person-001227","哈哥斯","zh-hans","canonical","accepted"
"name-3589","person-001227","Hakkoz","en","variant","accepted"
"name-3590","person-001227","הַקוֹץ","hbo","canonical","accepted"
"name-3591","person-001228","哈哥斯","zh-hans","canonical","accepted"
"name-3592","person-001228","Hakkoz","en","variant","accepted"
"name-3593","person-001228","הַקוֹץ","hbo","canonical","accepted"
"name-3594","person-001229","哈古巴","zh-hans","canonical","accepted"
"name-3595","person-001229","Hakupha","en","variant","accepted"
"name-3596","person-001229","חֲקוּפָא","hbo","canonical","accepted"
"name-3597","person-001230","哈罗黑","zh-hans","canonical","accepted"
"name-3598","person-001230","Hallohesh","en","variant","accepted"
"name-3599","person-001230","הַלּוֹחֵשׁ","hbo","canonical","accepted"
"name-3600","person-001231","含","zh-hans","canonical","accepted"
"name-3601","person-001231","Ham","en","variant","accepted"
"name-3602","person-001231","חָם","hbo","canonical","accepted"
"name-3603","person-001232","哈曼","zh-hans","canonical","accepted"
"name-3604","person-001232","Haman","en","variant","accepted"
"name-3605","person-001232","הָמָן","hbo","canonical","accepted"
"name-3606","person-001233","哈末","zh-hans","canonical","accepted"
"name-3607","person-001233","Hammath","en","variant","accepted"
"name-3608","person-001233","חַמַּת","hbo","canonical","accepted"
"name-3609","person-001234","哈米大他","zh-hans","canonical","accepted"
"name-3610","person-001234","Hammedatha","en","variant","accepted"
"name-3611","person-001234","הַמְּדָתָא","hbo","canonical","accepted"
"name-3612","person-001235","哈米勒","zh-hans","canonical","rejected"
"name-3613","person-001235","Hammelech","en","variant","rejected"
"name-3614","person-001235","הַמֶּלֶךְ","hbo","canonical","rejected"
"name-3615","person-001236","哈摩利吉","zh-hans","canonical","accepted"
"name-3616","person-001236","Hammolecheth","en","variant","accepted"
"name-3617","person-001236","הַמֹּלֶכֶת","hbo","canonical","accepted"
"name-3618","person-001237","哈母利","zh-hans","canonical","accepted"
"name-3619","person-001237","Hammuel","en","variant","accepted"
"name-3620","person-001237","חַמּוּאֵל","hbo","canonical","accepted"
"name-3621","person-000119","哈抹","zh-hans","canonical","accepted"
"name-3622","person-001238","哈母勒","zh-hans","canonical","accepted"
"name-3623","person-001238","Hamul","en","variant","accepted"
"name-3624","person-001238","חָמוּל","hbo","canonical","accepted"
"name-3625","person-001238","חָמוּלִי","hbo","alias","accepted"
"name-3626","person-001239","哈慕她","zh-hans","canonical","accepted"
"name-3627","person-001239","Hamutal","en","variant","accepted"
"name-3628","person-001239","חֲמוּטַל","hbo","canonical","accepted"
"name-3629","person-001240","哈拿篾","zh-hans","canonical","accepted"
"name-3630","person-001240","Hanamel","en","variant","accepted"
"name-3631","person-001240","חֲנַמְאֵל","hbo","canonical","accepted"
"name-3632","person-001241","哈难","zh-hans","canonical","accepted"
"name-3633","person-001241","Hanan","en","variant","accepted"
"name-3634","person-001241","חָנָן","hbo","canonical","accepted"
"name-3635","person-001242","哈难","zh-hans","canonical","accepted"
"name-3636","person-001242","Hanan","en","variant","accepted"
"name-3637","person-001242","חָנָן","hbo","canonical","accepted"
"name-3638","person-001243","哈难","zh-hans","canonical","accepted"
"name-3639","person-001243","Hanan","en","variant","accepted"
"name-3640","person-001243","חָנָן","hbo","canonical","accepted"
"name-3641","person-001244","哈难","zh-hans","canonical","accepted"
"name-3642","person-001244","Hanan","en","variant","accepted"
"name-3643","person-001244","חָנָן","hbo","canonical","accepted"
"name-3644","person-001245","哈难","zh-hans","canonical","accepted"
"name-3645","person-001245","Hanan","en","variant","accepted"
"name-3646","person-001245","חָנָן","hbo","canonical","accepted"
"name-3647","person-001246","哈难","zh-hans","canonical","accepted"
"name-3648","person-001246","Hanan","en","variant","accepted"
"name-3649","person-001246","חָנָן","hbo","canonical","accepted"
"name-3650","person-001247","哈难","zh-hans","canonical","accepted"
"name-3651","person-001247","Hanan","en","variant","accepted"
"name-3652","person-001247","חָנָן","hbo","canonical","accepted"
"name-3653","person-001248","哈难","zh-hans","canonical","accepted"
"name-3654","person-001248","Hanan","en","variant","accepted"
"name-3655","person-001248","חָנָן","hbo","canonical","accepted"
"name-3656","person-001249","哈难","zh-hans","canonical","accepted"
"name-3657","person-001249","Hanan","en","variant","accepted"
"name-3658","person-001249","חָנָן","hbo","canonical","accepted"
"name-3659","person-001250","哈拿尼","zh-hans","canonical","accepted"
"name-3660","person-001250","Hanani","en","variant","accepted"
"name-3661","person-001250","חֲנָנִי","hbo","canonical","accepted"
"name-3662","person-001251","哈拿尼","zh-hans","canonical","accepted"
"name-3663","person-001251","Hanani","en","variant","accepted"
"name-3664","person-001251","חֲנָנִי","hbo","canonical","accepted"
"name-3665","person-001252","哈拿尼","zh-hans","canonical","accepted"
"name-3666","person-001252","Hanani","en","variant","accepted"
"name-3667","person-001252","חֲנָנִי","hbo","canonical","accepted"
"name-3668","person-001253","哈拿尼","zh-hans","canonical","accepted"
"name-3669","person-001253","Hanani","en","variant","accepted"
"name-3670","person-001253","חֲנָנִי","hbo","canonical","accepted"
"name-3671","person-001254","哈拿尼","zh-hans","canonical","accepted"
"name-3672","person-001254","Hanani","en","variant","accepted"
"name-3673","person-001254","חֲנָנִי","hbo","canonical","accepted"
"name-3674","person-001255","哈拿尼雅","zh-hans","canonical","accepted"
"name-3675","person-001255","Hananiah","en","variant","accepted"
"name-3676","person-001255","חֲנַנְיָ֫הוּ","hbo","canonical","accepted"
"name-3677","person-001256","哈拿尼雅","zh-hans","canonical","accepted"
"name-3678","person-001256","Hananiah","en","variant","accepted"
"name-3679","person-001256","חֲנַנְיָ֫הוּ","hbo","canonical","accepted"
"name-3680","person-001257","哈拿尼雅","zh-hans","canonical","accepted"
"name-3681","person-001257","Hananiah","en","variant","accepted"
"name-3682","person-001257","חֲנַנְיָ֫הוּ","hbo","canonical","accepted"
"name-3683","person-001258","哈拿尼雅","zh-hans","canonical","accepted"
"name-3684","person-001258","Hananiah","en","variant","accepted"
"name-3685","person-001258","חֲנַנְיָ֫הוּ","hbo","canonical","accepted"
"name-3686","person-001259","哈拿尼雅","zh-hans","canonical","accepted"
"name-3687","person-001259","Hananiah","en","variant","accepted"
"name-3688","person-001259","חֲנַנְיָ֫הוּ","hbo","canonical","accepted"
"name-3689","person-001259","חֲנַנְיָה","hbo","alias","accepted"
"name-3690","person-001259","שַׁדְרַךְ","hbo","canonical","accepted"
"name-3691","person-001260","哈拿尼雅","zh-hans","canonical","accepted"
"name-3692","person-001260","Hananiah","en","variant","accepted"
"name-3693","person-001260","חֲנַנְיָ֫הוּ","hbo","canonical","accepted"
"name-3694","person-001261","哈拿尼雅","zh-hans","canonical","accepted"
"name-3695","person-001261","Hananiah","en","variant","accepted"
"name-3696","person-001261","חֲנַנְיָ֫הוּ","hbo","canonical","accepted"
"name-3697","person-001262","哈拿尼雅","zh-hans","canonical","accepted"
"name-3698","person-001262","Hananiah","en","variant","accepted"
"name-3699","person-001262","חֲנַנְיָ֫הוּ","hbo","canonical","accepted"
"name-3700","person-001263","哈拿尼亚","zh-hans","canonical","accepted"
"name-3701","person-001263","Hananiah","en","variant","accepted"
"name-3702","person-001263","חֲנַנְיָ֫הוּ","hbo","canonical","accepted"
"name-3703","person-001264","哈拿尼雅","zh-hans","canonical","accepted"
"name-3704","person-001264","Hananiah","en","variant","accepted"
"name-3705","person-001264","חֲנַנְיָ֫הוּ","hbo","canonical","accepted"
"name-3706","person-001265","哈拿尼雅","zh-hans","canonical","accepted"
"name-3707","person-001265","Hananiah","en","variant","accepted"
"name-3708","person-001265","חֲנַנְיָ֫הוּ","hbo","canonical","accepted"
"name-3709","person-001266","哈楠尼亚","zh-hans","canonical","accepted"
"name-3710","person-001266","Hananiah","en","variant","accepted"
"name-3711","person-001266","חֲנַנְיָ֫הוּ","hbo","canonical","accepted"
"name-3712","person-001267","哈拿尼雅","zh-hans","canonical","accepted"
"name-3713","person-001267","Hananiah","en","variant","accepted"
"name-3714","person-001267","חֲנַנְיָ֫הוּ","hbo","canonical","accepted"
"name-3715","person-001268","哈拿尼雅","zh-hans","canonical","accepted"
"name-3716","person-001268","Hananiah","en","variant","accepted"
"name-3717","person-001268","חֲנַנְיָ֫הוּ","hbo","canonical","accepted"
"name-3718","person-001269","哈拿尼雅","zh-hans","canonical","accepted"
"name-3719","person-001269","Hananiah","en","variant","accepted"
"name-3720","person-001269","חֲנַנְיָ֫הוּ","hbo","canonical","accepted"
"name-3721","person-001270","哈拿","zh-hans","canonical","accepted"
"name-3722","person-001270","Hannah","en","variant","accepted"
"name-3723","person-001270","חַנָּה","hbo","canonical","accepted"
"name-3724","person-001271","汉尼业","zh-hans","canonical","accepted"
"name-3725","person-001271","Hanniel","en","variant","accepted"
"name-3726","person-001271","חַנִּיאֵל","hbo","canonical","accepted"
"name-3727","person-001272","汉聂","zh-hans","canonical","accepted"
"name-3728","person-001272","Hanniel","en","variant","accepted"
"name-3729","person-001272","חַנִּיאֵל","hbo","canonical","accepted"
"name-3730","person-001273","哈诺","zh-hans","canonical","accepted"
"name-3731","person-001273","Hanoch","en","variant","accepted"
"name-3732","person-001273","חֲנוֹךְ","hbo","canonical","accepted"
"name-3733","person-001274","哈诺","zh-hans","canonical","accepted"
"name-3734","person-001274","Hanoch","en","variant","accepted"
"name-3735","person-001274","חֲנוֹךְ","hbo","canonical","accepted"
"name-3736","person-001274","חֲנֹכִי","hbo","alias","accepted"
"name-3737","person-001275","哈嫩","zh-hans","canonical","accepted"
"name-3738","person-001275","Hanun","en","variant","accepted"
"name-3739","person-001275","חָנוּן","hbo","canonical","accepted"
"name-3740","person-001276","哈嫩","zh-hans","canonical","accepted"
"name-3741","person-001276","Hanun","en","variant","accepted"
"name-3742","person-001276","חָנוּן","hbo","canonical","accepted"
"name-3743","person-001277","哈嫩","zh-hans","canonical","accepted"
"name-3744","person-001277","Hanun","en","variant","accepted"
"name-3745","person-001277","חָנוּן","hbo","canonical","accepted"
"name-3746","person-001278","哈辟悉","zh-hans","canonical","accepted"
"name-3747","person-001278","Happizzez","en","variant","accepted"
"name-3748","person-001278","פִּצֵּץ","hbo","canonical","accepted"
"name-3749","person-001279","哈兰","zh-hans","canonical","accepted"
"name-3750","person-001279","Haran","en","variant","accepted"
"name-3751","person-001279","חָרָן","hbo","canonical","accepted"
"name-3752","person-001280","哈兰","zh-hans","canonical","accepted"
"name-3753","person-001280","Haran","en","variant","accepted"
"name-3754","person-001280","הָרָן","hbo","canonical","accepted"
"name-3755","person-001281","哈兰","zh-hans","canonical","accepted"
"name-3756","person-001281","Haran","en","variant","accepted"
"name-3757","person-001281","הָרָן","hbo","canonical","accepted"
"name-3758","person-001282","哈波拿","zh-hans","canonical","accepted"
"name-3759","person-001282","Harbona","en","variant","accepted"
"name-3760","person-001282","חַרְבוֹנָא","hbo","canonical","accepted"
"name-3761","person-001283","哈波拿","zh-hans","canonical","accepted"
"name-3762","person-001283","Harbona","en","variant","accepted"
"name-3763","person-001283","חַרְבוֹנָא","hbo","canonical","accepted"
"name-3764","person-001284","哈勒","zh-hans","canonical","accepted"
"name-3765","person-001284","Hareph","en","variant","accepted"
"name-3766","person-001284","חָרֵף","hbo","canonical","accepted"
"name-3767","person-001285","哈海雅","zh-hans","canonical","accepted"
"name-3768","person-001285","Harhaiah","en","variant","accepted"
"name-3769","person-001285","חַרְחֲיָה","hbo","canonical","accepted"
"name-3770","person-001286","哈珥哈斯","zh-hans","canonical","accepted"
"name-3771","person-001286","Harhas","en","variant","accepted"
"name-3772","person-001286","חַרְחַס","hbo","canonical","accepted"
"name-3773","person-001286","חַסְרָה","hbo","canonical","accepted"
"name-3774","person-001287","哈忽","zh-hans","canonical","accepted"
"name-3775","person-001287","Harhur","en","variant","accepted"
"name-3776","person-001287","חַרְחוּר","hbo","canonical","accepted"
"name-3777","person-001288","哈琳","zh-hans","canonical","accepted"
"name-3778","person-001288","Harim","en","variant","accepted"
"name-3779","person-001288","חָרִם","hbo","canonical","accepted"
"name-3780","person-001289","哈琳","zh-hans","canonical","accepted"
"name-3781","person-001289","Harim","en","variant","accepted"
"name-3782","person-001289","חָרִם","hbo","canonical","accepted"
"name-3783","person-001290","哈琳","zh-hans","canonical","accepted"
"name-3784","person-001290","Harim","en","variant","accepted"
"name-3785","person-001290","חָרִם","hbo","canonical","accepted"
"name-3786","person-001291","哈琳","zh-hans","canonical","accepted"
"name-3787","person-001291","Harim","en","variant","accepted"
"name-3788","person-001291","חָרִם","hbo","canonical","accepted"
"name-3789","person-001292","哈拉","zh-hans","canonical","accepted"
"name-3790","person-001292","Hariph","en","variant","accepted"
"name-3791","person-001292","חָרִיף","hbo","canonical","accepted"
"name-3792","person-001293","哈尼弗","zh-hans","canonical","accepted"
"name-3793","person-001293","Harnepher","en","variant","accepted"
"name-3794","person-001293","חַרְנֶ֫פֶר","hbo","canonical","accepted"
"name-3795","person-001294","哈罗以","zh-hans","canonical","accepted"
"name-3796","person-001294","Haroeh","en","variant","accepted"
"name-3797","person-001294","רֹאֶה","hbo","canonical","accepted"
"name-3798","person-001294","רְאָיָה","hbo","canonical","accepted"
"name-3799","person-001295","哈沙","zh-hans","canonical","accepted"
"name-3800","person-001295","Harsha","en","variant","accepted"
"name-3801","person-001295","חַרְשָׁא","hbo","canonical","accepted"
"name-3802","person-001296","哈兰","zh-hans","canonical","accepted"
"name-3803","person-001296","Harum","en","variant","accepted"
"name-3804","person-001296","הָרֻם","hbo","canonical","accepted"
"name-3805","person-001297","哈路抹","zh-hans","canonical","accepted"
"name-3806","person-001297","Harumaph","en","variant","accepted"
"name-3807","person-001297","חֲרוּמַף","hbo","canonical","accepted"
"name-3808","person-001298","哈鲁斯","zh-hans","canonical","accepted"
"name-3809","person-001298","Haruz","en","variant","accepted"
"name-3810","person-001298","חָרוּץ","hbo","canonical","accepted"
"name-3811","person-001299","哈撒底","zh-hans","canonical","accepted"
"name-3812","person-001299","Hasadiah","en","variant","accepted"
"name-3813","person-001299","חֲסַדְיָה","hbo","canonical","accepted"
"name-3814","person-001300","哈沙比雅","zh-hans","canonical","accepted"
"name-3815","person-001300","Hashabiah","en","variant","accepted"
"name-3816","person-001300","חֲשַׁבְיָ֫הוּ","hbo","canonical","accepted"
"name-3817","person-001301","哈沙比雅","zh-hans","canonical","accepted"
"name-3818","person-001301","Hashabiah","en","variant","accepted"
"name-3819","person-001301","חֲשַׁבְיָ֫הוּ","hbo","canonical","accepted"
"name-3820","person-001302","哈沙比雅","zh-hans","canonical","accepted"
"name-3821","person-001302","Hashabiah","en","variant","accepted"
"name-3822","person-001302","חֲשַׁבְיָ֫הוּ","hbo","canonical","accepted"
"name-3823","person-001303","哈沙比雅","zh-hans","canonical","accepted"
"name-3824","person-001303","Hashabiah","en","variant","accepted"
"name-3825","person-001303","חֲשַׁבְיָ֫הוּ","hbo","canonical","accepted"
"name-3826","person-001304","哈沙比雅","zh-hans","canonical","accepted"
"name-3827","person-001304","Hashabiah","en","variant","accepted"
"name-3828","person-001304","חֲשַׁבְיָ֫הוּ","hbo","canonical","accepted"
"name-3829","person-001305","哈沙比雅","zh-hans","canonical","accepted"
"name-3830","person-001305","Hashabiah","en","variant","accepted"
"name-3831","person-001305","חֲשַׁבְיָ֫הוּ","hbo","canonical","accepted"
"name-3832","person-001306","哈沙比雅","zh-hans","canonical","accepted"
"name-3833","person-001306","Hashabiah","en","variant","accepted"
"name-3834","person-001306","חֲשַׁבְיָ֫הוּ","hbo","canonical","accepted"
"name-3835","person-001307","哈沙比雅","zh-hans","canonical","accepted"
"name-3836","person-001307","Hashabiah","en","variant","accepted"
"name-3837","person-001307","חֲשַׁבְיָ֫הוּ","hbo","canonical","accepted"
"name-3838","person-001308","哈沙比雅","zh-hans","canonical","accepted"
"name-3839","person-001308","Hashabiah","en","variant","accepted"
"name-3840","person-001308","חֲשַׁבְיָ֫הוּ","hbo","canonical","accepted"
"name-3841","person-001309","哈沙比雅","zh-hans","canonical","accepted"
"name-3842","person-001309","Hashabiah","en","variant","accepted"
"name-3843","person-001309","חֲשַׁבְיָ֫הוּ","hbo","canonical","accepted"
"name-3844","person-001310","哈沙拿","zh-hans","canonical","accepted"
"name-3845","person-001310","Hashabnah","en","variant","accepted"
"name-3846","person-001310","חֲשַׁבְנָה","hbo","canonical","accepted"
"name-3847","person-001311","哈沙尼","zh-hans","canonical","accepted"
"name-3848","person-001311","Hashabneiah","en","variant","accepted"
"name-3849","person-001311","חֲשַׁבְנְיָה","hbo","canonical","accepted"
"name-3850","person-001312","哈沙尼","zh-hans","canonical","accepted"
"name-3851","person-001312","Hashabneiah","en","variant","accepted"
"name-3852","person-001312","חֲשַׁבְנְיָה","hbo","canonical","accepted"
"name-3853","person-001313","哈拔大拿","zh-hans","canonical","accepted"
"name-3854","person-001313","Hashbaddanah","en","variant","accepted"
"name-3855","person-001313","חַשְׁבַּדָּנָה","hbo","canonical","accepted"
"name-3856","person-001314","哈舒巴","zh-hans","canonical","accepted"
"name-3857","person-001314","Hashubah","en","variant","accepted"
"name-3858","person-001314","חֲשֻׁבָה","hbo","canonical","accepted"
"name-3859","person-001315","哈顺","zh-hans","canonical","accepted"
"name-3860","person-001315","Hashum","en","variant","accepted"
"name-3861","person-001315","חָשֻׁם","hbo","canonical","accepted"
"name-3862","person-001316","哈顺","zh-hans","canonical","accepted"
"name-3863","person-001316","Hashum","en","variant","accepted"
"name-3864","person-001316","חָשֻׁם","hbo","canonical","accepted"
"name-3865","person-001317","哈顺","zh-hans","canonical","accepted"
"name-3866","person-001317","Hashum","en","variant","accepted"
"name-3867","person-001317","חָשֻׁם","hbo","canonical","accepted"
"name-3868","person-001318","哈西努","zh-hans","canonical","accepted"
"name-3869","person-001318","Hassenuah","en","variant","accepted"
"name-3870","person-001318","סְנוּאָה","hbo","canonical","accepted"
"name-3871","person-001318","סְנָאָה","hbo","canonical","accepted"
"name-3872","person-001319","哈述","zh-hans","canonical","accepted"
"name-3873","person-001319","Hasshub","en","variant","accepted"
"name-3874","person-001319","חַשּׁוּב","hbo","canonical","accepted"
"name-3875","person-001320","哈述","zh-hans","canonical","accepted"
"name-3876","person-001320","Hasshub","en","variant","accepted"
"name-3877","person-001320","חַשּׁוּב","hbo","canonical","accepted"
"name-3878","person-001321","哈述","zh-hans","canonical","accepted"
"name-3879","person-001321","Hasshub","en","variant","accepted"
"name-3880","person-001321","חַשּׁוּב","hbo","canonical","accepted"
"name-3881","person-001322","哈述","zh-hans","canonical","accepted"
"name-3882","person-001322","Hasshub","en","variant","accepted"
"name-3883","person-001322","חַשּׁוּב","hbo","canonical","accepted"
"name-3884","person-001323","哈苏巴","zh-hans","canonical","accepted"
"name-3885","person-001323","Hasupha","en","variant","accepted"
"name-3886","person-001323","חֲשׂוּפָא","hbo","canonical","accepted"
"name-3887","person-001324","哈他革","zh-hans","canonical","accepted"
"name-3888","person-001324","Hathach","en","variant","accepted"
"name-3889","person-001324","הֲתָךְ","hbo","canonical","accepted"
"name-3890","person-001325","哈塔","zh-hans","canonical","accepted"
"name-3891","person-001325","Hathath","en","variant","accepted"
"name-3892","person-001325","חֲתַת","hbo","canonical","accepted"
"name-3893","person-001326","哈提法","zh-hans","canonical","accepted"
"name-3894","person-001326","Hatipha","en","variant","accepted"
"name-3895","person-001326","חֲטִיפָא","hbo","canonical","accepted"
"name-3896","person-001327","哈底大","zh-hans","canonical","accepted"
"name-3897","person-001327","Hatita","en","variant","accepted"
"name-3898","person-001327","חֲטִיטָא","hbo","canonical","accepted"
"name-3899","person-001328","哈替","zh-hans","canonical","accepted"
"name-3900","person-001328","Hattil","en","variant","accepted"
"name-3901","person-001328","חַטִּיל","hbo","canonical","accepted"
"name-3902","person-001329","哈突","zh-hans","canonical","accepted"
"name-3903","person-001329","Hattush","en","variant","accepted"
"name-3904","person-001329","חַטּוּשׁ","hbo","canonical","accepted"
"name-3905","person-001330","哈突","zh-hans","canonical","accepted"
"name-3906","person-001330","Hattush","en","variant","accepted"
"name-3907","person-001330","חַטּוּשׁ","hbo","canonical","accepted"
"name-3908","person-001331","哈突","zh-hans","canonical","accepted"
"name-3909","person-001331","Hattush","en","variant","accepted"
"name-3910","person-001331","חַטּוּשׁ","hbo","canonical","accepted"
"name-3911","person-001332","哈突","zh-hans","canonical","accepted"
"name-3912","person-001332","Hattush","en","variant","accepted"
"name-3913","person-001332","חַטּוּשׁ","hbo","canonical","accepted"
"name-3914","person-001333","哈腓拉","zh-hans","canonical","accepted"
"name-3915","person-001333","Havilah","en","variant","accepted"
"name-3916","person-001333","חֲוִילָה","hbo","canonical","accepted"
"name-3917","person-001334","哈腓拉","zh-hans","canonical","accepted"
"name-3918","person-001334","Havilah","en","variant","accepted"
"name-3919","person-001334","חֲוִילָה","hbo","canonical","accepted"
"name-3920","person-001335","哈薛","zh-hans","canonical","accepted"
"name-3921","person-001335","Hazael","en","variant","accepted"
"name-3922","person-001335","חֲזָהאֵל","hbo","canonical","accepted"
"name-3923","person-001336","哈赛雅","zh-hans","canonical","accepted"
"name-3924","person-001336","Hazaiah","en","variant","accepted"
"name-3925","person-001336","חֲזָיָה","hbo","canonical","accepted"
"name-3926","person-001337","哈萨玛非","zh-hans","canonical","accepted"
"name-3927","person-001337","Hazarmaveth","en","variant","accepted"
"name-3928","person-001337","חֲצַרְמָ֫וֶת","hbo","canonical","accepted"
"name-3929","person-001338","哈薛","zh-hans","canonical","accepted"
"name-3930","person-001338","Haziel","en","variant","accepted"
"name-3931","person-001338","חֲזִיאֵל","hbo","canonical","accepted"
"name-3932","person-001339","哈琐","zh-hans","canonical","accepted"
"name-3933","person-001339","Hazo","en","variant","accepted"
"name-3934","person-001339","חֲזוֹ","hbo","canonical","accepted"
"name-3935","person-001340","哈悉勒玻尼","zh-hans","canonical","accepted"
"name-3936","person-001340","Hazzelelponi","en","variant","accepted"
"name-3937","person-001340","הַצְּלֶלְפּוֹנִי","hbo","canonical","accepted"
"name-3938","person-001341","希伯","zh-hans","canonical","accepted"
"name-3939","person-001341","Heber","en","variant","accepted"
"name-3940","person-001341","חֶ֫בֶר","hbo","canonical","accepted"
"name-3941","person-001342","希伯","zh-hans","canonical","accepted"
"name-3942","person-001342","Heber","en","variant","accepted"
"name-3943","person-001342","חֶ֫בֶר","hbo","canonical","accepted"
"name-3944","person-001343","希别","zh-hans","canonical","accepted"
"name-3945","person-001343","Heber","en","variant","accepted"
"name-3946","person-001343","חֶ֫בֶר","hbo","canonical","accepted"
"name-3947","person-001343","חֶבְרִי","hbo","alias","accepted"
"name-3948","person-001344","希百","zh-hans","canonical","accepted"
"name-3949","person-001344","Heber","en","variant","accepted"
"name-3950","person-001344","חֶ֫בֶר","hbo","canonical","accepted"
"name-3951","person-001345","希伯","zh-hans","canonical","accepted"
"name-3952","person-001345","Hebron","en","variant","accepted"
"name-3953","person-001345","חֶבְרוֹן","hbo","canonical","accepted"
"name-3954","person-001346","希伯伦","zh-hans","canonical","accepted"
"name-3955","person-001346","Hebron","en","variant","accepted"
"name-3956","person-001346","חֶבְרוֹן","hbo","canonical","accepted"
"name-3957","person-001346","חֶבְרוֹנִי","hbo","alias","accepted"
"name-3958","person-001347","希该","zh-hans","canonical","accepted"
"name-3959","person-001347","Hegai","en","variant","accepted"
"name-3960","person-001347","הֵגֵא","hbo","canonical","accepted"
"name-3961","person-001348","希拉","zh-hans","canonical","accepted"
"name-3962","person-001348","Helah","en","variant","accepted"
"name-3963","person-001348","חֶלְאָה","hbo","canonical","accepted"
"name-3964","person-001349","黑玳","zh-hans","canonical","accepted"
"name-3965","person-001349","Heldai","en","variant","accepted"
"name-3966","person-001349","חֶלְדַּי","hbo","canonical","accepted"
"name-3967","person-001349","חֵ֫לֶם","hbo","canonical","accepted"
"name-3968","person-001350","希立","zh-hans","canonical","accepted"
"name-3969","person-001350","Heleb","en","variant","accepted"
"name-3970","person-001350","חֵ֫לֶב","hbo","canonical","accepted"
"name-3971","person-001350","חֶלְדַּי","hbo","canonical","accepted"
"name-3972","person-001350","חֵ֫לֶד","hbo","canonical","accepted"
"name-3973","person-001351","希勒","zh-hans","canonical","accepted"
"name-3974","person-001351","Helek","en","variant","accepted"
"name-3975","person-001351","חֵ֫לֶק","hbo","canonical","accepted"
"name-3976","person-001351","חֶלְקִי","hbo","alias","accepted"
"name-3977","person-001352","希利斯","zh-hans","canonical","accepted"
"name-3978","person-001352","Helez","en","variant","accepted"
"name-3979","person-001352","חֶ֫לֶץ","hbo","canonical","accepted"
"name-3980","person-001353","希利斯","zh-hans","canonical","accepted"
"name-3981","person-001353","Helez","en","variant","accepted"
"name-3982","person-001353","חֶ֫לֶץ","hbo","canonical","accepted"
"name-3983","person-001354","希勒恺","zh-hans","canonical","accepted"
"name-3984","person-001354","Helkai","en","variant","accepted"
"name-3985","person-001354","חֶלְקָ֑י","hbo","canonical","accepted"
"name-3986","person-001355","希伦","zh-hans","canonical","accepted"
"name-3987","person-001355","Helon","en","variant","accepted"
"name-3988","person-001355","חֵלֹן","hbo","canonical","accepted"
"name-3989","person-001356","希幔","zh-hans","canonical","accepted"
"name-3990","person-001356","Hemam","en","variant","accepted"
"name-3991","person-001356","הֵימָם","hbo","canonical","accepted"
"name-3992","person-001356","הוֹמָ֑ם","hbo","variant","accepted"
"name-3993","person-001357","希幔","zh-hans","canonical","accepted"
"name-3994","person-001357","Heman","en","variant","accepted"
"name-3995","person-001357","הֵימָן","hbo","canonical","accepted"
"name-3996","person-001358","希幔","zh-hans","canonical","accepted"
"name-3997","person-001358","Heman","en","variant","accepted"
"name-3998","person-001358","הֵימָן","hbo","canonical","accepted"
"name-3999","person-001359","希幔","zh-hans","canonical","accepted"
"name-4000","person-001359","Heman","en","variant","accepted"
"name-4001","person-001359","הֵימָן","hbo","canonical","accepted"
"name-4002","person-001360","欣但","zh-hans","canonical","accepted"
"name-4003","person-001360","Hemdan","en","variant","accepted"
"name-4004","person-001360","חֶמְדָּן","hbo","canonical","accepted"
"name-4005","person-001360","חַמְרָן","hbo","variant","accepted"
"name-4006","person-001361","希拿达","zh-hans","canonical","accepted"
"name-4007","person-001361","Henadad","en","variant","accepted"
"name-4008","person-001361","חֵנָדָד","hbo","canonical","accepted"
"name-4009","person-001362","希拿达","zh-hans","canonical","accepted"
"name-4010","person-001362","Henadad","en","variant","accepted"
"name-4011","person-001362","חֵנָדָד","hbo","canonical","accepted"
"name-4012","person-001363","希拿达","zh-hans","canonical","accepted"
"name-4013","person-001363","Henadad","en","variant","accepted"
"name-4014","person-001363","חֵנָדָד","hbo","canonical","accepted"
"name-4015","person-001364","希弗","zh-hans","canonical","accepted"
"name-4016","person-001364","Hepher","en","variant","accepted"
"name-4017","person-001364","חֵ֫פֶר","hbo","canonical","accepted"
"name-4018","person-001365","希弗","zh-hans","canonical","accepted"
"name-4019","person-001365","Hepher","en","variant","accepted"
"name-4020","person-001365","חֵ֫פֶר","hbo","canonical","accepted"
"name-4021","person-001366","希弗","zh-hans","canonical","accepted"
"name-4022","person-001366","Hepher","en","variant","accepted"
"name-4023","person-001366","חֵ֫פֶר","hbo","canonical","accepted"
"name-4024","person-001366","חֶפְרִי","hbo","alias","accepted"
"name-4025","person-001367","协西巴","zh-hans","canonical","accepted"
"name-4026","person-001367","Hephzibah","en","variant","accepted"
"name-4027","person-001367","חֶפְצִי־בָהּ","hbo","canonical","accepted"
"name-4028","person-001368","黑勒施","zh-hans","canonical","accepted"
"name-4029","person-001368","Heresh","en","variant","accepted"
"name-4030","person-001368","חֶ֫רֶשׁ","hbo","canonical","accepted"
"name-4031","person-001369","希悉","zh-hans","canonical","accepted"
"name-4032","person-001369","Hesed","en","variant","accepted"
"name-4033","person-001369","חֶ֫סֶד","hbo","canonical","accepted"
"name-4034","person-001370","赫","zh-hans","canonical","accepted"
"name-4035","person-001370","Heth","en","variant","accepted"
"name-4036","person-001370","חֵת","hbo","canonical","accepted"
"name-4037","person-001370","חִתִּי","hbo","alias","accepted"
"name-4038","person-000129","希西家","zh-hans","canonical","accepted"
"name-4039","person-001371","希西家","zh-hans","canonical","accepted"
"name-4040","person-001371","Hezekiah","en","variant","accepted"
"name-4041","person-001371","חִזְקִיָּהוּ","hbo","canonical","accepted"
"name-4042","person-001371","יְחִזְקִיָּה","hbo","variant","accepted"
"name-4043","person-001372","希西家","zh-hans","canonical","accepted"
"name-4044","person-001372","Hezekiah","en","variant","accepted"
"name-4045","person-001372","חִזְקִיָּהוּ","hbo","canonical","accepted"
"name-4046","person-001373","希西家","zh-hans","canonical","accepted"
"name-4047","person-001373","Hezekiah","en","variant","accepted"
"name-4048","person-001373","חִזְקִיָּהוּ","hbo","canonical","accepted"
"name-4049","person-001374","希旬","zh-hans","canonical","accepted"
"name-4050","person-001374","Hezion","en","variant","accepted"
"name-4051","person-001374","חֶזְיוֹן","hbo","canonical","accepted"
"name-4052","person-001375","希悉","zh-hans","canonical","accepted"
"name-4053","person-001375","Hezir","en","variant","accepted"
"name-4054","person-001375","חֵזִיר","hbo","canonical","accepted"
"name-4055","person-001376","希悉","zh-hans","canonical","accepted"
"name-4056","person-001376","Hezir","en","variant","accepted"
"name-4057","person-001376","חֵזִיר","hbo","canonical","accepted"
"name-4058","person-001377","希斯莱","zh-hans","canonical","accepted"
"name-4059","person-001377","Hezro","en","variant","accepted"
"name-4060","person-001377","חֶצְרוֹ","hbo","canonical","accepted"
"name-4061","person-001378","希斯仑","zh-hans","canonical","accepted"
"name-4062","person-001378","Hezron","en","variant","accepted"
"name-4063","person-001378","חֶצְרוֹן","hbo","canonical","accepted"
"name-4064","person-001378","חֶצְרוֹנִי","hbo","alias","accepted"
"name-4065","person-001378","Ἐσρώμ","grc","alias","accepted"
"name-4066","person-001379","希斯伦","zh-hans","canonical","accepted"
"name-4067","person-001379","Hezron","en","variant","accepted"
"name-4068","person-001379","חֶצְרוֹן","hbo","canonical","accepted"
"name-4069","person-001380","希太","zh-hans","canonical","accepted"
"name-4070","person-001380","Hiddai","en","variant","accepted"
"name-4071","person-001380","הִדַּי","hbo","canonical","accepted"
"name-4072","person-001380","חוּרַי","hbo","canonical","accepted"
"name-4073","person-001381","希伊勒","zh-hans","canonical","accepted"
"name-4074","person-001381","Hiel","en","variant","accepted"
"name-4075","person-001381","חִיאֵל","hbo","canonical","accepted"
"name-4076","person-001382","希勒家","zh-hans","canonical","accepted"
"name-4077","person-001382","Hilkiah","en","variant","accepted"
"name-4078","person-001382","חִלְקִיָּהוּ","hbo","canonical","accepted"
"name-4079","person-001383","希勒家","zh-hans","canonical","accepted"
"name-4080","person-001383","Hilkiah","en","variant","accepted"
"name-4081","person-001383","חִלְקִיָּהוּ","hbo","canonical","accepted"
"name-4082","person-001384","希勒家","zh-hans","canonical","accepted"
"name-4083","person-001384","Hilkiah","en","variant","accepted"
"name-4084","person-001384","חִלְקִיָּהוּ","hbo","canonical","accepted"
"name-4085","person-001385","希勒家","zh-hans","canonical","accepted"
"name-4086","person-001385","Hilkiah","en","variant","accepted"
"name-4087","person-001385","חִלְקִיָּהוּ","hbo","canonical","accepted"
"name-4088","person-001386","希勒家","zh-hans","canonical","accepted"
"name-4089","person-001386","Hilkiah","en","variant","accepted"
"name-4090","person-001386","חִלְקִיָּהוּ","hbo","canonical","accepted"
"name-4091","person-001387","希勒家","zh-hans","canonical","accepted"
"name-4092","person-001387","Hilkiah","en","variant","accepted"
"name-4093","person-001387","חִלְקִיָּהוּ","hbo","canonical","accepted"
"name-4094","person-001388","希勒家","zh-hans","canonical","accepted"
"name-4095","person-001388","Hilkiah","en","variant","accepted"
"name-4096","person-001388","חִלְקִיָּהוּ","hbo","canonical","accepted"
"name-4097","person-001389","希列","zh-hans","canonical","accepted"
"name-4098","person-001389","Hillel","en","variant","accepted"
"name-4099","person-001389","הִלֵּל","hbo","canonical","accepted"
"name-4100","person-001390","希拉","zh-hans","canonical","accepted"
"name-4101","person-001390","Hirah","en","variant","accepted"
"name-4102","person-001390","חִירָה","hbo","canonical","accepted"
"name-4103","person-001391","户兰","zh-hans","canonical","accepted"
"name-4104","person-001391","Hiram","en","variant","accepted"
"name-4105","person-001391","חִירָם","hbo","canonical","accepted"
"name-4106","person-001391","חוּרָם","hbo","canonical","accepted"
"name-4107","person-001391","חוּרָם+H0001H«H0001=אָב","hbo","alias","accepted"
"name-4108","person-001392","希兰","zh-hans","canonical","accepted"
"name-4109","person-001392","Hiram","en","variant","accepted"
"name-4110","person-001392","חִירָם","hbo","canonical","accepted"
"name-4111","person-001392","חוּרָם","hbo","canonical","accepted"
"name-4112","person-001393","希西基","zh-hans","canonical","accepted"
"name-4113","person-001393","Hizki","en","variant","accepted"
"name-4114","person-001393","חִזְקִי","hbo","canonical","accepted"
"name-4115","person-001394","希西家","zh-hans","canonical","accepted"
"name-4116","person-001394","Hizkiah","en","variant","accepted"
"name-4117","person-001394","חִזְקִיָּהוּ","hbo","canonical","accepted"
"name-4118","person-001395","何巴","zh-hans","canonical","accepted"
"name-4119","person-001395","Hobab","en","variant","accepted"
"name-4120","person-001395","חֹבָב","hbo","canonical","accepted"
"name-4121","person-001396","河得","zh-hans","canonical","accepted"
"name-4122","person-001396","Hod","en","variant","accepted"
"name-4123","person-001396","הוֹד","hbo","canonical","accepted"
"name-4124","person-001397","何大雅","zh-hans","canonical","accepted"
"name-4125","person-001397","Hodaviah","en","variant","accepted"
"name-4126","person-001397","הוֹדַוְיָה","hbo","canonical","accepted"
"name-4127","person-001398","何达威雅","zh-hans","canonical","accepted"
"name-4128","person-001398","Hodaviah","en","variant","accepted"
"name-4129","person-001398","הוֹדַוְיָה","hbo","canonical","accepted"
"name-4130","person-001399","何达威雅","zh-hans","canonical","accepted"
"name-4131","person-001399","Hodaviah","en","variant","accepted"
"name-4132","person-001399","הוֹדַוְיָה","hbo","canonical","accepted"
"name-4133","person-001400","何达威雅","zh-hans","canonical","accepted"
"name-4134","person-001400","Hodaviah","en","variant","accepted"
"name-4135","person-001400","הוֹדַוְיָה","hbo","canonical","accepted"
"name-4136","person-001400","הוֹדְיָה","hbo","canonical","accepted"
"name-4137","person-001400","יְהוּדָה","hbo","canonical","accepted"
"name-4138","person-001401","贺得","zh-hans","canonical","accepted"
"name-4139","person-001401","Hodesh","en","variant","accepted"
"name-4140","person-001401","חֹ֫דֶשׁ","hbo","canonical","accepted"
"name-4141","person-001402","荷第雅","zh-hans","canonical","accepted"
"name-4142","person-001402","Hodiah","en","variant","accepted"
"name-4143","person-001402","הוֹדִיָּה","hbo","canonical","accepted"
"name-4144","person-001403","荷第雅","zh-hans","canonical","accepted"
"name-4145","person-001403","Hodiah","en","variant","accepted"
"name-4146","person-001403","הוֹדִיָּה","hbo","canonical","accepted"
"name-4147","person-001404","荷第雅","zh-hans","canonical","accepted"
"name-4148","person-001404","Hodiah","en","variant","accepted"
"name-4149","person-001404","הוֹדִיָּה","hbo","canonical","accepted"
"name-4150","person-001405","荷第雅","zh-hans","canonical","accepted"
"name-4151","person-001405","Hodiah","en","variant","accepted"
"name-4152","person-001405","הוֹדִיָּה","hbo","canonical","accepted"
"name-4153","person-001405","יְהוּדָה","hbo","alias","accepted"
"name-4154","person-001406","曷拉","zh-hans","canonical","accepted"
"name-4155","person-001406","Hoglah","en","variant","accepted"
"name-4156","person-001406","חׇגְלָה","hbo","canonical","accepted"
"name-4157","person-001407","何咸","zh-hans","canonical","accepted"
"name-4158","person-001407","Hoham","en","variant","accepted"
"name-4159","person-001407","הוֹהָם","hbo","canonical","accepted"
"name-4160","person-001408","何弗尼","zh-hans","canonical","accepted"
"name-4161","person-001408","Hophni","en","variant","accepted"
"name-4162","person-001408","חׇפְנִי","hbo","canonical","accepted"
"name-4163","person-001409","合弗拉","zh-hans","canonical","accepted"
"name-4164","person-001409","Hophra","en","variant","accepted"
"name-4165","person-001409","פַּרְעֹה","hbo","canonical","accepted"
"name-4166","person-001409","חָפְרַע+H6547S«H6547=פַּרְעֹה","hbo","alias","accepted"
"name-4167","person-001410","荷兰","zh-hans","canonical","accepted"
"name-4168","person-001410","Horam","en","variant","accepted"
"name-4169","person-001410","הֹרָם","hbo","canonical","accepted"
"name-4170","person-001411","何利","zh-hans","canonical","accepted"
"name-4171","person-001411","Hori","en","variant","accepted"
"name-4172","person-001411","חֹרִי","hbo","canonical","accepted"
"name-4173","person-001412","何利","zh-hans","canonical","accepted"
"name-4174","person-001412","Hori","en","variant","accepted"
"name-4175","person-001412","חֹרִי","hbo","canonical","accepted"
"name-4176","person-001413","何萨","zh-hans","canonical","accepted"
"name-4177","person-001413","Hosah","en","variant","accepted"
"name-4178","person-001413","חֹסָה","hbo","canonical","accepted"
"name-4179","person-000131","何西阿","zh-hans","canonical","accepted"
"name-4180","person-001414","何沙雅","zh-hans","canonical","accepted"
"name-4181","person-001414","Hoshaiah","en","variant","accepted"
"name-4182","person-001414","הוֹשַׁעֲיָה","hbo","canonical","accepted"
"name-4183","person-001415","何沙雅","zh-hans","canonical","accepted"
"name-4184","person-001415","Hoshaiah","en","variant","accepted"
"name-4185","person-001415","הוֹשַׁעֲיָה","hbo","canonical","accepted"
"name-4186","person-001416","何沙玛","zh-hans","canonical","accepted"
"name-4187","person-001416","Hoshama","en","variant","accepted"
"name-4188","person-001416","יְהוֹשָׁמָע","hbo","canonical","accepted"
"name-4189","person-001417","何细亚","zh-hans","canonical","accepted"
"name-4190","person-001417","Hoshea","en","variant","accepted"
"name-4191","person-001417","הוֹשֵׁעַ","hbo","canonical","accepted"
"name-4192","person-001418","何细亚","zh-hans","canonical","accepted"
"name-4193","person-001418","Hoshea","en","variant","accepted"
"name-4194","person-001418","הוֹשֵׁעַ","hbo","canonical","accepted"
"name-4195","person-001419","何细亚","zh-hans","canonical","accepted"
"name-4196","person-001419","Hoshea","en","variant","accepted"
"name-4197","person-001419","הוֹשֵׁעַ","hbo","canonical","accepted"
"name-4198","person-001420","何坦","zh-hans","canonical","accepted"
"name-4199","person-001420","Hotham","en","variant","accepted"
"name-4200","person-001420","חוֹתָם","hbo","canonical","accepted"
"name-4201","person-001421","何坦","zh-hans","canonical","accepted"
"name-4202","person-001421","Hotham","en","variant","accepted"
"name-4203","person-001421","חוֹתָם","hbo","canonical","accepted"
"name-4204","person-001421","הֶ֫לֶם","hbo","canonical","accepted"
"name-4205","person-001422","何提","zh-hans","canonical","accepted"
"name-4206","person-001422","Hothir","en","variant","accepted"
"name-4207","person-001422","הוֹתִיר","hbo","canonical","accepted"
"name-4208","person-001423","户勒","zh-hans","canonical","accepted"
"name-4209","person-001423","Hul","en","variant","accepted"
"name-4210","person-001423","חוּל","hbo","canonical","accepted"
"name-4211","person-001424","户勒大","zh-hans","canonical","accepted"
"name-4212","person-001424","Huldah","en","variant","accepted"
"name-4213","person-001424","חֻלְדָּה","hbo","canonical","accepted"
"name-4214","person-001425","胡巴","zh-hans","canonical","accepted"
"name-4215","person-001425","Huppah","en","variant","accepted"
"name-4216","person-001425","חֻפָּה","hbo","canonical","accepted"
"name-4217","person-001426","户品","zh-hans","canonical","accepted"
"name-4218","person-001426","Huppim","en","variant","accepted"
"name-4219","person-001426","חֻפִּים","hbo","canonical","accepted"
"name-4220","person-001427","户平","zh-hans","canonical","accepted"
"name-4221","person-001427","Huppim","en","variant","accepted"
"name-4222","person-001427","חֻפִּים","hbo","canonical","accepted"
"name-4223","person-001427","חוּפָם","hbo","canonical","accepted"
"name-4224","person-001427","חוּרָם","hbo","canonical","accepted"
"name-4225","person-001427","חוּפָמִי","hbo","alias","accepted"
"name-4226","person-001428","户珥","zh-hans","canonical","accepted"
"name-4227","person-001428","Hur","en","variant","accepted"
"name-4228","person-001428","חוּר","hbo","canonical","accepted"
"name-4229","person-001429","户珥","zh-hans","canonical","accepted"
"name-4230","person-001429","Hur","en","variant","accepted"
"name-4231","person-001429","חוּר","hbo","canonical","accepted"
"name-4232","person-001430","户珥","zh-hans","canonical","accepted"
"name-4233","person-001430","Hur","en","variant","accepted"
"name-4234","person-001430","חוּר","hbo","canonical","accepted"
"name-4235","person-001431","户利","zh-hans","canonical","accepted"
"name-4236","person-001431","Huri","en","variant","accepted"
"name-4237","person-001431","חוּרִי","hbo","canonical","accepted"
"name-4238","person-001432","户沙","zh-hans","canonical","accepted"
"name-4239","person-001432","Hushah","en","variant","accepted"
"name-4240","person-001432","חוּשָׁה","hbo","canonical","accepted"
"name-4241","person-001433","户筛","zh-hans","canonical","accepted"
"name-4242","person-001433","Hushai","en","variant","accepted"
"name-4243","person-001433","חוּשַׁי","hbo","canonical","accepted"
"name-4244","person-001434","户珊","zh-hans","canonical","accepted"
"name-4245","person-001434","Husham","en","variant","accepted"
"name-4246","person-001434","חֻשָׁם","hbo","canonical","accepted"
"name-4247","person-001435","户伸","zh-hans","canonical","accepted"
"name-4248","person-001435","Hushim","en","variant","accepted"
"name-4249","person-001435","חֻשִׁים","hbo","canonical","accepted"
"name-4250","person-001436","户伸","zh-hans","canonical","accepted"
"name-4251","person-001436","Hushim","en","variant","accepted"
"name-4252","person-001436","חוּשִׁים","hbo","canonical","accepted"
"name-4253","person-001437","户伸","zh-hans","canonical","accepted"
"name-4254","person-001437","Hushim","en","variant","accepted"
"name-4255","person-001437","חֻשִׁים","hbo","canonical","accepted"
"name-4256","person-001437","שׁוּחָם","hbo","canonical","accepted"
"name-4257","person-001437","שׁוּחָמִי","hbo","alias","accepted"
"name-4258","person-001438","益辖","zh-hans","canonical","accepted"
"name-4259","person-001438","Ibhar","en","variant","accepted"
"name-4260","person-001438","יִבְחָר","hbo","canonical","accepted"
"name-4261","person-001439","伊比尼雅","zh-hans","canonical","accepted"
"name-4262","person-001439","Ibneiah","en","variant","accepted"
"name-4263","person-001439","יִבְנְיָה","hbo","canonical","accepted"
"name-4264","person-001440","伊比尼雅","zh-hans","canonical","accepted"
"name-4265","person-001440","Ibnijah","en","variant","accepted"
"name-4266","person-001440","יִבְנִיָּה","hbo","canonical","accepted"
"name-4267","person-001441","伊比利","zh-hans","canonical","accepted"
"name-4268","person-001441","Ibri","en","variant","accepted"
"name-4269","person-001441","עִבְרִי","hbo","canonical","accepted"
"name-4270","person-001442","易伯散","zh-hans","canonical","accepted"
"name-4271","person-001442","Ibsam","en","variant","accepted"
"name-4272","person-001442","יִבְשָׂם","hbo","canonical","accepted"
"name-4273","person-001443","以比赞","zh-hans","canonical","accepted"
"name-4274","person-001443","Ibzan","en","variant","accepted"
"name-4275","person-001443","אִבְצָן","hbo","canonical","accepted"
"name-4276","person-001444","以迦博","zh-hans","canonical","accepted"
"name-4277","person-001444","Ichabod","en","variant","accepted"
"name-4278","person-001444","אִי־כָבוֹד","hbo","canonical","accepted"
"name-4279","person-001445","伊得巴","zh-hans","canonical","accepted"
"name-4280","person-001445","Idbash","en","variant","accepted"
"name-4281","person-001445","יִדְבָּשׁ","hbo","canonical","accepted"
"name-4282","person-001446","易多","zh-hans","canonical","accepted"
"name-4283","person-001446","Iddo","en","variant","accepted"
"name-4284","person-001446","יִדּוֹ","hbo","canonical","accepted"
"name-4285","person-001447","易多","zh-hans","canonical","accepted"
"name-4286","person-001447","Iddo","en","variant","accepted"
"name-4287","person-001447","עִדּוֹ","hbo","canonical","accepted"
"name-4288","person-001447","עֲדָיָ֫הוּ","hbo","canonical","accepted"
"name-4289","person-001448","易多","zh-hans","canonical","accepted"
"name-4290","person-001448","Iddo","en","variant","accepted"
"name-4291","person-001448","עִדּוֹ","hbo","canonical","accepted"
"name-4292","person-001449","易多","zh-hans","canonical","accepted"
"name-4293","person-001449","Iddo","en","variant","accepted"
"name-4294","person-001449","עִדּוֹ","hbo","canonical","accepted"
"name-4295","person-001449","יֶעְדּוֹ","hbo","variant","accepted"
"name-4296","person-001450","易多","zh-hans","canonical","accepted"
"name-4297","person-001450","Iddo","en","variant","accepted"
"name-4298","person-001450","עִדּוֹ","hbo","canonical","accepted"
"name-4299","person-001451","易多","zh-hans","canonical","accepted"
"name-4300","person-001451","Iddo","en","variant","accepted"
"name-4301","person-001451","אִדּוֹ","hbo","canonical","accepted"
"name-4302","person-001452","易多","zh-hans","canonical","accepted"
"name-4303","person-001452","Iddo","en","variant","accepted"
"name-4304","person-001452","עִדּוֹ","hbo","canonical","accepted"
"name-4305","person-001452","עִדּוֹא, עֲדָיָא","hbo","variant","accepted"
"name-4306","person-001453","以甲","zh-hans","canonical","accepted"
"name-4307","person-001453","Igal","en","variant","accepted"
"name-4308","person-001453","יִגְאָל","hbo","canonical","accepted"
"name-4309","person-001454","以甲","zh-hans","canonical","accepted"
"name-4310","person-001454","Igal","en","variant","accepted"
"name-4311","person-001454","יִגְאָל","hbo","canonical","accepted"
"name-4312","person-001455","以迦","zh-hans","canonical","accepted"
"name-4313","person-001455","Igal","en","variant","accepted"
"name-4314","person-001455","יִגְאָל","hbo","canonical","accepted"
"name-4315","person-001456","伊基大利","zh-hans","canonical","accepted"
"name-4316","person-001456","Igdaliah","en","variant","accepted"
"name-4317","person-001456","יִגְדַּלְיָ֫הוּ","hbo","canonical","accepted"
"name-4318","person-001457","益吉","zh-hans","canonical","accepted"
"name-4319","person-001457","Ikkesh","en","variant","accepted"
"name-4320","person-001457","עִקֵּשׁ","hbo","canonical","accepted"
"name-4321","person-001458","音拉","zh-hans","canonical","accepted"
"name-4322","person-001458","Imlah","en","variant","accepted"
"name-4323","person-001458","יִמְלָה","hbo","canonical","accepted"
"name-4324","person-001459","音麦","zh-hans","canonical","accepted"
"name-4325","person-001459","Immer","en","variant","accepted"
"name-4326","person-001459","אִמֵּר","hbo","canonical","accepted"
"name-4327","person-001460","音麦","zh-hans","canonical","accepted"
"name-4328","person-001460","Immer","en","variant","accepted"
"name-4329","person-001460","אִמֵּר","hbo","canonical","accepted"
"name-4330","person-001461","音麦","zh-hans","canonical","accepted"
"name-4331","person-001461","Immer","en","variant","accepted"
"name-4332","person-001461","אִמֵּר","hbo","canonical","accepted"
"name-4333","person-001462","音那","zh-hans","canonical","accepted"
"name-4334","person-001462","Imna","en","variant","accepted"
"name-4335","person-001462","יִמְנָע","hbo","canonical","accepted"
"name-4336","person-001463","音拿","zh-hans","canonical","accepted"
"name-4337","person-001463","Imnah","en","variant","accepted"
"name-4338","person-001463","יִמְנָה","hbo","canonical","accepted"
"name-4339","person-001464","音拿","zh-hans","canonical","accepted"
"name-4340","person-001464","Imnah","en","variant","accepted"
"name-4341","person-001464","יִמְנָה","hbo","canonical","accepted"
"name-4342","person-001465","音拉","zh-hans","canonical","accepted"
"name-4343","person-001465","Imrah","en","variant","accepted"
"name-4344","person-001465","יִמְרָה","hbo","canonical","accepted"
"name-4345","person-001466","音利","zh-hans","canonical","accepted"
"name-4346","person-001466","Imri","en","variant","accepted"
"name-4347","person-001466","אִמְרִי","hbo","canonical","accepted"
"name-4348","person-001467","音利","zh-hans","canonical","accepted"
"name-4349","person-001467","Imri","en","variant","accepted"
"name-4350","person-001467","אִמְרִי","hbo","canonical","accepted"
"name-4351","person-001468","伊弗底雅","zh-hans","canonical","accepted"
"name-4352","person-001468","Iphdeiah","en","variant","accepted"
"name-4353","person-001468","יִפְדְּיָה","hbo","canonical","accepted"
"name-4354","person-001469","以珥","zh-hans","canonical","accepted"
"name-4355","person-001469","Ir","en","variant","accepted"
"name-4356","person-001469","עִיר","hbo","canonical","accepted"
"name-4357","person-001470","以拉","zh-hans","canonical","accepted"
"name-4358","person-001470","Ira","en","variant","accepted"
"name-4359","person-001470","עִירָא","hbo","canonical","accepted"
"name-4360","person-001471","以拉","zh-hans","canonical","accepted"
"name-4361","person-001471","Ira","en","variant","accepted"
"name-4362","person-001471","עִירָא","hbo","canonical","accepted"
"name-4363","person-001472","以拉","zh-hans","canonical","accepted"
"name-4364","person-001472","Ira","en","variant","accepted"
"name-4365","person-001472","עִירָא","hbo","canonical","accepted"
"name-4366","person-001473","以拿","zh-hans","canonical","accepted"
"name-4367","person-001473","Irad","en","variant","accepted"
"name-4368","person-001473","עִירָד","hbo","canonical","accepted"
"name-4369","person-001474","以兰","zh-hans","canonical","accepted"
"name-4370","person-001474","Iram","en","variant","accepted"
"name-4371","person-001474","עִירָם","hbo","canonical","accepted"
"name-4372","person-001475","以利","zh-hans","canonical","accepted"
"name-4373","person-001475","Iri","en","variant","accepted"
"name-4374","person-001475","עִירִי","hbo","canonical","accepted"
"name-4375","person-001476","伊利雅","zh-hans","canonical","accepted"
"name-4376","person-001476","Irijah","en","variant","accepted"
"name-4377","person-001476","יִרְאִיָּיה","hbo","canonical","accepted"
"name-4378","person-001477","以路","zh-hans","canonical","accepted"
"name-4379","person-001477","Iru","en","variant","accepted"
"name-4380","person-001477","עִירוּ","hbo","canonical","accepted"
"name-4381","person-000133","以撒","zh-hans","canonical","accepted"
"name-4382","person-000134","以赛亚","zh-hans","canonical","accepted"
"name-4383","person-001478","亦迦","zh-hans","canonical","accepted"
"name-4384","person-001478","Iscah","en","variant","accepted"
"name-4385","person-001478","יִסְכָּה","hbo","canonical","accepted"
"name-4386","person-001479","伊施波设","zh-hans","canonical","accepted"
"name-4387","person-001479","Ish-bosheth","en","variant","accepted"
"name-4388","person-001479","אִישׁ־בֹ֫שֶׁת","hbo","canonical","accepted"
"name-4389","person-001479","אֶשְׁבַּעַל","hbo","canonical","accepted"
"name-4390","person-001480","益巴","zh-hans","canonical","accepted"
"name-4391","person-001480","Ishbah","en","variant","accepted"
"name-4392","person-001480","יִשְׁבַּח","hbo","canonical","accepted"
"name-4393","person-001481","伊施巴","zh-hans","canonical","accepted"
"name-4394","person-001481","Ishbak","en","variant","accepted"
"name-4395","person-001481","יִשְׁבָּק","hbo","canonical","accepted"
"name-4396","person-001482","以实·比诺","zh-hans","canonical","accepted"
"name-4397","person-001482","Ishbi-benob","en","variant","accepted"
"name-4398","person-001482","יִשְׁבּוֹ בְּנֹב","hbo","canonical","accepted"
"name-4399","person-001483","伊施荷","zh-hans","canonical","accepted"
"name-4400","person-001483","Ishhod","en","variant","accepted"
"name-4401","person-001483","אִישְׁהוֹד","hbo","canonical","accepted"
"name-4402","person-001484","以示","zh-hans","canonical","accepted"
"name-4403","person-001484","Ishi","en","variant","accepted"
"name-4404","person-001484","יִשְׁעִי","hbo","canonical","accepted"
"name-4405","person-001485","以示","zh-hans","canonical","accepted"
"name-4406","person-001485","Ishi","en","variant","accepted"
"name-4407","person-001485","יִשְׁעִי","hbo","canonical","accepted"
"name-4408","person-001486","以示","zh-hans","canonical","accepted"
"name-4409","person-001486","Ishi","en","variant","accepted"
"name-4410","person-001486","יִשְׁעִי","hbo","canonical","accepted"
"name-4411","person-001487","以示","zh-hans","canonical","accepted"
"name-4412","person-001487","Ishi","en","variant","accepted"
"name-4413","person-001487","יִשְׁעִי","hbo","canonical","accepted"
"name-4414","person-001488","伊施玛","zh-hans","canonical","accepted"
"name-4415","person-001488","Ishma","en","variant","accepted"
"name-4416","person-001488","יִשְׁמָא","hbo","canonical","accepted"
"name-4417","person-001489","以实玛利","zh-hans","canonical","accepted"
"name-4418","person-001489","Ishmael","en","variant","accepted"
"name-4419","person-001489","יִשְׁמָעֵאל","hbo","canonical","accepted"
"name-4420","person-001490","以实玛利","zh-hans","canonical","accepted"
"name-4421","person-001490","Ishmael","en","variant","accepted"
"name-4422","person-001490","יִשְׁמָעֵאל","hbo","canonical","accepted"
"name-4423","person-001491","以实玛利","zh-hans","canonical","accepted"
"name-4424","person-001491","Ishmael","en","variant","accepted"
"name-4425","person-001491","יִשְׁמָעֵאל","hbo","canonical","accepted"
"name-4426","person-001492","以实玛利","zh-hans","canonical","accepted"
"name-4427","person-001492","Ishmael","en","variant","accepted"
"name-4428","person-001492","יִשְׁמָעֵאל","hbo","canonical","accepted"
"name-4429","person-001493","以实玛利","zh-hans","canonical","accepted"
"name-4430","person-001493","Ishmael","en","variant","accepted"
"name-4431","person-001493","יִשְׁמָעֵאל","hbo","canonical","accepted"
"name-4432","person-001494","以实玛利","zh-hans","canonical","accepted"
"name-4433","person-001494","Ishmael","en","variant","accepted"
"name-4434","person-001494","יִשְׁמָעֵאל","hbo","canonical","accepted"
"name-4435","person-001494","יִשְׁמְעֵאלִי","hbo","alias","accepted"
"name-4436","person-001494","יִשְׂרְאֵלִי","hbo","alias","accepted"
"name-4437","person-001495","以实买雅","zh-hans","canonical","accepted"
"name-4438","person-001495","Ishmaiah","en","variant","accepted"
"name-4439","person-001495","יִשְׁמַעְיָ֫הוּ","hbo","canonical","accepted"
"name-4440","person-001496","伊施玛雅","zh-hans","canonical","accepted"
"name-4441","person-001496","Ishmaiah","en","variant","accepted"
"name-4442","person-001496","יִשְׁמַעְיָ֫הוּ","hbo","canonical","accepted"
"name-4443","person-001497","伊施米莱","zh-hans","canonical","accepted"
"name-4444","person-001497","Ishmerai","en","variant","accepted"
"name-4445","person-001497","יִשְׁמְרַי","hbo","canonical","accepted"
"name-4446","person-001498","伊施巴","zh-hans","canonical","accepted"
"name-4447","person-001498","Ishpah","en","variant","accepted"
"name-4448","person-001498","יִשְׁפָּה","hbo","canonical","accepted"
"name-4449","person-001499","伊施班","zh-hans","canonical","accepted"
"name-4450","person-001499","Ishpan","en","variant","accepted"
"name-4451","person-001499","יִשְׁפָּן","hbo","canonical","accepted"
"name-4452","person-001500","亦施瓦","zh-hans","canonical","accepted"
"name-4453","person-001500","Ishvah","en","variant","accepted"
"name-4454","person-001500","יִשְׁוָה","hbo","canonical","accepted"
"name-4455","person-001501","亦施韦","zh-hans","canonical","accepted"
"name-4456","person-001501","Ishvi","en","variant","accepted"
"name-4457","person-001501","יִשְׁוִי","hbo","canonical","accepted"
"name-4458","person-001502","伊斯玛基雅","zh-hans","canonical","accepted"
"name-4459","person-001502","Ismachiah","en","variant","accepted"
"name-4460","person-001502","יִסְמַכְיָהוּ","hbo","canonical","accepted"
"name-4461","person-000135","雅各","zh-hans","canonical","accepted"
"name-4462","person-000135","יִשְׂרְאֵלִי","hbo","alias","accepted"
"name-4463","person-000135","יִשְׂרְאֵלִית","hbo","alias","accepted"
"name-4464","person-000135","Ἰσραήλ","grc","alias","accepted"
"name-4465","person-000135","Ἰσραηλίτης","grc","alias","accepted"
"name-4466","person-001503","以萨迦","zh-hans","canonical","accepted"
"name-4467","person-001503","Issachar","en","variant","accepted"
"name-4468","person-001503","יִשָּׂשכָר","hbo","canonical","accepted"
"name-4469","person-001504","以萨迦","zh-hans","canonical","accepted"
"name-4470","person-001504","Issachar","en","variant","accepted"
"name-4471","person-001504","יִשָּׂשכָר","hbo","canonical","accepted"
"name-4472","person-001504","Ἰσαχάρ","grc","alias","accepted"
"name-4473","person-001505","耶西亚","zh-hans","canonical","accepted"
"name-4474","person-001505","Isshiah","en","variant","accepted"
"name-4475","person-001505","יִשִּׁיָּהוּ","hbo","canonical","accepted"
"name-4476","person-001506","耶西雅","zh-hans","canonical","accepted"
"name-4477","person-001506","Isshiah","en","variant","accepted"
"name-4478","person-001506","יִשִּׁיָּהוּ","hbo","canonical","accepted"
"name-4479","person-001507","伊示雅","zh-hans","canonical","accepted"
"name-4480","person-001507","Isshiah","en","variant","accepted"
"name-4481","person-001507","יִשִּׁיָּהוּ","hbo","canonical","accepted"
"name-4482","person-001507","יְשַׁעְיָ֫הוּ","hbo","canonical","accepted"
"name-4483","person-001508","伊示雅","zh-hans","canonical","accepted"
"name-4484","person-001508","Isshiah","en","variant","accepted"
"name-4485","person-001508","יִשִּׁיָּהוּ","hbo","canonical","accepted"
"name-4486","person-001509","伊示雅","zh-hans","canonical","accepted"
"name-4487","person-001509","Isshijah","en","variant","accepted"
"name-4488","person-001509","יִשִּׁיָּהוּ","hbo","canonical","accepted"
"name-4489","person-001510","以他玛","zh-hans","canonical","accepted"
"name-4490","person-001510","Ithamar","en","variant","accepted"
"name-4491","person-001510","אִיתָמָר","hbo","canonical","accepted"
"name-4492","person-001511","以铁","zh-hans","canonical","accepted"
"name-4493","person-001511","Ithiel","en","variant","accepted"
"name-4494","person-001511","אִיתִיאֵל","hbo","canonical","accepted"
"name-4495","person-001512","以铁","zh-hans","canonical","accepted"
"name-4496","person-001512","Ithiel","en","variant","accepted"
"name-4497","person-001512","אִיתִיאֵל","hbo","canonical","accepted"
"name-4498","person-001513","伊特玛","zh-hans","canonical","accepted"
"name-4499","person-001513","Ithmah","en","variant","accepted"
"name-4500","person-001513","יִתְמָה","hbo","canonical","accepted"
"name-4501","person-001514","益兰","zh-hans","canonical","accepted"
"name-4502","person-001514","Ithran","en","variant","accepted"
"name-4503","person-001514","יִתְרָן","hbo","canonical","accepted"
"name-4504","person-001514","יֶ֫תֶר","hbo","canonical","accepted"
"name-4505","person-001515","益兰","zh-hans","canonical","accepted"
"name-4506","person-001515","Ithran","en","variant","accepted"
"name-4507","person-001515","יִתְרָן","hbo","canonical","accepted"
"name-4508","person-001516","以特念","zh-hans","canonical","accepted"
"name-4509","person-001516","Ithream","en","variant","accepted"
"name-4510","person-001516","יִתְרְעָם","hbo","canonical","accepted"
"name-4511","person-001517","以太","zh-hans","canonical","accepted"
"name-4512","person-001517","Ittai","en","variant","accepted"
"name-4513","person-001517","אִתַּי","hbo","canonical","accepted"
"name-4514","person-001518","以太","zh-hans","canonical","accepted"
"name-4515","person-001518","Ittai","en","variant","accepted"
"name-4516","person-001518","אִתַּי","hbo","canonical","accepted"
"name-4517","person-001519","琐辖","zh-hans","canonical","accepted"
"name-4518","person-001519","Izhar","en","variant","accepted"
"name-4519","person-001519","יִצְחַר","hbo","canonical","accepted"
"name-4520","person-001520","以斯哈","zh-hans","canonical","accepted"
"name-4521","person-001520","Izhar","en","variant","accepted"
"name-4522","person-001520","יִצְהָר","hbo","canonical","accepted"
"name-4523","person-001520","יִצְהָרִי","hbo","alias","accepted"
"name-4524","person-001520","עַמִּינָדָב","hbo","canonical","accepted"
"name-4525","person-001521","伊斯利亚","zh-hans","canonical","accepted"
"name-4526","person-001521","Izliah","en","variant","accepted"
"name-4527","person-001521","יִזְלִיאָה","hbo","canonical","accepted"
"name-4528","person-001522","伊斯拉希","zh-hans","canonical","accepted"
"name-4529","person-001522","Izrahiah","en","variant","accepted"
"name-4530","person-001522","יִזְרַחְיָה","hbo","canonical","accepted"
"name-4531","person-001523","耶西雅","zh-hans","canonical","accepted"
"name-4532","person-001523","Izziah","en","variant","accepted"
"name-4533","person-001523","יִזִּיָּה","hbo","canonical","accepted"
"name-4534","person-001524","雅哥巴","zh-hans","canonical","accepted"
"name-4535","person-001524","Jaakobah","en","variant","accepted"
"name-4536","person-001524","יַעֲקֹ֫בָה","hbo","canonical","accepted"
"name-4537","person-001525","雅拉","zh-hans","canonical","accepted"
"name-4538","person-001525","Jaalah","en","variant","accepted"
"name-4539","person-001525","יַעֲלָא","hbo","canonical","accepted"
"name-4540","person-001526","雅雷俄珥金","zh-hans","canonical","accepted"
"name-4541","person-001526","Jaare-oregim","en","variant","accepted"
"name-4542","person-001526","יַעֲרֵי אֹרְגִים","hbo","canonical","accepted"
"name-4543","person-001526","יָעִיר","hbo","canonical","accepted"
"name-4544","person-001527","雅利西","zh-hans","canonical","accepted"
"name-4545","person-001527","Jaareshiah","en","variant","accepted"
"name-4546","person-001527","יַעֲרֶשְׁיָה","hbo","canonical","accepted"
"name-4547","person-001528","雅西业","zh-hans","canonical","accepted"
"name-4548","person-001528","Jaasiel","en","variant","accepted"
"name-4549","person-001528","יַעֲשִׂיאֵל","hbo","canonical","accepted"
"name-4550","person-001529","雅西业","zh-hans","canonical","accepted"
"name-4551","person-001529","Jaasiel","en","variant","accepted"
"name-4552","person-001529","יַעֲשִׂיאֵל","hbo","canonical","accepted"
"name-4553","person-001530","雅扫","zh-hans","canonical","accepted"
"name-4554","person-001530","Jaasu","en","variant","accepted"
"name-4555","person-001530","וְיַעֲשׂוֹ","hbo","canonical","accepted"
"name-4556","person-001531","雅撒尼亚","zh-hans","canonical","accepted"
"name-4557","person-001531","Jaazaniah","en","variant","accepted"
"name-4558","person-001531","יַאֲזַנְיָ֫הוּ","hbo","canonical","accepted"
"name-4559","person-001532","雅撒尼亚","zh-hans","canonical","accepted"
"name-4560","person-001532","Jaazaniah","en","variant","accepted"
"name-4561","person-001532","יַאֲזַנְיָ֫הוּ","hbo","canonical","accepted"
"name-4562","person-001533","雅撒尼亚","zh-hans","canonical","accepted"
"name-4563","person-001533","Jaazaniah","en","variant","accepted"
"name-4564","person-001533","יַאֲזַנְיָ֫הוּ","hbo","canonical","accepted"
"name-4565","person-001534","雅西雅","zh-hans","canonical","accepted"
"name-4566","person-001534","Jaaziah","en","variant","accepted"
"name-4567","person-001534","יַעֲזִיָּ֫הוּ","hbo","canonical","accepted"
"name-4568","person-001535","雅薛","zh-hans","canonical","accepted"
"name-4569","person-001535","Jaaziel","en","variant","accepted"
"name-4570","person-001535","יַעֲזִיאֵל","hbo","canonical","accepted"
"name-4571","person-001535","יְעִיאֵל","hbo","canonical","accepted"
"name-4572","person-001535","עֲזִיאֵל","hbo","canonical","accepted"
"name-4573","person-001536","雅八","zh-hans","canonical","accepted"
"name-4574","person-001536","Jabal","en","variant","accepted"
"name-4575","person-001536","יָבָל","hbo","canonical","accepted"
"name-4576","person-001537","雅比","zh-hans","canonical","accepted"
"name-4577","person-001537","Jabesh","en","variant","accepted"
"name-4578","person-001537","יָבֵשׁ","hbo","canonical","accepted"
"name-4579","person-001538","雅比斯","zh-hans","canonical","accepted"
"name-4580","person-001538","Jabez","en","variant","accepted"
"name-4581","person-001538","יַעְבֵּץ","hbo","canonical","accepted"
"name-4582","person-001539","耶宾","zh-hans","canonical","accepted"
"name-4583","person-001539","Jabin","en","variant","accepted"
"name-4584","person-001539","יָבִין","hbo","canonical","accepted"
"name-4585","person-001540","耶宾","zh-hans","canonical","accepted"
"name-4586","person-001540","Jabin","en","variant","accepted"
"name-4587","person-001540","יָבִין","hbo","canonical","accepted"
"name-4588","person-001541","雅干","zh-hans","canonical","accepted"
"name-4589","person-001541","Jacan","en","variant","accepted"
"name-4590","person-001541","יַעְכָּן","hbo","canonical","accepted"
"name-4591","person-001542","雅斤","zh-hans","canonical","accepted"
"name-4592","person-001542","Jachin","en","variant","accepted"
"name-4593","person-001542","יָכִין","hbo","canonical","accepted"
"name-4594","person-001543","雅斤","zh-hans","canonical","accepted"
"name-4595","person-001543","Jachin","en","variant","accepted"
"name-4596","person-001543","יָכִין","hbo","canonical","accepted"
"name-4597","person-001544","雅斤","zh-hans","canonical","accepted"
"name-4598","person-001544","Jachin","en","variant","accepted"
"name-4599","person-001544","יָכִין","hbo","canonical","accepted"
"name-4600","person-001544","יָכִינִי","hbo","alias","accepted"
"name-4601","person-001544","יָרִיב","hbo","canonical","accepted"
"name-4602","person-001545","雅大","zh-hans","canonical","accepted"
"name-4603","person-001545","Jada","en","variant","accepted"
"name-4604","person-001545","יָדָע","hbo","canonical","accepted"
"name-4605","person-001546","雅玳","zh-hans","canonical","accepted"
"name-4606","person-001546","Jaddai","en","variant","accepted"
"name-4607","person-001546","יִדּוֹ","hbo","canonical","accepted"
"name-4608","person-001547","押杜亚","zh-hans","canonical","accepted"
"name-4609","person-001547","Jaddua","en","variant","accepted"
"name-4610","person-001547","יַדּוּעַ","hbo","canonical","accepted"
"name-4611","person-001548","押杜亚","zh-hans","canonical","accepted"
"name-4612","person-001548","Jaddua","en","variant","accepted"
"name-4613","person-001548","יַדּוּעַ","hbo","canonical","accepted"
"name-4614","person-001549","雅顿","zh-hans","canonical","accepted"
"name-4615","person-001549","Jadon","en","variant","accepted"
"name-4616","person-001549","יָדוֹן","hbo","canonical","accepted"
"name-4617","person-001550","雅亿","zh-hans","canonical","accepted"
"name-4618","person-001550","Jael","en","variant","accepted"
"name-4619","person-001550","יָעֵל","hbo","canonical","accepted"
"name-4620","person-001551","雅哈","zh-hans","canonical","accepted"
"name-4621","person-001551","Jahath","en","variant","accepted"
"name-4622","person-001551","יַ֫חַת","hbo","canonical","accepted"
"name-4623","person-001552","雅哈","zh-hans","canonical","accepted"
"name-4624","person-001552","Jahath","en","variant","accepted"
"name-4625","person-001552","יַ֫חַת","hbo","canonical","accepted"
"name-4626","person-001553","雅哈","zh-hans","canonical","accepted"
"name-4627","person-001553","Jahath","en","variant","accepted"
"name-4628","person-001553","יַ֫חַת","hbo","canonical","accepted"
"name-4629","person-001554","雅哈","zh-hans","canonical","accepted"
"name-4630","person-001554","Jahath","en","variant","accepted"
"name-4631","person-001554","יַ֫חַת","hbo","canonical","accepted"
"name-4632","person-001555","雅哈悉","zh-hans","canonical","accepted"
"name-4633","person-001555","Jahaziel","en","variant","accepted"
"name-4634","person-001555","יַחֲזִיאֵל","hbo","canonical","accepted"
"name-4635","person-001556","雅哈悉","zh-hans","canonical","accepted"
"name-4636","person-001556","Jahaziel","en","variant","accepted"
"name-4637","person-001556","יַחֲזִיאֵל","hbo","canonical","accepted"
"name-4638","person-001557","雅哈悉","zh-hans","canonical","accepted"
"name-4639","person-001557","Jahaziel","en","variant","accepted"
"name-4640","person-001557","יַחֲזִיאֵל","hbo","canonical","accepted"
"name-4641","person-001558","雅哈悉","zh-hans","canonical","accepted"
"name-4642","person-001558","Jahaziel","en","variant","accepted"
"name-4643","person-001558","יַחֲזִיאֵל","hbo","canonical","accepted"
"name-4644","person-001559","雅哈悉","zh-hans","canonical","accepted"
"name-4645","person-001559","Jahaziel","en","variant","accepted"
"name-4646","person-001559","יַחֲזִיאֵל","hbo","canonical","accepted"
"name-4647","person-001560","雅代","zh-hans","canonical","accepted"
"name-4648","person-001560","Jahdai","en","variant","accepted"
"name-4649","person-001560","יַהְדַּי","hbo","canonical","accepted"
"name-4650","person-001561","雅叠","zh-hans","canonical","accepted"
"name-4651","person-001561","Jahdiel","en","variant","accepted"
"name-4652","person-001561","יַחְדִּיאֵל","hbo","canonical","accepted"
"name-4653","person-001562","耶哈多","zh-hans","canonical","accepted"
"name-4654","person-001562","Jahdo","en","variant","accepted"
"name-4655","person-001562","יַחְדּוֹ","hbo","canonical","accepted"
"name-4656","person-001563","雅利","zh-hans","canonical","accepted"
"name-4657","person-001563","Jahleel","en","variant","accepted"
"name-4658","person-001563","יַחְלְאֵל","hbo","canonical","accepted"
"name-4659","person-001563","יַחְלְאֵלִי","hbo","alias","accepted"
"name-4660","person-001564","雅买","zh-hans","canonical","accepted"
"name-4661","person-001564","Jahmai","en","variant","accepted"
"name-4662","person-001564","יַחְמַי","hbo","canonical","accepted"
"name-4663","person-001565","雅薛","zh-hans","canonical","accepted"
"name-4664","person-001565","Jahzeel","en","variant","accepted"
"name-4665","person-001565","יַחְצְאֵל","hbo","canonical","accepted"
"name-4666","person-001565","יַחְצְאֵלִי","hbo","alias","accepted"
"name-4667","person-001565","יַחְצִיאֵל","hbo","canonical","accepted"
"name-4668","person-001566","雅哈谢","zh-hans","canonical","accepted"
"name-4669","person-001566","Jahzeiah","en","variant","accepted"
"name-4670","person-001566","יַחְזְיָה","hbo","canonical","accepted"
"name-4671","person-001567","雅希细拉","zh-hans","canonical","accepted"
"name-4672","person-001567","Jahzerah","en","variant","accepted"
"name-4673","person-001567","יַחְזֵרָה","hbo","canonical","accepted"
"name-4674","person-001568","睚珥","zh-hans","canonical","accepted"
"name-4675","person-001568","Jair","en","variant","accepted"
"name-4676","person-001568","יָאִיר","hbo","canonical","accepted"
"name-4677","person-001569","睚珥","zh-hans","canonical","accepted"
"name-4678","person-001569","Jair","en","variant","accepted"
"name-4679","person-001569","יָאִיר","hbo","canonical","accepted"
"name-4680","person-001570","睚珥","zh-hans","canonical","accepted"
"name-4681","person-001570","Jair","en","variant","accepted"
"name-4682","person-001570","יָאִיר","hbo","canonical","accepted"
"name-4683","person-001570","יָאִרִי","hbo","alias","accepted"
"name-4684","person-001571","雅基","zh-hans","canonical","accepted"
"name-4685","person-001571","Jakeh","en","variant","accepted"
"name-4686","person-001571","יָקֶה","hbo","canonical","accepted"
"name-4687","person-001572","雅金","zh-hans","canonical","accepted"
"name-4688","person-001572","Jakim","en","variant","accepted"
"name-4689","person-001572","יָקִים","hbo","canonical","accepted"
"name-4690","person-001573","雅金","zh-hans","canonical","accepted"
"name-4691","person-001573","Jakim","en","variant","accepted"
"name-4692","person-001573","יָקִים","hbo","canonical","accepted"
"name-4693","person-001574","雅兰","zh-hans","canonical","accepted"
"name-4694","person-001574","Jalam","en","variant","accepted"
"name-4695","person-001574","יַעְלָם","hbo","canonical","accepted"
"name-4696","person-001575","雅伦","zh-hans","canonical","accepted"
"name-4697","person-001575","Jalon","en","variant","accepted"
"name-4698","person-001575","יָלוֹן","hbo","canonical","accepted"
"name-4699","person-001576","雅悯","zh-hans","canonical","accepted"
"name-4700","person-001576","Jamin","en","variant","accepted"
"name-4701","person-001576","יָמִין","hbo","canonical","accepted"
"name-4702","person-001577","雅悯","zh-hans","canonical","accepted"
"name-4703","person-001577","Jamin","en","variant","accepted"
"name-4704","person-001577","יָמִין","hbo","canonical","accepted"
"name-4705","person-001577","יָֽמִינִי","hbo","alias","accepted"
"name-4706","person-001578","雅悯","zh-hans","canonical","accepted"
"name-4707","person-001578","Jamin","en","variant","accepted"
"name-4708","person-001578","יָמִין","hbo","canonical","accepted"
"name-4709","person-001579","雅米勒","zh-hans","canonical","accepted"
"name-4710","person-001579","Jamlech","en","variant","accepted"
"name-4711","person-001579","יַמְלֵךְ","hbo","canonical","accepted"
"name-4712","person-001580","雅乃","zh-hans","canonical","accepted"
"name-4713","person-001580","Janai","en","variant","accepted"
"name-4714","person-001580","יַעֲנַי","hbo","canonical","accepted"
"name-4715","person-001581","雅弗","zh-hans","canonical","accepted"
"name-4716","person-001581","Japheth","en","variant","accepted"
"name-4717","person-001581","יֶ֫פֶת","hbo","canonical","accepted"
"name-4718","person-001582","雅非亚","zh-hans","canonical","accepted"
"name-4719","person-001582","Japhia","en","variant","accepted"
"name-4720","person-001582","יָפִיעַ","hbo","canonical","accepted"
"name-4721","person-001583","雅非亚","zh-hans","canonical","accepted"
"name-4722","person-001583","Japhia","en","variant","accepted"
"name-4723","person-001583","יָפִיעַ","hbo","canonical","accepted"
"name-4724","person-001584","雅弗勒","zh-hans","canonical","accepted"
"name-4725","person-001584","Japhlet","en","variant","accepted"
"name-4726","person-001584","יַפְלֵט","hbo","canonical","accepted"
"name-4727","person-001584","יַפְלֵטִי","hbo","alias","accepted"
"name-4728","person-000146","雅列","zh-hans","canonical","accepted"
"name-4729","person-001585","耶哈","zh-hans","canonical","accepted"
"name-4730","person-001585","Jarha","en","variant","accepted"
"name-4731","person-001585","יַרְחָע","hbo","canonical","accepted"
"name-4732","person-001586","雅立","zh-hans","canonical","accepted"
"name-4733","person-001586","Jarib","en","variant","accepted"
"name-4734","person-001586","יָרִיב","hbo","canonical","accepted"
"name-4735","person-001587","雅立","zh-hans","canonical","accepted"
"name-4736","person-001587","Jarib","en","variant","accepted"
"name-4737","person-001587","יָרִיב","hbo","canonical","accepted"
"name-4738","person-001588","耶罗亚","zh-hans","canonical","accepted"
"name-4739","person-001588","Jaroah","en","variant","accepted"
"name-4740","person-001588","יָרוֹחַ","hbo","canonical","accepted"
"name-4741","person-001589","雅善","zh-hans","canonical","accepted"
"name-4742","person-001589","Jashen","en","variant","accepted"
"name-4743","person-001589","יָשֵׁן","hbo","canonical","accepted"
"name-4744","person-001589","הָשֵׁם","hbo","canonical","accepted"
"name-4745","person-001590","雅朔班","zh-hans","canonical","accepted"
"name-4746","person-001590","Jashobeam","en","variant","accepted"
"name-4747","person-001590","יָשׇׁבְעָם","hbo","canonical","accepted"
"name-4748","person-001591","雅朔班","zh-hans","canonical","accepted"
"name-4749","person-001591","Jashobeam","en","variant","accepted"
"name-4750","person-001591","יָשׇׁבְעָם","hbo","canonical","accepted"
"name-4751","person-001591","יֹשֵׁב בַּשֶּׁ֫בֶת","hbo","canonical","accepted"
"name-4752","person-001592","雅述","zh-hans","canonical","accepted"
"name-4753","person-001592","Jashub","en","variant","accepted"
"name-4754","person-001592","יָשׁוּב","hbo","canonical","accepted"
"name-4755","person-001593","雅述","zh-hans","canonical","accepted"
"name-4756","person-001593","Jashub","en","variant","accepted"
"name-4757","person-001593","יָשׁוּב","hbo","canonical","accepted"
"name-4758","person-001593","יָשֻׁבִי","hbo","alias","accepted"
"name-4759","person-001593","יוֹב","hbo","canonical","accepted"
"name-4760","person-001594","耶提聂","zh-hans","canonical","accepted"
"name-4761","person-001594","Jathniel","en","variant","accepted"
"name-4762","person-001594","יַתְנִיאֵל","hbo","canonical","accepted"
"name-4763","person-001595","雅完","zh-hans","canonical","accepted"
"name-4764","person-001595","Javan","en","variant","accepted"
"name-4765","person-001595","יָוָן","hbo","canonical","accepted"
"name-4766","person-001595","יְוָנִי=יְוָנִי","hbo","alias","accepted"
"name-4767","person-001595","Ἕλλην=Ἕλλην","grc","alias","accepted"
"name-4768","person-001595","Ἑλληνίς=Ἑλληνίς","grc","alias","accepted"
"name-4769","person-001596","雅悉","zh-hans","canonical","accepted"
"name-4770","person-001596","Jaziz","en","variant","accepted"
"name-4771","person-001596","יָזִיז","hbo","canonical","accepted"
"name-4772","person-001597","耶特赖","zh-hans","canonical","accepted"
"name-4773","person-001597","Jeatherai","en","variant","accepted"
"name-4774","person-001597","יְאָֽתְרַי","hbo","canonical","accepted"
"name-4775","person-001597","אֶתְנִי","hbo","canonical","accepted"
"name-4776","person-001598","耶比利家","zh-hans","canonical","accepted"
"name-4777","person-001598","Jeberechiah","en","variant","accepted"
"name-4778","person-001598","יְבֶרֶכְיָ֫הוּ","hbo","canonical","accepted"
"name-4779","person-001599","耶可利雅","zh-hans","canonical","accepted"
"name-4780","person-001599","Jecoliah","en","variant","accepted"
"name-4781","person-001599","יְכָלְיָהוּ","hbo","canonical","accepted"
"name-4782","person-001600","耶大雅","zh-hans","canonical","accepted"
"name-4783","person-001600","Jedaiah","en","variant","accepted"
"name-4784","person-001600","יְדַעְיָה","hbo","canonical","accepted"
"name-4785","person-001601","耶大雅","zh-hans","canonical","accepted"
"name-4786","person-001601","Jedaiah","en","variant","accepted"
"name-4787","person-001601","יְדָיָה","hbo","canonical","accepted"
"name-4788","person-001602","耶大雅","zh-hans","canonical","accepted"
"name-4789","person-001602","Jedaiah","en","variant","accepted"
"name-4790","person-001602","יְדַעְיָה","hbo","canonical","accepted"
"name-4791","person-001603","耶大雅","zh-hans","canonical","accepted"
"name-4792","person-001603","Jedaiah","en","variant","accepted"
"name-4793","person-001603","יְדַעְיָה","hbo","canonical","accepted"
"name-4794","person-001604","耶大雅","zh-hans","canonical","accepted"
"name-4795","person-001604","Jedaiah","en","variant","accepted"
"name-4796","person-001604","יְדָיָה","hbo","canonical","accepted"
"name-4797","person-001605","耶大雅","zh-hans","canonical","accepted"
"name-4798","person-001605","Jedaiah","en","variant","accepted"
"name-4799","person-001605","יְדַעְיָה","hbo","canonical","accepted"
"name-4800","person-001606","耶叠","zh-hans","canonical","accepted"
"name-4801","person-001606","Jediael","en","variant","accepted"
"name-4802","person-001606","יְדִיעֲאֵל","hbo","canonical","accepted"
"name-4803","person-001607","耶叠","zh-hans","canonical","accepted"
"name-4804","person-001607","Jediael","en","variant","accepted"
"name-4805","person-001607","יְדִיעֲאֵל","hbo","canonical","accepted"
"name-4806","person-001608","耶叠","zh-hans","canonical","accepted"
"name-4807","person-001608","Jediael","en","variant","accepted"
"name-4808","person-001608","יְדִיעֲאֵל","hbo","canonical","accepted"
"name-4809","person-001609","耶叠","zh-hans","canonical","accepted"
"name-4810","person-001609","Jediael","en","variant","accepted"
"name-4811","person-001609","יְדִיעֲאֵל","hbo","canonical","accepted"
"name-4812","person-001610","耶底大","zh-hans","canonical","accepted"
"name-4813","person-001610","Jedidah","en","variant","accepted"
"name-4814","person-001610","יְדִידָה","hbo","canonical","accepted"
"name-4815","person-001611","耶杜顿","zh-hans","canonical","accepted"
"name-4816","person-001611","Jeduthun","en","variant","accepted"
"name-4817","person-001611","יְדוּתוּן","hbo","canonical","accepted"
"name-4818","person-001611","אֵיתָן","hbo","canonical","accepted"
"name-4819","person-001612","耶杜顿","zh-hans","canonical","accepted"
"name-4820","person-001612","Jeduthun","en","variant","accepted"
"name-4821","person-001612","יְדוּתוּן","hbo","canonical","accepted"
"name-4822","person-001613","耶哈利勒","zh-hans","canonical","accepted"
"name-4823","person-001613","Jehallelel","en","variant","accepted"
"name-4824","person-001613","יְהַלֶּלְאֵל","hbo","canonical","accepted"
"name-4825","person-001614","耶哈利勒","zh-hans","canonical","accepted"
"name-4826","person-001614","Jehallelel","en","variant","accepted"
"name-4827","person-001614","יְהַלֶּלְאֵל","hbo","canonical","accepted"
"name-4828","person-001615","耶希底亚","zh-hans","canonical","accepted"
"name-4829","person-001615","Jehdeiah","en","variant","accepted"
"name-4830","person-001615","יֶחְדְּיָ֫הוּ","hbo","canonical","accepted"
"name-4831","person-001616","耶希底亚","zh-hans","canonical","accepted"
"name-4832","person-001616","Jehdeiah","en","variant","accepted"
"name-4833","person-001616","יֶחְדְּיָ֫הוּ","hbo","canonical","accepted"
"name-4834","person-001617","以西结","zh-hans","canonical","accepted"
"name-4835","person-001617","Jehezkel","en","variant","accepted"
"name-4836","person-001617","יְחֶזְקֵאל","hbo","canonical","accepted"
"name-4837","person-001618","耶歇","zh-hans","canonical","accepted"
"name-4838","person-001618","Jehiel","en","variant","accepted"
"name-4839","person-001618","יְחִיאֵל","hbo","canonical","accepted"
"name-4840","person-001619","耶歇","zh-hans","canonical","accepted"
"name-4841","person-001619","Jehiel","en","variant","accepted"
"name-4842","person-001619","יְחִיאֵל","hbo","canonical","accepted"
"name-4843","person-001620","耶歇","zh-hans","canonical","accepted"
"name-4844","person-001620","Jehiel","en","variant","accepted"
"name-4845","person-001620","יְחִיאֵל","hbo","canonical","accepted"
"name-4846","person-001620","יְחִיאֵלִי","hbo","variant","accepted"
"name-4847","person-001620","יַ֫חַת","hbo","canonical","accepted"
"name-4848","person-001621","耶歇","zh-hans","canonical","accepted"
"name-4849","person-001621","Jehiel","en","variant","accepted"
"name-4850","person-001621","יְחִיאֵל","hbo","canonical","accepted"
"name-4851","person-001622","耶歇","zh-hans","canonical","accepted"
"name-4852","person-001622","Jehiel","en","variant","accepted"
"name-4853","person-001622","יְחִיאֵל","hbo","canonical","accepted"
"name-4854","person-001623","耶歇","zh-hans","canonical","accepted"
"name-4855","person-001623","Jehiel","en","variant","accepted"
"name-4856","person-001623","יְחִיאֵל","hbo","canonical","accepted"
"name-4857","person-001624","耶歇","zh-hans","canonical","accepted"
"name-4858","person-001624","Jehiel","en","variant","accepted"
"name-4859","person-001624","יְחִיאֵל","hbo","canonical","accepted"
"name-4860","person-001625","耶歇","zh-hans","canonical","accepted"
"name-4861","person-001625","Jehiel","en","variant","accepted"
"name-4862","person-001625","יְחִיאֵל","hbo","canonical","accepted"
"name-4863","person-001626","耶歇","zh-hans","canonical","accepted"
"name-4864","person-001626","Jehiel","en","variant","accepted"
"name-4865","person-001626","יְחִיאֵל","hbo","canonical","accepted"
"name-4866","person-001627","耶歇","zh-hans","canonical","accepted"
"name-4867","person-001627","Jehiel","en","variant","accepted"
"name-4868","person-001627","יְחִיאֵל","hbo","canonical","accepted"
"name-4869","person-001628","耶希西家","zh-hans","canonical","accepted"
"name-4870","person-001628","Jehizkiah","en","variant","accepted"
"name-4871","person-001628","יְחִזְקִיָּה","hbo","canonical","accepted"
"name-4872","person-001629","耶何阿达","zh-hans","canonical","accepted"
"name-4873","person-001629","Jehoaddah","en","variant","accepted"
"name-4874","person-001629","יְהוֹעַדָּה","hbo","canonical","accepted"
"name-4875","person-001629","יַעְרָה","hbo","canonical","accepted"
"name-4876","person-001630","约耶但","zh-hans","canonical","accepted"
"name-4877","person-001630","Jehoaddan","en","variant","accepted"
"name-4878","person-001630","יְהוֹעַדָּן","hbo","canonical","accepted"
"name-4879","person-001630","יְהוֹעַדִּין","hbo","variant","accepted"
"name-4880","person-001631","约哈斯","zh-hans","canonical","accepted"
"name-4881","person-001631","Jehoahaz","en","variant","accepted"
"name-4882","person-001631","יְהוֹאָחָז","hbo","canonical","accepted"
"name-4883","person-001631","יוֹאָחָז","hbo","variant","accepted"
"name-4884","person-001632","约哈斯","zh-hans","canonical","accepted"
"name-4885","person-001632","Jehoahaz","en","variant","accepted"
"name-4886","person-001632","יְהוֹאָחָז","hbo","canonical","accepted"
"name-4887","person-001632","יוֹאָחָז","hbo","variant","accepted"
"name-4888","person-001632","יוֹחָנָן","hbo","canonical","accepted"
"name-4889","person-001633","约哈难","zh-hans","canonical","accepted"
"name-4890","person-001633","Jehohanan","en","variant","accepted"
"name-4891","person-001633","יְהוֹחָנָן","hbo","canonical","accepted"
"name-4892","person-001634","约哈难","zh-hans","canonical","accepted"
"name-4893","person-001634","Jehohanan","en","variant","accepted"
"name-4894","person-001634","יְהוֹחָנָן","hbo","canonical","accepted"
"name-4895","person-001635","约哈难","zh-hans","canonical","accepted"
"name-4896","person-001635","Jehohanan","en","variant","accepted"
"name-4897","person-001635","יְהוֹחָנָן","hbo","canonical","accepted"
"name-4898","person-001636","约哈难","zh-hans","canonical","accepted"
"name-4899","person-001636","Jehohanan","en","variant","accepted"
"name-4900","person-001636","יְהוֹחָנָן","hbo","canonical","accepted"
"name-4901","person-001637","约哈难","zh-hans","canonical","accepted"
"name-4902","person-001637","Jehohanan","en","variant","accepted"
"name-4903","person-001637","יְהוֹחָנָן","hbo","canonical","accepted"
"name-4904","person-001638","约哈难","zh-hans","canonical","accepted"
"name-4905","person-001638","Jehohanan","en","variant","accepted"
"name-4906","person-001638","יְהוֹחָנָן","hbo","canonical","accepted"
"name-4907","person-001639","约哈难","zh-hans","canonical","accepted"
"name-4908","person-001639","Jehohanan","en","variant","accepted"
"name-4909","person-001639","יְהוֹחָנָן","hbo","canonical","accepted"
"name-4910","person-001640","约哈难","zh-hans","canonical","accepted"
"name-4911","person-001640","Jehohanan","en","variant","accepted"
"name-4912","person-001640","יְהוֹחָנָן","hbo","canonical","accepted"
"name-4913","person-000149","耶哥尼雅","zh-hans","canonical","accepted"
"name-4914","person-001641","耶何耶大","zh-hans","canonical","accepted"
"name-4915","person-001641","Jehoiada","en","variant","accepted"
"name-4916","person-001641","יְהוֹיָדָע","hbo","canonical","accepted"
"name-4917","person-001642","耶何耶大","zh-hans","canonical","accepted"
"name-4918","person-001642","Jehoiada","en","variant","accepted"
"name-4919","person-001642","יְהוֹיָדָע","hbo","canonical","accepted"
"name-4920","person-001642","Βαραχίας","grc","alias","accepted"
"name-4921","person-001643","耶何耶大","zh-hans","canonical","accepted"
"name-4922","person-001643","Jehoiada","en","variant","accepted"
"name-4923","person-001643","יְהוֹיָדָע","hbo","canonical","accepted"
"name-4924","person-001644","耶何耶大","zh-hans","canonical","accepted"
"name-4925","person-001644","Jehoiada","en","variant","accepted"
"name-4926","person-001644","יְהוֹיָדָע","hbo","canonical","accepted"
"name-4927","person-001645","约雅敬","zh-hans","canonical","accepted"
"name-4928","person-001645","Jehoiakim","en","variant","accepted"
"name-4929","person-001645","יְהוֹיָקִים","hbo","canonical","accepted"
"name-4930","person-001645","אֶלְיָקִים","hbo","canonical","accepted"
"name-4931","person-001646","耶何雅立","zh-hans","canonical","accepted"
"name-4932","person-001646","Jehoiarib","en","variant","accepted"
"name-4933","person-001646","יְהוֹיָרִיב","hbo","canonical","accepted"
"name-4934","person-001647","约拿单","zh-hans","canonical","accepted"
"name-4935","person-001647","Jehonathan","en","variant","accepted"
"name-4936","person-001647","יְהוֹנָתָן","hbo","canonical","accepted"
"name-4937","person-001648","约拿单","zh-hans","canonical","accepted"
"name-4938","person-001648","Jehonathan","en","variant","accepted"
"name-4939","person-001648","יְהוֹנָתָן","hbo","canonical","accepted"
"name-4940","person-000151","约兰","zh-hans","canonical","accepted"
"name-4941","person-001649","约兰","zh-hans","canonical","accepted"
"name-4942","person-001649","Jehoram","en","variant","accepted"
"name-4943","person-001649","יְהוֹרָם","hbo","canonical","accepted"
"name-4944","person-000152","约沙法","zh-hans","canonical","accepted"
"name-4945","person-001650","约沙法","zh-hans","canonical","accepted"
"name-4946","person-001650","Jehoshaphat","en","variant","accepted"
"name-4947","person-001650","יְהוֹשָׁפָט","hbo","canonical","accepted"
"name-4948","person-001651","约沙法","zh-hans","canonical","accepted"
"name-4949","person-001651","Jehoshaphat","en","variant","accepted"
"name-4950","person-001651","יְהוֹשָׁפָט","hbo","canonical","accepted"
"name-4951","person-001652","约沙法","zh-hans","canonical","accepted"
"name-4952","person-001652","Jehoshaphat","en","variant","accepted"
"name-4953","person-001652","יְהוֹשָׁפָט","hbo","canonical","accepted"
"name-4954","person-001653","约示巴","zh-hans","canonical","accepted"
"name-4955","person-001653","Jehosheba","en","variant","accepted"
"name-4956","person-001653","יְהוֹשֶׁבַע","hbo","canonical","accepted"
"name-4957","person-001653","יְהוֹשַׁבְעַת","hbo","canonical","accepted"
"name-4958","person-001654","约萨拔","zh-hans","canonical","accepted"
"name-4959","person-001654","Jehozabad","en","variant","accepted"
"name-4960","person-001654","יְהוֹזָבָד","hbo","canonical","accepted"
"name-4961","person-001655","约萨拔","zh-hans","canonical","accepted"
"name-4962","person-001655","Jehozabad","en","variant","accepted"
"name-4963","person-001655","יְהוֹזָבָד","hbo","canonical","accepted"
"name-4964","person-001656","约萨拔","zh-hans","canonical","accepted"
"name-4965","person-001656","Jehozabad","en","variant","accepted"
"name-4966","person-001656","יְהוֹזָבָד","hbo","canonical","accepted"
"name-4967","person-001657","约萨答","zh-hans","canonical","accepted"
"name-4968","person-001657","Jehozadak","en","variant","accepted"
"name-4969","person-001657","יְהוֹצָדָק","hbo","canonical","accepted"
"name-4970","person-001657","יוֹצָדָק","hbo","canonical","accepted"
"name-4971","person-001658","耶户","zh-hans","canonical","accepted"
"name-4972","person-001658","Jehu","en","variant","accepted"
"name-4973","person-001658","יֵהוּא","hbo","canonical","accepted"
"name-4974","person-001659","耶户","zh-hans","canonical","accepted"
"name-4975","person-001659","Jehu","en","variant","accepted"
"name-4976","person-001659","יֵהוּא","hbo","canonical","accepted"
"name-4977","person-001660","耶户","zh-hans","canonical","accepted"
"name-4978","person-001660","Jehu","en","variant","accepted"
"name-4979","person-001660","יֵהוּא","hbo","canonical","accepted"
"name-4980","person-001661","耶户","zh-hans","canonical","accepted"
"name-4981","person-001661","Jehu","en","variant","accepted"
"name-4982","person-001661","יֵהוּא","hbo","canonical","accepted"
"name-4983","person-001662","耶户","zh-hans","canonical","accepted"
"name-4984","person-001662","Jehu","en","variant","accepted"
"name-4985","person-001662","יֵהוּא","hbo","canonical","accepted"
"name-4986","person-001663","耶户巴","zh-hans","canonical","accepted"
"name-4987","person-001663","Jehubbah","en","variant","accepted"
"name-4988","person-001663","חֻבָּה","hbo","canonical","accepted"
"name-4989","person-001664","犹甲","zh-hans","canonical","accepted"
"name-4990","person-001664","Jehucal","en","variant","accepted"
"name-4991","person-001664","יְהוּכַל","hbo","canonical","accepted"
"name-4992","person-001664","יוּכַל","hbo","canonical","accepted"
"name-4993","person-001665","犹底","zh-hans","canonical","accepted"
"name-4994","person-001665","Jehudi","en","variant","accepted"
"name-4995","person-001665","יְהוּדִי","hbo","canonical","accepted"
"name-4996","person-001666","耶歇","zh-hans","canonical","accepted"
"name-4997","person-001666","Jehuel","en","variant","accepted"
"name-4998","person-001666","יְחִיאֵל","hbo","canonical","accepted"
"name-4999","person-001667","耶利","zh-hans","canonical","accepted"
"name-5000","person-001667","Jeiel","en","variant","accepted"
"name-5001","person-001667","יְעִיאֵל","hbo","canonical","accepted"
"name-5002","person-001668","耶利","zh-hans","canonical","accepted"
"name-5003","person-001668","Jeiel","en","variant","accepted"
"name-5004","person-001668","יְעִיאֵל","hbo","canonical","accepted"
"name-5005","person-001668","יְחִיָּה","hbo","canonical","accepted"
"name-5006","person-001669","耶利","zh-hans","canonical","accepted"
"name-5007","person-001669","Jeiel","en","variant","accepted"
"name-5008","person-001669","יְעִיאֵל","hbo","canonical","accepted"
"name-5009","person-001670","耶利","zh-hans","canonical","accepted"
"name-5010","person-001670","Jeiel","en","variant","accepted"
"name-5011","person-001670","יְעִיאֵל","hbo","canonical","accepted"
"name-5012","person-001671","耶利","zh-hans","canonical","accepted"
"name-5013","person-001671","Jeiel","en","variant","accepted"
"name-5014","person-001671","יְעִיאֵל","hbo","canonical","accepted"
"name-5015","person-001672","耶利","zh-hans","canonical","accepted"
"name-5016","person-001672","Jeiel","en","variant","accepted"
"name-5017","person-001672","יְעִיאֵל","hbo","canonical","accepted"
"name-5018","person-001673","耶利","zh-hans","canonical","accepted"
"name-5019","person-001673","Jeiel","en","variant","accepted"
"name-5020","person-001673","יְעִיאֵל","hbo","canonical","accepted"
"name-5021","person-001674","耶加面","zh-hans","canonical","accepted"
"name-5022","person-001674","Jekameam","en","variant","accepted"
"name-5023","person-001674","יְקַמְעָם","hbo","canonical","accepted"
"name-5024","person-001675","耶加米雅","zh-hans","canonical","accepted"
"name-5025","person-001675","Jekamiah","en","variant","accepted"
"name-5026","person-001675","יְקַמְיָה","hbo","canonical","accepted"
"name-5027","person-001676","耶加米","zh-hans","canonical","accepted"
"name-5028","person-001676","Jekamiah","en","variant","accepted"
"name-5029","person-001676","יְקַמְיָה","hbo","canonical","accepted"
"name-5030","person-001677","耶古铁","zh-hans","canonical","accepted"
"name-5031","person-001677","Jekuthiel","en","variant","accepted"
"name-5032","person-001677","יְקוּתִיאֵל","hbo","canonical","accepted"
"name-5033","person-001678","耶米玛","zh-hans","canonical","accepted"
"name-5034","person-001678","Jemimah","en","variant","accepted"
"name-5035","person-001678","יְמִימָה","hbo","canonical","accepted"
"name-5036","person-001679","耶母利","zh-hans","canonical","accepted"
"name-5037","person-001679","Jemuel","en","variant","accepted"
"name-5038","person-001679","יְמוּאֵל","hbo","canonical","accepted"
"name-5039","person-001679","נְמוּאֵל","hbo","canonical","accepted"
"name-5040","person-001679","נְמוּאֵלִי","hbo","alias","accepted"
"name-5041","person-000153","耶弗他","zh-hans","canonical","accepted"
"name-5042","person-001680","耶孚尼","zh-hans","canonical","accepted"
"name-5043","person-001680","Jephunneh","en","variant","accepted"
"name-5044","person-001680","יְפֻנֶּה","hbo","canonical","accepted"
"name-5045","person-001681","耶孚尼","zh-hans","canonical","accepted"
"name-5046","person-001681","Jephunneh","en","variant","accepted"
"name-5047","person-001681","יְפֻנֶּה","hbo","canonical","accepted"
"name-5048","person-001682","耶拉","zh-hans","canonical","accepted"
"name-5049","person-001682","Jerah","en","variant","accepted"
"name-5050","person-001682","יֶ֫רַח","hbo","canonical","accepted"
"name-5051","person-001683","耶拉篾","zh-hans","canonical","accepted"
"name-5052","person-001683","Jerahmeel","en","variant","accepted"
"name-5053","person-001683","יְרַחְמְאֵל","hbo","canonical","accepted"
"name-5054","person-001684","耶拉篾","zh-hans","canonical","accepted"
"name-5055","person-001684","Jerahmeel","en","variant","accepted"
"name-5056","person-001684","יְרַחְמְאֵל","hbo","canonical","accepted"
"name-5057","person-001684","יְרַחְמְאֵלִי","hbo","alias","accepted"
"name-5058","person-001685","耶拉篾","zh-hans","canonical","accepted"
"name-5059","person-001685","Jerahmeel","en","variant","accepted"
"name-5060","person-001685","יְרַחְמְאֵל","hbo","canonical","accepted"
"name-5061","person-001686","雅列","zh-hans","canonical","accepted"
"name-5062","person-001686","Jered","en","variant","accepted"
"name-5063","person-001686","יֶ֫רֶד","hbo","canonical","accepted"
"name-5064","person-001687","耶利买","zh-hans","canonical","accepted"
"name-5065","person-001687","Jeremai","en","variant","accepted"
"name-5066","person-001687","יְרֵמַי","hbo","canonical","accepted"
"name-5067","person-001688","耶利米","zh-hans","canonical","accepted"
"name-5068","person-001688","Jeremiah","en","variant","accepted"
"name-5069","person-001688","יִרְמְיָ֫הוּ","hbo","canonical","accepted"
"name-5070","person-001689","耶利米","zh-hans","canonical","accepted"
"name-5071","person-001689","Jeremiah","en","variant","accepted"
"name-5072","person-001689","יִרְמְיָ֫הוּ","hbo","canonical","accepted"
"name-5073","person-001690","耶利米","zh-hans","canonical","accepted"
"name-5074","person-001690","Jeremiah","en","variant","accepted"
"name-5075","person-001690","יִרְמְיָ֫הוּ","hbo","canonical","accepted"
"name-5076","person-001691","耶利米","zh-hans","canonical","accepted"
"name-5077","person-001691","Jeremiah","en","variant","accepted"
"name-5078","person-001691","יִרְמְיָ֫הוּ","hbo","canonical","accepted"
"name-5079","person-000154","耶利米","zh-hans","canonical","accepted"
"name-5080","person-001692","耶利米","zh-hans","canonical","accepted"
"name-5081","person-001692","Jeremiah","en","variant","accepted"
"name-5082","person-001692","יִרְמְיָ֫הוּ","hbo","canonical","accepted"
"name-5083","person-001693","雅利米雅","zh-hans","canonical","accepted"
"name-5084","person-001693","Jeremiah","en","variant","accepted"
"name-5085","person-001693","יִרְמְיָ֫הוּ","hbo","canonical","accepted"
"name-5086","person-001694","耶利米","zh-hans","canonical","accepted"
"name-5087","person-001694","Jeremiah","en","variant","accepted"
"name-5088","person-001694","יִרְמְיָ֫הוּ","hbo","canonical","accepted"
"name-5089","person-001695","耶利摩","zh-hans","canonical","accepted"
"name-5090","person-001695","Jeremoth","en","variant","accepted"
"name-5091","person-001695","יְרֵמוֹת, יְרִימוֹת","hbo","canonical","accepted"
"name-5092","person-001696","耶利末","zh-hans","canonical","accepted"
"name-5093","person-001696","Jeremoth","en","variant","accepted"
"name-5094","person-001696","יְרֵמוֹת, יְרִימוֹת","hbo","canonical","accepted"
"name-5095","person-001697","耶利末","zh-hans","canonical","accepted"
"name-5096","person-001697","Jeremoth","en","variant","accepted"
"name-5097","person-001697","יְרֵמוֹת, יְרִימוֹת","hbo","canonical","accepted"
"name-5098","person-001698","耶利末","zh-hans","canonical","accepted"
"name-5099","person-001698","Jeremoth","en","variant","accepted"
"name-5100","person-001698","יְרֵמוֹת, יְרִימוֹת","hbo","canonical","accepted"
"name-5101","person-001699","耶利末","zh-hans","canonical","accepted"
"name-5102","person-001699","Jeremoth","en","variant","accepted"
"name-5103","person-001699","יְרֵמוֹת, יְרִימוֹת","hbo","canonical","accepted"
"name-5104","person-001700","耶利雅","zh-hans","canonical","accepted"
"name-5105","person-001700","Jeriah","en","variant","accepted"
"name-5106","person-001700","יְרִיָּהוּ","hbo","canonical","accepted"
"name-5107","person-001701","耶利拜","zh-hans","canonical","accepted"
"name-5108","person-001701","Jeribai","en","variant","accepted"
"name-5109","person-001701","יְרִיבַי","hbo","canonical","accepted"
"name-5110","person-001702","耶勒","zh-hans","canonical","accepted"
"name-5111","person-001702","Jeriel","en","variant","accepted"
"name-5112","person-001702","יְרִיאֵל","hbo","canonical","accepted"
"name-5113","person-001703","耶利雅","zh-hans","canonical","accepted"
"name-5114","person-001703","Jerijah","en","variant","accepted"
"name-5115","person-001703","יְרִיָּהוּ","hbo","canonical","accepted"
"name-5116","person-001704","耶利摩","zh-hans","canonical","accepted"
"name-5117","person-001704","Jerimoth","en","variant","accepted"
"name-5118","person-001704","יְרֵמוֹת, יְרִימוֹת","hbo","canonical","accepted"
"name-5119","person-001705","耶利摩","zh-hans","canonical","accepted"
"name-5120","person-001705","Jerimoth","en","variant","accepted"
"name-5121","person-001705","יְרִימוֹת","hbo","canonical","accepted"
"name-5122","person-001705","יְרֵמוֹת","hbo","variant","accepted"
"name-5123","person-001706","耶利摩","zh-hans","canonical","accepted"
"name-5124","person-001706","Jerimoth","en","variant","accepted"
"name-5125","person-001706","יְרִימוֹת","hbo","canonical","accepted"
"name-5126","person-001706","יְרֵמוֹת","hbo","alias","accepted"
"name-5127","person-001707","耶利摩","zh-hans","canonical","accepted"
"name-5128","person-001707","Jerimoth","en","variant","accepted"
"name-5129","person-001707","יְרֵמוֹת, יְרִימוֹת","hbo","canonical","accepted"
"name-5130","person-001708","耶利摩","zh-hans","canonical","accepted"
"name-5131","person-001708","Jerimoth","en","variant","accepted"
"name-5132","person-001708","יְרֵמוֹת, יְרִימוֹת","hbo","canonical","accepted"
"name-5133","person-001709","耶利摩","zh-hans","canonical","accepted"
"name-5134","person-001709","Jerimoth","en","variant","accepted"
"name-5135","person-001709","יְרֵמוֹת, יְרִימוֹת","hbo","canonical","accepted"
"name-5136","person-001710","耶利末","zh-hans","canonical","accepted"
"name-5137","person-001710","Jerimoth","en","variant","accepted"
"name-5138","person-001710","יְרֵמוֹת, יְרִימוֹת","hbo","canonical","accepted"
"name-5139","person-001711","耶略","zh-hans","canonical","accepted"
"name-5140","person-001711","Jerioth","en","variant","accepted"
"name-5141","person-001711","יְרִיעוֹת","hbo","canonical","accepted"
"name-5142","person-001712","耶罗波安","zh-hans","canonical","accepted"
"name-5143","person-001712","Jeroboam","en","variant","accepted"
"name-5144","person-001712","יָֽרָבְעָם","hbo","canonical","accepted"
"name-5145","person-001713","耶罗波安","zh-hans","canonical","accepted"
"name-5146","person-001713","Jeroboam","en","variant","accepted"
"name-5147","person-001713","יָֽרָבְעָם","hbo","canonical","accepted"
"name-5148","person-001714","耶罗罕","zh-hans","canonical","accepted"
"name-5149","person-001714","Jeroham","en","variant","accepted"
"name-5150","person-001714","יְרֹחָם","hbo","canonical","accepted"
"name-5151","person-001715","耶罗罕","zh-hans","canonical","accepted"
"name-5152","person-001715","Jeroham","en","variant","accepted"
"name-5153","person-001715","יְרֹחָם","hbo","canonical","accepted"
"name-5154","person-001716","耶罗罕","zh-hans","canonical","accepted"
"name-5155","person-001716","Jeroham","en","variant","accepted"
"name-5156","person-001716","יְרֹחָם","hbo","canonical","accepted"
"name-5157","person-001717","耶罗罕","zh-hans","canonical","accepted"
"name-5158","person-001717","Jeroham","en","variant","accepted"
"name-5159","person-001717","יְרֹחָם","hbo","canonical","accepted"
"name-5160","person-001718","耶罗罕","zh-hans","canonical","accepted"
"name-5161","person-001718","Jeroham","en","variant","accepted"
"name-5162","person-001718","יְרֹחָם","hbo","canonical","accepted"
"name-5163","person-001719","耶罗罕","zh-hans","canonical","accepted"
"name-5164","person-001719","Jeroham","en","variant","accepted"
"name-5165","person-001719","יְרֹחָם","hbo","canonical","accepted"
"name-5166","person-001720","耶罗罕","zh-hans","canonical","accepted"
"name-5167","person-001720","Jeroham","en","variant","accepted"
"name-5168","person-001720","יְרֹחָם","hbo","canonical","accepted"
"name-5169","person-001721","耶路沙","zh-hans","canonical","accepted"
"name-5170","person-001721","Jerusha","en","variant","accepted"
"name-5171","person-001721","יְרוּשָׁא","hbo","canonical","accepted"
"name-5172","person-001721","יְרוּשָׁה","hbo","variant","accepted"
"name-5173","person-001722","耶筛亚","zh-hans","canonical","accepted"
"name-5174","person-001722","Jeshaiah","en","variant","accepted"
"name-5175","person-001722","יְשַׁעְיָ֫הוּ","hbo","canonical","accepted"
"name-5176","person-001723","耶筛亚","zh-hans","canonical","accepted"
"name-5177","person-001723","Jeshaiah","en","variant","accepted"
"name-5178","person-001723","יְשַׁעְיָה","hbo","canonical","accepted"
"name-5179","person-001724","耶筛亚","zh-hans","canonical","accepted"
"name-5180","person-001724","Jeshaiah","en","variant","accepted"
"name-5181","person-001724","יְשַׁעְיָה","hbo","canonical","accepted"
"name-5182","person-001725","耶筛亚","zh-hans","canonical","accepted"
"name-5183","person-001725","Jeshaiah","en","variant","accepted"
"name-5184","person-001725","יְשַׁעְיָה","hbo","canonical","accepted"
"name-5185","person-001726","耶筛亚","zh-hans","canonical","accepted"
"name-5186","person-001726","Jeshaiah","en","variant","accepted"
"name-5187","person-001726","יְשַׁעְיָה","hbo","canonical","accepted"
"name-5188","person-001727","耶是比押","zh-hans","canonical","accepted"
"name-5189","person-001727","Jeshebeab","en","variant","accepted"
"name-5190","person-001727","יֶֽשֶׁבְאָב","hbo","canonical","accepted"
"name-5191","person-001728","耶设","zh-hans","canonical","accepted"
"name-5192","person-001728","Jesher","en","variant","accepted"
"name-5193","person-001728","יֶ֫שֶׁר","hbo","canonical","accepted"
"name-5194","person-001729","耶示筛","zh-hans","canonical","accepted"
"name-5195","person-001729","Jeshishai","en","variant","accepted"
"name-5196","person-001729","יְשִׁישַׁי","hbo","canonical","accepted"
"name-5197","person-001730","约朔海","zh-hans","canonical","accepted"
"name-5198","person-001730","Jeshohaiah","en","variant","accepted"
"name-5199","person-001730","יְשׁוֹחָיָה","hbo","canonical","accepted"
"name-5200","person-001731","耶书亚","zh-hans","canonical","accepted"
"name-5201","person-001731","Jeshua","en","variant","accepted"
"name-5202","person-001731","יֵשׁוּעַ","hbo","canonical","accepted"
"name-5203","person-001732","耶书亚","zh-hans","canonical","accepted"
"name-5204","person-001732","Jeshua","en","variant","accepted"
"name-5205","person-001732","יֵשׁוּעַ","hbo","canonical","accepted"
"name-5206","person-001733","耶书亚","zh-hans","canonical","accepted"
"name-5207","person-001733","Jeshua","en","variant","accepted"
"name-5208","person-001733","יֵשׁוּעַ","hbo","canonical","accepted"
"name-5209","person-001734","耶书亚","zh-hans","canonical","accepted"
"name-5210","person-001734","Jeshua","en","variant","accepted"
"name-5211","person-001734","יֵשׁוּעַ","hbo","canonical","accepted"
"name-5212","person-001735","耶书亚","zh-hans","canonical","accepted"
"name-5213","person-001735","Jeshua","en","variant","accepted"
"name-5214","person-001735","יֵשׁוּעַ","hbo","canonical","accepted"
"name-5215","person-001736","耶书亚","zh-hans","canonical","accepted"
"name-5216","person-001736","Jeshua","en","variant","accepted"
"name-5217","person-001736","יֵשׁוּעַ","hbo","canonical","accepted"
"name-5218","person-001737","耶书亚","zh-hans","canonical","accepted"
"name-5219","person-001737","Jeshua","en","variant","accepted"
"name-5220","person-001737","יֵשׁוּעַ","hbo","canonical","accepted"
"name-5221","person-001738","耶西篾","zh-hans","canonical","accepted"
"name-5222","person-001738","Jesimiel","en","variant","accepted"
"name-5223","person-001738","יְשִׁימִאֵל","hbo","canonical","accepted"
"name-5224","person-000155","耶西","zh-hans","canonical","accepted"
"name-5225","person-000156","耶稣","zh-hans","canonical","accepted"
"name-5226","person-000156","Χριστιανός","grc","alias","accepted"
"name-5227","person-001739","益帖","zh-hans","canonical","accepted"
"name-5228","person-001739","Jether","en","variant","accepted"
"name-5229","person-001739","יֶ֫תֶר","hbo","canonical","accepted"
"name-5230","person-001740","益帖","zh-hans","canonical","accepted"
"name-5231","person-001740","Jether","en","variant","accepted"
"name-5232","person-001740","יֶ֫תֶר","hbo","canonical","accepted"
"name-5233","person-001741","益帖","zh-hans","canonical","accepted"
"name-5234","person-001741","Jether","en","variant","accepted"
"name-5235","person-001741","יֶ֫תֶר","hbo","canonical","accepted"
"name-5236","person-001741","יִתְרָא","hbo","canonical","accepted"
"name-5237","person-001742","益帖","zh-hans","canonical","accepted"
"name-5238","person-001742","Jether","en","variant","accepted"
"name-5239","person-001742","יֶ֫תֶר","hbo","canonical","accepted"
"name-5240","person-001743","耶帖","zh-hans","canonical","accepted"
"name-5241","person-001743","Jetheth","en","variant","accepted"
"name-5242","person-001743","יְתֵת","hbo","canonical","accepted"
"name-5243","person-001744","叶忒罗","zh-hans","canonical","accepted"
"name-5244","person-001744","Jethro","en","variant","accepted"
"name-5245","person-001744","יִתְרוֹ","hbo","canonical","accepted"
"name-5246","person-001744","יֶ֫תֶר","hbo","variant","accepted"
"name-5247","person-001744","רְעוּאֵל","hbo","canonical","accepted"
"name-5248","person-001745","伊突","zh-hans","canonical","accepted"
"name-5249","person-001745","Jetur","en","variant","accepted"
"name-5250","person-001745","יְטוּר","hbo","canonical","accepted"
"name-5251","person-001746","耶乌利","zh-hans","canonical","accepted"
"name-5252","person-001746","Jeuel","en","variant","accepted"
"name-5253","person-001746","יְעוּאֵל","hbo","canonical","accepted"
"name-5254","person-001747","耶利","zh-hans","canonical","accepted"
"name-5255","person-001747","Jeuel","en","variant","accepted"
"name-5256","person-001747","יְעִיאֵל","hbo","canonical","accepted"
"name-5257","person-001748","耶利","zh-hans","canonical","accepted"
"name-5258","person-001748","Jeuel","en","variant","accepted"
"name-5259","person-001748","יְעִיאֵל","hbo","canonical","accepted"
"name-5260","person-001749","耶乌施","zh-hans","canonical","accepted"
"name-5261","person-001749","Jeush","en","variant","accepted"
"name-5262","person-001749","יְעוּשׁ","hbo","canonical","accepted"
"name-5263","person-001750","耶乌施","zh-hans","canonical","accepted"
"name-5264","person-001750","Jeush","en","variant","accepted"
"name-5265","person-001750","יְעוּשׁ","hbo","canonical","accepted"
"name-5266","person-001751","耶乌施","zh-hans","canonical","accepted"
"name-5267","person-001751","Jeush","en","variant","accepted"
"name-5268","person-001751","יְעוּשׁ","hbo","canonical","accepted"
"name-5269","person-001752","耶乌施","zh-hans","canonical","accepted"
"name-5270","person-001752","Jeush","en","variant","accepted"
"name-5271","person-001752","יְעוּשׁ","hbo","canonical","accepted"
"name-5272","person-001753","耶乌施","zh-hans","canonical","accepted"
"name-5273","person-001753","Jeush","en","variant","accepted"
"name-5274","person-001753","יְעוּשׁ","hbo","canonical","accepted"
"name-5275","person-001753","יְעִישׁ","hbo","variant","accepted"
"name-5276","person-001754","耶乌斯","zh-hans","canonical","accepted"
"name-5277","person-001754","Jeuz","en","variant","accepted"
"name-5278","person-001754","יְעוּץ","hbo","canonical","accepted"
"name-5279","person-001755","耶撒尼亚","zh-hans","canonical","accepted"
"name-5280","person-001755","Jezaniah","en","variant","accepted"
"name-5281","person-001755","יְזַנְיָה","hbo","canonical","accepted"
"name-5282","person-001755","יַאֲזַנְיָ֫הוּ","hbo","variant","accepted"
"name-5283","person-001755","עֲזַרְיָה","hbo","canonical","accepted"
"name-5284","person-001756","耶洗别","zh-hans","canonical","accepted"
"name-5285","person-001756","Jezebel","en","variant","accepted"
"name-5286","person-001756","אִיזֶבֶל","hbo","canonical","accepted"
"name-5287","person-001756","Ἰεζαβήλ","grc","alias","accepted"
"name-5288","person-001757","耶色","zh-hans","canonical","accepted"
"name-5289","person-001757","Jezer","en","variant","accepted"
"name-5290","person-001757","יֵ֫צֶר","hbo","canonical","accepted"
"name-5291","person-001757","יִצְרִי","hbo","alias","accepted"
"name-5292","person-001758","耶薛","zh-hans","canonical","accepted"
"name-5293","person-001758","Jeziel","en","variant","accepted"
"name-5294","person-001758","יְזִיאֵל","hbo","canonical","accepted"
"name-5295","person-001759","伊斯拉希雅","zh-hans","canonical","accepted"
"name-5296","person-001759","Jezrahiah","en","variant","accepted"
"name-5297","person-001759","יִזְרַחְיָה","hbo","canonical","accepted"
"name-5298","person-001760","耶斯列","zh-hans","canonical","accepted"
"name-5299","person-001760","Jezreel","en","variant","accepted"
"name-5300","person-001760","יִזְרְעֶאל","hbo","canonical","accepted"
"name-5301","person-001761","耶斯列","zh-hans","canonical","accepted"
"name-5302","person-001761","Jezreel","en","variant","accepted"
"name-5303","person-001761","יִזְרְעֶאל","hbo","canonical","accepted"
"name-5304","person-001762","益拉","zh-hans","canonical","accepted"
"name-5305","person-001762","Jidlaph","en","variant","accepted"
"name-5306","person-001762","יִדְלָ֑ף","hbo","canonical","accepted"
"name-5307","person-001763","约押","zh-hans","canonical","accepted"
"name-5308","person-001763","Joab","en","variant","accepted"
"name-5309","person-001763","יוֹאָב","hbo","canonical","accepted"
"name-5310","person-001764","约押","zh-hans","canonical","accepted"
"name-5311","person-001764","Joab","en","variant","accepted"
"name-5312","person-001764","יוֹאָב","hbo","canonical","accepted"
"name-5313","person-001765","约押","zh-hans","canonical","accepted"
"name-5314","person-001765","Joab","en","variant","accepted"
"name-5315","person-001765","יוֹאָב","hbo","canonical","accepted"
"name-5316","person-001766","约押","zh-hans","canonical","accepted"
"name-5317","person-001766","Joab","en","variant","accepted"
"name-5318","person-001766","יוֹאָב","hbo","canonical","accepted"
"name-5319","person-001767","约亚","zh-hans","canonical","accepted"
"name-5320","person-001767","Joah","en","variant","accepted"
"name-5321","person-001767","יוֹאָח","hbo","canonical","accepted"
"name-5322","person-001768","约亚","zh-hans","canonical","accepted"
"name-5323","person-001768","Joah","en","variant","accepted"
"name-5324","person-001768","יוֹאָח","hbo","canonical","accepted"
"name-5325","person-001768","אֵיתָן","hbo","canonical","accepted"
"name-5326","person-001769","约亚","zh-hans","canonical","accepted"
"name-5327","person-001769","Joah","en","variant","accepted"
"name-5328","person-001769","יוֹאָח","hbo","canonical","accepted"
"name-5329","person-001770","约亚","zh-hans","canonical","accepted"
"name-5330","person-001770","Joah","en","variant","accepted"
"name-5331","person-001770","יוֹאָח","hbo","canonical","accepted"
"name-5332","person-001771","约亚","zh-hans","canonical","accepted"
"name-5333","person-001771","Joah","en","variant","accepted"
"name-5334","person-001771","יוֹאָח","hbo","canonical","accepted"
"name-5335","person-001772","约亚","zh-hans","canonical","accepted"
"name-5336","person-001772","Joah","en","variant","accepted"
"name-5337","person-001772","יוֹאָח","hbo","canonical","accepted"
"name-5338","person-001773","约哈斯","zh-hans","canonical","accepted"
"name-5339","person-001773","Joahaz","en","variant","accepted"
"name-5340","person-001773","יוֹאָחָז","hbo","canonical","accepted"
"name-5341","person-001774","约阿施","zh-hans","canonical","accepted"
"name-5342","person-001774","Joash","en","variant","accepted"
"name-5343","person-001774","יוֹאָשׁ","hbo","canonical","accepted"
"name-5344","person-001775","约阿施","zh-hans","canonical","accepted"
"name-5345","person-001775","Joash","en","variant","accepted"
"name-5346","person-001775","יוֹעָשׁ","hbo","canonical","accepted"
"name-5347","person-001776","约阿施","zh-hans","canonical","accepted"
"name-5348","person-001776","Joash","en","variant","accepted"
"name-5349","person-001776","יוֹאָשׁ","hbo","canonical","accepted"
"name-5350","person-001777","约阿施","zh-hans","canonical","accepted"
"name-5351","person-001777","Joash","en","variant","accepted"
"name-5352","person-001777","יוֹעָשׁ","hbo","canonical","accepted"
"name-5353","person-001778","约阿施","zh-hans","canonical","accepted"
"name-5354","person-001778","Joash","en","variant","accepted"
"name-5355","person-001778","יוֹאָשׁ","hbo","canonical","accepted"
"name-5356","person-001779","约阿施","zh-hans","canonical","accepted"
"name-5357","person-001779","Joash","en","variant","accepted"
"name-5358","person-001779","יוֹאָשׁ","hbo","canonical","accepted"
"name-5359","person-001779","יְהוֹאָשׁ","hbo","canonical","accepted"
"name-5360","person-001780","约阿施","zh-hans","canonical","accepted"
"name-5361","person-001780","Joash","en","variant","accepted"
"name-5362","person-001780","יוֹאָשׁ","hbo","canonical","accepted"
"name-5363","person-001780","יְהוֹאָשׁ","hbo","canonical","accepted"
"name-5364","person-001781","约阿施","zh-hans","canonical","accepted"
"name-5365","person-001781","Joash","en","variant","accepted"
"name-5366","person-001781","יוֹאָשׁ","hbo","canonical","accepted"
"name-5367","person-000160","约伯","zh-hans","canonical","accepted"
"name-5368","person-001782","约巴","zh-hans","canonical","accepted"
"name-5369","person-001782","Jobab","en","variant","accepted"
"name-5370","person-001782","יוֹבָב","hbo","canonical","accepted"
"name-5371","person-001783","约巴","zh-hans","canonical","accepted"
"name-5372","person-001783","Jobab","en","variant","accepted"
"name-5373","person-001783","יוֹבָב","hbo","canonical","accepted"
"name-5374","person-001784","约巴","zh-hans","canonical","accepted"
"name-5375","person-001784","Jobab","en","variant","accepted"
"name-5376","person-001784","יוֹבָב","hbo","canonical","accepted"
"name-5377","person-001785","约巴","zh-hans","canonical","accepted"
"name-5378","person-001785","Jobab","en","variant","accepted"
"name-5379","person-001785","יוֹבָב","hbo","canonical","accepted"
"name-5380","person-001786","约巴","zh-hans","canonical","accepted"
"name-5381","person-001786","Jobab","en","variant","accepted"
"name-5382","person-001786","יוֹבָב","hbo","canonical","accepted"
"name-5383","person-001787","约基别","zh-hans","canonical","accepted"
"name-5384","person-001787","Jochebed","en","variant","accepted"
"name-5385","person-001787","יוֹכֶ֫בֶד","hbo","canonical","accepted"
"name-5386","person-001788","约叶","zh-hans","canonical","accepted"
"name-5387","person-001788","Joed","en","variant","accepted"
"name-5388","person-001788","יוֹעֵד","hbo","canonical","accepted"
"name-5389","person-001789","约珥","zh-hans","canonical","accepted"
"name-5390","person-001789","Joel","en","variant","accepted"
"name-5391","person-001789","יוֹאֵל","hbo","canonical","accepted"
"name-5392","person-001790","约珥","zh-hans","canonical","accepted"
"name-5393","person-001790","Joel","en","variant","accepted"
"name-5394","person-001790","יוֹאֵל","hbo","canonical","accepted"
"name-5395","person-001791","约珥","zh-hans","canonical","accepted"
"name-5396","person-001791","Joel","en","variant","accepted"
"name-5397","person-001791","יוֹאֵל","hbo","canonical","accepted"
"name-5398","person-001792","约珥","zh-hans","canonical","accepted"
"name-5399","person-001792","Joel","en","variant","accepted"
"name-5400","person-001792","יוֹאֵל","hbo","canonical","accepted"
"name-5401","person-001793","约珥","zh-hans","canonical","accepted"
"name-5402","person-001793","Joel","en","variant","accepted"
"name-5403","person-001793","יוֹאֵל","hbo","canonical","accepted"
"name-5404","person-001794","约珥","zh-hans","canonical","accepted"
"name-5405","person-001794","Joel","en","variant","accepted"
"name-5406","person-001794","יוֹאֵל","hbo","canonical","accepted"
"name-5407","person-001795","约珥","zh-hans","canonical","accepted"
"name-5408","person-001795","Joel","en","variant","accepted"
"name-5409","person-001795","יוֹאֵל","hbo","canonical","accepted"
"name-5410","person-001796","约珥","zh-hans","canonical","accepted"
"name-5411","person-001796","Joel","en","variant","accepted"
"name-5412","person-001796","יוֹאֵל","hbo","canonical","accepted"
"name-5413","person-001797","约珥","zh-hans","canonical","accepted"
"name-5414","person-001797","Joel","en","variant","accepted"
"name-5415","person-001797","יוֹאֵל","hbo","canonical","accepted"
"name-5416","person-001798","约珥","zh-hans","canonical","accepted"
"name-5417","person-001798","Joel","en","variant","accepted"
"name-5418","person-001798","יוֹאֵל","hbo","canonical","accepted"
"name-5419","person-001798","וַשְׁנִי","hbo","canonical","accepted"
"name-5420","person-001799","约珥","zh-hans","canonical","accepted"
"name-5421","person-001799","Joel","en","variant","accepted"
"name-5422","person-001799","יוֹאֵל","hbo","canonical","accepted"
"name-5423","person-001800","约珥","zh-hans","canonical","accepted"
"name-5424","person-001800","Joel","en","variant","accepted"
"name-5425","person-001800","יוֹאֵל","hbo","canonical","accepted"
"name-5426","person-000162","约珥","zh-hans","canonical","accepted"
"name-5427","person-001801","约珥","zh-hans","canonical","accepted"
"name-5428","person-001801","Joel","en","variant","accepted"
"name-5429","person-001801","יוֹאֵל","hbo","canonical","accepted"
"name-5430","person-001802","犹拉","zh-hans","canonical","accepted"
"name-5431","person-001802","Joelah","en","variant","accepted"
"name-5432","person-001802","יוֹעֵאלָה","hbo","canonical","accepted"
"name-5433","person-001803","约以谢","zh-hans","canonical","accepted"
"name-5434","person-001803","Joezer","en","variant","accepted"
"name-5435","person-001803","יוֹעֶ֫זֶר","hbo","canonical","accepted"
"name-5436","person-001804","约利","zh-hans","canonical","accepted"
"name-5437","person-001804","Jogli","en","variant","accepted"
"name-5438","person-001804","יׇגְלִי","hbo","canonical","accepted"
"name-5439","person-001805","约哈","zh-hans","canonical","accepted"
"name-5440","person-001805","Joha","en","variant","accepted"
"name-5441","person-001805","יוֹחָא","hbo","canonical","accepted"
"name-5442","person-001806","约哈","zh-hans","canonical","accepted"
"name-5443","person-001806","Joha","en","variant","accepted"
"name-5444","person-001806","יוֹחָא","hbo","canonical","accepted"
"name-5445","person-001807","约哈难","zh-hans","canonical","accepted"
"name-5446","person-001807","Johanan","en","variant","accepted"
"name-5447","person-001807","יְהוֹחָנָן","hbo","canonical","accepted"
"name-5448","person-001808","约哈难","zh-hans","canonical","accepted"
"name-5449","person-001808","Johanan","en","variant","accepted"
"name-5450","person-001808","יְהוֹחָנָן","hbo","canonical","accepted"
"name-5451","person-001809","约哈难","zh-hans","canonical","accepted"
"name-5452","person-001809","Johanan","en","variant","accepted"
"name-5453","person-001809","יוֹחָנָן","hbo","canonical","accepted"
"name-5454","person-001810","约哈难","zh-hans","canonical","accepted"
"name-5455","person-001810","Johanan","en","variant","accepted"
"name-5456","person-001810","יוֹחָנָן","hbo","canonical","accepted"
"name-5457","person-001811","约哈难","zh-hans","canonical","accepted"
"name-5458","person-001811","Johanan","en","variant","accepted"
"name-5459","person-001811","יְהוֹחָנָן","hbo","canonical","accepted"
"name-5460","person-001812","约哈难","zh-hans","canonical","accepted"
"name-5461","person-001812","Johanan","en","variant","accepted"
"name-5462","person-001812","יוֹחָנָן","hbo","canonical","accepted"
"name-5463","person-001813","约哈难","zh-hans","canonical","accepted"
"name-5464","person-001813","Johanan","en","variant","accepted"
"name-5465","person-001813","יוֹחָנָן","hbo","canonical","accepted"
"name-5466","person-001814","约哈难","zh-hans","canonical","accepted"
"name-5467","person-001814","Johanan","en","variant","accepted"
"name-5468","person-001814","יוֹחָנָן","hbo","canonical","accepted"
"name-5469","person-001814","יוֹנָתָן","hbo","variant","accepted"
"name-5470","person-001815","耶何耶大","zh-hans","canonical","accepted"
"name-5471","person-001815","Joiada","en","variant","accepted"
"name-5472","person-001815","יוֹיָדָע","hbo","canonical","accepted"
"name-5473","person-001816","耶何耶大","zh-hans","canonical","accepted"
"name-5474","person-001816","Joiada","en","variant","accepted"
"name-5475","person-001816","יוֹיָדָע","hbo","canonical","accepted"
"name-5476","person-001817","约雅金","zh-hans","canonical","accepted"
"name-5477","person-001817","Joiakim","en","variant","accepted"
"name-5478","person-001817","יוֹיָקִים","hbo","canonical","accepted"
"name-5479","person-001818","约雅立","zh-hans","canonical","accepted"
"name-5480","person-001818","Joiarib","en","variant","accepted"
"name-5481","person-001818","יוֹיָרִיב","hbo","canonical","accepted"
"name-5482","person-001818","יְהוֹיָרִיב","hbo","canonical","accepted"
"name-5483","person-001819","约雅立","zh-hans","canonical","accepted"
"name-5484","person-001819","Joiarib","en","variant","accepted"
"name-5485","person-001819","יוֹיָרִיב","hbo","canonical","accepted"
"name-5486","person-001820","约雅立","zh-hans","canonical","accepted"
"name-5487","person-001820","Joiarib","en","variant","accepted"
"name-5488","person-001820","יוֹיָרִיב","hbo","canonical","accepted"
"name-5489","person-001821","约敬","zh-hans","canonical","accepted"
"name-5490","person-001821","Jokim","en","variant","accepted"
"name-5491","person-001821","יוֹקִים","hbo","canonical","accepted"
"name-5492","person-001822","约珊","zh-hans","canonical","accepted"
"name-5493","person-001822","Jokshan","en","variant","accepted"
"name-5494","person-001822","יׇקְשָׁן","hbo","canonical","accepted"
"name-5495","person-001823","约坍","zh-hans","canonical","accepted"
"name-5496","person-001823","Joktan","en","variant","accepted"
"name-5497","person-001823","יׇקְטָן","hbo","canonical","accepted"
"name-5498","person-001824","约拿达","zh-hans","canonical","accepted"
"name-5499","person-001824","Jonadab","en","variant","accepted"
"name-5500","person-001824","יְהוֹנָדָב","hbo","canonical","accepted"
"name-5501","person-001824","יוֹנָדָב","hbo","canonical","accepted"
"name-5502","person-001825","约拿达","zh-hans","canonical","accepted"
"name-5503","person-001825","Jonadab","en","variant","accepted"
"name-5504","person-001825","יוֹנָדָב","hbo","canonical","accepted"
"name-5505","person-001825","יְהוֹנָדָב","hbo","variant","accepted"
"name-5506","person-001825","יְהוֹנָתָן","hbo","canonical","accepted"
"name-5507","person-000167","约拿","zh-hans","canonical","accepted"
"name-5508","person-001826","约拿单","zh-hans","canonical","accepted"
"name-5509","person-001826","Jonathan","en","variant","accepted"
"name-5510","person-001826","יוֹנָתָן","hbo","canonical","accepted"
"name-5511","person-001827","约拿单","zh-hans","canonical","accepted"
"name-5512","person-001827","Jonathan","en","variant","accepted"
"name-5513","person-001827","יְהוֹנָתָן","hbo","canonical","accepted"
"name-5514","person-001828","约拿单","zh-hans","canonical","accepted"
"name-5515","person-001828","Jonathan","en","variant","accepted"
"name-5516","person-001828","יְהוֹנָתָן","hbo","canonical","accepted"
"name-5517","person-001828","יוֹנָתָן","hbo","variant","accepted"
"name-5518","person-001829","约拿单","zh-hans","canonical","accepted"
"name-5519","person-001829","Jonathan","en","variant","accepted"
"name-5520","person-001829","יוֹנָתָן","hbo","canonical","accepted"
"name-5521","person-001829","יְהוֹנָתָן","hbo","variant","accepted"
"name-5522","person-001830","约拿单","zh-hans","canonical","accepted"
"name-5523","person-001830","Jonathan","en","variant","accepted"
"name-5524","person-001830","יוֹנָתָן","hbo","canonical","accepted"
"name-5525","person-001830","יְהוֹנָתָן","hbo","variant","accepted"
"name-5526","person-001831","约拿单","zh-hans","canonical","accepted"
"name-5527","person-001831","Jonathan","en","variant","accepted"
"name-5528","person-001831","יוֹנָתָן","hbo","canonical","accepted"
"name-5529","person-001832","约拿单","zh-hans","canonical","accepted"
"name-5530","person-001832","Jonathan","en","variant","accepted"
"name-5531","person-001832","יוֹנָתָן","hbo","canonical","accepted"
"name-5532","person-001833","约拿单","zh-hans","canonical","accepted"
"name-5533","person-001833","Jonathan","en","variant","accepted"
"name-5534","person-001833","יְהוֹנָתָן","hbo","canonical","accepted"
"name-5535","person-001834","约拿单","zh-hans","canonical","accepted"
"name-5536","person-001834","Jonathan","en","variant","accepted"
"name-5537","person-001834","יְהוֹנָתָן","hbo","canonical","accepted"
"name-5538","person-001835","约拿单","zh-hans","canonical","accepted"
"name-5539","person-001835","Jonathan","en","variant","accepted"
"name-5540","person-001835","יוֹנָתָן","hbo","canonical","accepted"
"name-5541","person-001836","约拿单","zh-hans","canonical","accepted"
"name-5542","person-001836","Jonathan","en","variant","accepted"
"name-5543","person-001836","יוֹנָתָן","hbo","canonical","accepted"
"name-5544","person-001837","约拿单","zh-hans","canonical","accepted"
"name-5545","person-001837","Jonathan","en","variant","accepted"
"name-5546","person-001837","יוֹנָתָן","hbo","canonical","accepted"
"name-5547","person-001838","约拉","zh-hans","canonical","accepted"
"name-5548","person-001838","Jorah","en","variant","accepted"
"name-5549","person-001838","יוֹרָה","hbo","canonical","accepted"
"name-5550","person-001838","חָרִיף","hbo","canonical","accepted"
"name-5551","person-001839","约赖","zh-hans","canonical","accepted"
"name-5552","person-001839","Jorai","en","variant","accepted"
"name-5553","person-001839","יוֹרַי","hbo","canonical","accepted"
"name-5554","person-001840","约兰","zh-hans","canonical","accepted"
"name-5555","person-001840","Joram","en","variant","accepted"
"name-5556","person-001840","יוֹרָם","hbo","canonical","accepted"
"name-5557","person-001841","约兰","zh-hans","canonical","accepted"
"name-5558","person-001841","Joram","en","variant","accepted"
"name-5559","person-001841","יוֹרָם","hbo","canonical","accepted"
"name-5560","person-001841","יְהוֹרָם","hbo","variant","accepted"
"name-5561","person-001842","约兰","zh-hans","canonical","accepted"
"name-5562","person-001842","Joram","en","variant","accepted"
"name-5563","person-001842","יוֹרָם","hbo","canonical","accepted"
"name-5564","person-001842","הֲדוֹרָם","hbo","canonical","accepted"
"name-5565","person-001843","约瑟","zh-hans","canonical","accepted"
"name-5566","person-001843","Joseph","en","variant","accepted"
"name-5567","person-001843","יוֹסֵף","hbo","canonical","accepted"
"name-5568","person-001844","约瑟","zh-hans","canonical","accepted"
"name-5569","person-001844","Joseph","en","variant","accepted"
"name-5570","person-001844","יוֹסֵף","hbo","canonical","accepted"
"name-5571","person-000172","约瑟","zh-hans","canonical","accepted"
"name-5572","person-001845","约瑟","zh-hans","canonical","accepted"
"name-5573","person-001845","Joseph","en","variant","accepted"
"name-5574","person-001845","יוֹסֵף","hbo","canonical","accepted"
"name-5575","person-001846","约色","zh-hans","canonical","accepted"
"name-5576","person-001846","Joseph","en","variant","accepted"
"name-5577","person-001846","יוֹסֵף","hbo","canonical","accepted"
"name-5578","person-001847","约沙","zh-hans","canonical","accepted"
"name-5579","person-001847","Joshah","en","variant","accepted"
"name-5580","person-001847","יוֹשָׁה","hbo","canonical","accepted"
"name-5581","person-001848","约沙法","zh-hans","canonical","accepted"
"name-5582","person-001848","Joshaphat","en","variant","accepted"
"name-5583","person-001848","יוֹשָׁפָט","hbo","canonical","accepted"
"name-5584","person-001849","约沙法","zh-hans","canonical","accepted"
"name-5585","person-001849","Joshaphat","en","variant","accepted"
"name-5586","person-001849","יוֹשָׁפָט","hbo","canonical","accepted"
"name-5587","person-001850","约沙未雅","zh-hans","canonical","accepted"
"name-5588","person-001850","Joshaviah","en","variant","accepted"
"name-5589","person-001850","יוֹשַׁוְיָה","hbo","canonical","accepted"
"name-5590","person-001851","约施比加沙","zh-hans","canonical","accepted"
"name-5591","person-001851","Joshbekashah","en","variant","accepted"
"name-5592","person-001851","יׇשְׁבְּקָ֫שָׁה","hbo","canonical","accepted"
"name-5593","person-001852","约示比","zh-hans","canonical","accepted"
"name-5594","person-001852","Joshibiah","en","variant","accepted"
"name-5595","person-001852","יוֹשִׁבְיָה","hbo","canonical","accepted"
"name-5596","person-001853","约书亚","zh-hans","canonical","accepted"
"name-5597","person-001853","Joshua","en","variant","accepted"
"name-5598","person-001853","יְהוֹשׁוּעַ","hbo","canonical","accepted"
"name-5599","person-001854","约书亚","zh-hans","canonical","accepted"
"name-5600","person-001854","Joshua","en","variant","accepted"
"name-5601","person-001854","יְהוֹשׁוּעַ","hbo","canonical","accepted"
"name-5602","person-000179","约书亚","zh-hans","canonical","accepted"
"name-5603","person-001855","耶书亚","zh-hans","canonical","accepted"
"name-5604","person-001855","Joshua","en","variant","accepted"
"name-5605","person-001855","יְהוֹשׁוּעַ","hbo","canonical","accepted"
"name-5606","person-001855","יֵשׁוּעַ","hbo","canonical","accepted"
"name-5607","person-000181","约西亚","zh-hans","canonical","accepted"
"name-5608","person-001856","约西亚","zh-hans","canonical","accepted"
"name-5609","person-001856","Josiah","en","variant","accepted"
"name-5610","person-001856","יֹאשִׁיָּ֫הוּ","hbo","canonical","accepted"
"name-5611","person-001856","חֵן","hbo","canonical","accepted"
"name-5612","person-001857","约细斐","zh-hans","canonical","accepted"
"name-5613","person-001857","Josiphiah","en","variant","accepted"
"name-5614","person-001857","יוֹסִפְיָה","hbo","canonical","accepted"
"name-5615","person-001858","约坦","zh-hans","canonical","accepted"
"name-5616","person-001858","Jotham","en","variant","accepted"
"name-5617","person-001858","יוֹתָם","hbo","canonical","accepted"
"name-5618","person-000182","约坦","zh-hans","canonical","accepted"
"name-5619","person-001859","约坦","zh-hans","canonical","accepted"
"name-5620","person-001859","Jotham","en","variant","accepted"
"name-5621","person-001859","יוֹתָם","hbo","canonical","accepted"
"name-5622","person-001860","约撒拔","zh-hans","canonical","accepted"
"name-5623","person-001860","Jozabad","en","variant","accepted"
"name-5624","person-001860","יוֹזָבָד","hbo","canonical","accepted"
"name-5625","person-001861","约撒拔","zh-hans","canonical","accepted"
"name-5626","person-001861","Jozabad","en","variant","accepted"
"name-5627","person-001861","יוֹזָבָד","hbo","canonical","accepted"
"name-5628","person-001862","约撒拔","zh-hans","canonical","accepted"
"name-5629","person-001862","Jozabad","en","variant","accepted"
"name-5630","person-001862","יוֹזָבָד","hbo","canonical","accepted"
"name-5631","person-001863","约撒拔","zh-hans","canonical","accepted"
"name-5632","person-001863","Jozabad","en","variant","accepted"
"name-5633","person-001863","יוֹזָבָד","hbo","canonical","accepted"
"name-5634","person-001864","约撒拔","zh-hans","canonical","accepted"
"name-5635","person-001864","Jozabad","en","variant","accepted"
"name-5636","person-001864","יוֹזָבָד","hbo","canonical","accepted"
"name-5637","person-001865","约撒拔","zh-hans","canonical","accepted"
"name-5638","person-001865","Jozabad","en","variant","accepted"
"name-5639","person-001865","יוֹזָבָד","hbo","canonical","accepted"
"name-5640","person-001866","约撒拔","zh-hans","canonical","accepted"
"name-5641","person-001866","Jozabad","en","variant","accepted"
"name-5642","person-001866","יוֹזָבָד","hbo","canonical","accepted"
"name-5643","person-001867","约撒拔","zh-hans","canonical","accepted"
"name-5644","person-001867","Jozabad","en","variant","accepted"
"name-5645","person-001867","יוֹזָבָד","hbo","canonical","accepted"
"name-5646","person-001868","约撒拔","zh-hans","canonical","accepted"
"name-5647","person-001868","Jozabad","en","variant","accepted"
"name-5648","person-001868","יוֹזָבָד","hbo","canonical","accepted"
"name-5649","person-001869","约撒拔","zh-hans","canonical","accepted"
"name-5650","person-001869","Jozabad","en","variant","accepted"
"name-5651","person-001869","יוֹזָבָד","hbo","canonical","accepted"
"name-5652","person-001870","约撒甲","zh-hans","canonical","accepted"
"name-5653","person-001870","Jozacar","en","variant","accepted"
"name-5654","person-001870","יוֹזָכָר","hbo","canonical","accepted"
"name-5655","person-001870","יוֹזָבָד","hbo","variant","accepted"
"name-5656","person-001870","זָבָד","hbo","canonical","accepted"
"name-5657","person-001871","约萨达","zh-hans","canonical","accepted"
"name-5658","person-001871","Jozadak","en","variant","accepted"
"name-5659","person-001871","יוֹצָדָק","hbo","canonical","accepted"
"name-5660","person-001872","犹八","zh-hans","canonical","accepted"
"name-5661","person-001872","Jubal","en","variant","accepted"
"name-5662","person-001872","יוּבָ֑ל","hbo","canonical","accepted"
"name-5663","person-001873","犹大","zh-hans","canonical","accepted"
"name-5664","person-001873","Judah","en","variant","accepted"
"name-5665","person-001873","יְהוּדָה","hbo","canonical","accepted"
"name-5666","person-000183","犹大","zh-hans","canonical","accepted"
"name-5667","person-000183","יְהוּדִי","hbo","alias","accepted"
"name-5668","person-000183","יָהַד","hbo","alias","accepted"
"name-5669","person-000183","Ἰουδαῖος","grc","alias","accepted"
"name-5670","person-000183","Ἰουδαΐζω","grc","variant","accepted"
"name-5671","person-000183","Ἰουδαϊκός","grc","variant","accepted"
"name-5672","person-000183","Ἰουδαϊκῶς","grc","variant","accepted"
"name-5673","person-001874","犹大","zh-hans","canonical","accepted"
"name-5674","person-001874","Judah","en","variant","accepted"
"name-5675","person-001874","יְהוּדָה","hbo","canonical","accepted"
"name-5676","person-001875","犹大","zh-hans","canonical","accepted"
"name-5677","person-001875","Judah","en","variant","accepted"
"name-5678","person-001875","יְהוּדָה","hbo","canonical","accepted"
"name-5679","person-001876","犹大","zh-hans","canonical","accepted"
"name-5680","person-001876","Judah","en","variant","accepted"
"name-5681","person-001876","יְהוּדָה","hbo","canonical","accepted"
"name-5682","person-001877","犹滴","zh-hans","canonical","accepted"
"name-5683","person-001877","Judith","en","variant","accepted"
"name-5684","person-001877","יְהוּדִית","hbo","canonical","accepted"
"name-5685","person-001878","于沙·希悉","zh-hans","canonical","accepted"
"name-5686","person-001878","Jushab-hesed","en","variant","accepted"
"name-5687","person-001878","י֥וּשַׁב חֶ֖סֶד","hbo","canonical","accepted"
"name-5688","person-001879","甲篾","zh-hans","canonical","accepted"
"name-5689","person-001879","Kadmiel","en","variant","accepted"
"name-5690","person-001879","קַדְמִיאֵל","hbo","canonical","accepted"
"name-5691","person-001880","加莱","zh-hans","canonical","accepted"
"name-5692","person-001880","Kallai","en","variant","accepted"
"name-5693","person-001880","קַלַּי","hbo","canonical","accepted"
"name-5694","person-001881","加利亚","zh-hans","canonical","accepted"
"name-5695","person-001881","Kareah","en","variant","accepted"
"name-5696","person-001881","קָרֵחַ","hbo","canonical","accepted"
"name-5697","person-001882","基达","zh-hans","canonical","accepted"
"name-5698","person-001882","Kedar","en","variant","accepted"
"name-5699","person-001882","קֵדָר","hbo","canonical","accepted"
"name-5700","person-001883","基底玛","zh-hans","canonical","accepted"
"name-5701","person-001883","Kedemah","en","variant","accepted"
"name-5702","person-001883","קֵ֑דְמָה","hbo","canonical","accepted"
"name-5703","person-001883","נוֹדָ֑ב","hbo","canonical","accepted"
"name-5704","person-001884","基拉雅","zh-hans","canonical","accepted"
"name-5705","person-001884","Kelaiah","en","variant","accepted"
"name-5706","person-001884","קֵלָיָה","hbo","canonical","accepted"
"name-5707","person-001884","קְלִיטָא","hbo","canonical","accepted"
"name-5708","person-001885","基利他","zh-hans","canonical","accepted"
"name-5709","person-001885","Kelita","en","variant","accepted"
"name-5710","person-001885","קְלִיטָא","hbo","canonical","accepted"
"name-5711","person-001886","基母利","zh-hans","canonical","accepted"
"name-5712","person-001886","Kemuel","en","variant","accepted"
"name-5713","person-001886","קְמוּאֵל","hbo","canonical","accepted"
"name-5714","person-001887","基母利","zh-hans","canonical","accepted"
"name-5715","person-001887","Kemuel","en","variant","accepted"
"name-5716","person-001887","קְמוּאֵל","hbo","canonical","accepted"
"name-5717","person-001888","基母利","zh-hans","canonical","accepted"
"name-5718","person-001888","Kemuel","en","variant","accepted"
"name-5719","person-001888","קְמוּאֵל","hbo","canonical","accepted"
"name-5720","person-000196","该南","zh-hans","canonical","accepted"
"name-5721","person-001889","基纳斯","zh-hans","canonical","accepted"
"name-5722","person-001889","Kenaz","en","variant","accepted"
"name-5723","person-001889","קְנַז","hbo","canonical","accepted"
"name-5724","person-001890","基纳斯","zh-hans","canonical","accepted"
"name-5725","person-001890","Kenaz","en","variant","accepted"
"name-5726","person-001890","קְנַז","hbo","canonical","accepted"
"name-5727","person-001891","基纳斯","zh-hans","canonical","accepted"
"name-5728","person-001891","Kenaz","en","variant","accepted"
"name-5729","person-001891","קְנַז","hbo","canonical","accepted"
"name-5730","person-001891","קְנִזִּי","hbo","alias","accepted"
"name-5731","person-001892","基连·哈朴","zh-hans","canonical","accepted"
"name-5732","person-001892","Keren-happuch","en","variant","accepted"
"name-5733","person-001892","קֶרֶן הַפּוּךְ","hbo","canonical","accepted"
"name-5734","person-001893","基绿","zh-hans","canonical","accepted"
"name-5735","person-001893","Keros","en","variant","accepted"
"name-5736","person-001893","קֵרֹס","hbo","canonical","accepted"
"name-5737","person-001894","基土拉","zh-hans","canonical","accepted"
"name-5738","person-001894","Keturah","en","variant","accepted"
"name-5739","person-001894","קְטוּרָה","hbo","canonical","accepted"
"name-5740","person-001895","基洗亚","zh-hans","canonical","accepted"
"name-5741","person-001895","Keziah","en","variant","accepted"
"name-5742","person-001895","קְצִיעָה","hbo","canonical","accepted"
"name-5743","person-001896","基士","zh-hans","canonical","accepted"
"name-5744","person-001896","Kish","en","variant","accepted"
"name-5745","person-001896","קִישׁ","hbo","canonical","accepted"
"name-5746","person-000197","基士","zh-hans","canonical","accepted"
"name-5747","person-001897","基士","zh-hans","canonical","accepted"
"name-5748","person-001897","Kish","en","variant","accepted"
"name-5749","person-001897","קִישׁ","hbo","canonical","accepted"
"name-5750","person-001898","基士","zh-hans","canonical","accepted"
"name-5751","person-001898","Kish","en","variant","accepted"
"name-5752","person-001898","קִישׁ","hbo","canonical","accepted"
"name-5753","person-001899","基示","zh-hans","canonical","accepted"
"name-5754","person-001899","Kishi","en","variant","accepted"
"name-5755","person-001899","קִישִׁי","hbo","canonical","accepted"
"name-5756","person-001899","קוּשָׁיָ֫הוּ","hbo","canonical","accepted"
"name-5757","person-001900","哥辖","zh-hans","canonical","accepted"
"name-5758","person-001900","Kohath","en","variant","accepted"
"name-5759","person-001900","קְהָת","hbo","canonical","accepted"
"name-5760","person-001900","קְהָתִי","hbo","alias","accepted"
"name-5761","person-001901","哥赖雅","zh-hans","canonical","accepted"
"name-5762","person-001901","Kolaiah","en","variant","accepted"
"name-5763","person-001901","קוֹלָיָה","hbo","canonical","accepted"
"name-5764","person-001902","哥赖雅","zh-hans","canonical","accepted"
"name-5765","person-001902","Kolaiah","en","variant","accepted"
"name-5766","person-001902","קוֹלָיָה","hbo","canonical","accepted"
"name-5767","person-001903","可拉","zh-hans","canonical","accepted"
"name-5768","person-001903","Korah","en","variant","accepted"
"name-5769","person-001903","קֹ֫רַח","hbo","canonical","accepted"
"name-5770","person-001904","可拉","zh-hans","canonical","accepted"
"name-5771","person-001904","Korah","en","variant","accepted"
"name-5772","person-001904","קֹ֫רַח","hbo","canonical","accepted"
"name-5773","person-001904","קׇרְחִי","hbo","alias","accepted"
"name-5774","person-001904","Κορέ","grc","alias","accepted"
"name-5775","person-001905","可拉","zh-hans","canonical","accepted"
"name-5776","person-001905","Korah","en","variant","accepted"
"name-5777","person-001905","קֹ֫רַח","hbo","canonical","accepted"
"name-5778","person-001906","可拉","zh-hans","canonical","accepted"
"name-5779","person-001906","Korah","en","variant","accepted"
"name-5780","person-001906","קֹ֫רַח","hbo","canonical","accepted"
"name-5781","person-001907","可利","zh-hans","canonical","accepted"
"name-5782","person-001907","Kore","en","variant","accepted"
"name-5783","person-001907","קוֹרֵא","hbo","canonical","accepted"
"name-5784","person-001908","可利","zh-hans","canonical","accepted"
"name-5785","person-001908","Kore","en","variant","accepted"
"name-5786","person-001908","קוֹרֵא","hbo","canonical","accepted"
"name-5787","person-001909","哥斯","zh-hans","canonical","accepted"
"name-5788","person-001909","Koz","en","variant","accepted"
"name-5789","person-001909","קוֹץ","hbo","canonical","accepted"
"name-5790","person-001910","拉大","zh-hans","canonical","accepted"
"name-5791","person-001910","Laadah","en","variant","accepted"
"name-5792","person-001910","לַעְדָּה","hbo","canonical","accepted"
"name-5793","person-001911","拉班","zh-hans","canonical","accepted"
"name-5794","person-001911","Laban","en","variant","accepted"
"name-5795","person-001911","לָבָן","hbo","canonical","accepted"
"name-5796","person-001912","拉但","zh-hans","canonical","accepted"
"name-5797","person-001912","Ladan","en","variant","accepted"
"name-5798","person-001912","לַעְדָּן","hbo","canonical","accepted"
"name-5799","person-001913","拉伊勒","zh-hans","canonical","accepted"
"name-5800","person-001913","Lael","en","variant","accepted"
"name-5801","person-001913","לָאֵל","hbo","canonical","accepted"
"name-5802","person-001914","拉哈","zh-hans","canonical","accepted"
"name-5803","person-001914","Lahad","en","variant","accepted"
"name-5804","person-001914","לָ֑הַד","hbo","canonical","accepted"
"name-5805","person-001915","拉哈米","zh-hans","canonical","accepted"
"name-5806","person-001915","Lahmi","en","variant","accepted"
"name-5807","person-001915","לַחְמִי","hbo","canonical","accepted"
"name-5808","person-001916","拉亿","zh-hans","canonical","accepted"
"name-5809","person-001916","Laish","en","variant","accepted"
"name-5810","person-001916","לַ֫יִשׁ","hbo","canonical","accepted"
"name-5811","person-001916","לוּשׁ","hbo","variant","accepted"
"name-5812","person-001917","拉麦","zh-hans","canonical","accepted"
"name-5813","person-001917","Lamech","en","variant","accepted"
"name-5814","person-001917","לֶ֫מֶךְ","hbo","canonical","accepted"
"name-5815","person-000199","拉麦","zh-hans","canonical","accepted"
"name-5816","person-001918","拉比多","zh-hans","canonical","accepted"
"name-5817","person-001918","Lappidoth","en","variant","accepted"
"name-5818","person-001918","לַפִּידוֹת","hbo","canonical","accepted"
"name-5819","person-001919","利亚","zh-hans","canonical","accepted"
"name-5820","person-001919","Leah","en","variant","accepted"
"name-5821","person-001919","לֵאָה","hbo","canonical","accepted"
"name-5822","person-001920","利巴拿","zh-hans","canonical","accepted"
"name-5823","person-001920","Lebanah","en","variant","accepted"
"name-5824","person-001920","לְבָנָא","hbo","canonical","accepted"
"name-5825","person-001921","利慕伊勒","zh-hans","canonical","accepted"
"name-5826","person-001921","Lemuel","en","variant","accepted"
"name-5827","person-001921","לְמוּאֵל","hbo","canonical","accepted"
"name-5828","person-000202","利未","zh-hans","canonical","accepted"
"name-5829","person-000202","Λευΐτης","grc","alias","accepted"
"name-5830","person-000202","Λευϊτικός","grc","alias","accepted"
"name-5831","person-001922","立尼","zh-hans","canonical","accepted"
"name-5832","person-001922","Libni","en","variant","accepted"
"name-5833","person-001922","לִבְנִי","hbo","canonical","accepted"
"name-5834","person-001923","立尼","zh-hans","canonical","accepted"
"name-5835","person-001923","Libni","en","variant","accepted"
"name-5836","person-001923","לִבְנִי","hbo","canonical","accepted"
"name-5837","person-001923","לַעְדָּן","hbo","canonical","accepted"
"name-5838","person-001924","利克希","zh-hans","canonical","accepted"
"name-5839","person-001924","Likhi","en","variant","accepted"
"name-5840","person-001924","לִקְחִי","hbo","canonical","accepted"
"name-5841","person-001925","罗·阿米","zh-hans","canonical","accepted"
"name-5842","person-001925","Lo-ammi","en","variant","accepted"
"name-5843","person-001925","לֹא עַמִּי","hbo","canonical","accepted"
"name-5844","person-001926","罗·路哈玛","zh-hans","canonical","accepted"
"name-5845","person-001926","Lo-ruhamah","en","variant","accepted"
"name-5846","person-001926","לֹא רֻחָ֫מָה","hbo","canonical","accepted"
"name-5847","person-000207","罗得","zh-hans","canonical","accepted"
"name-5848","person-001927","罗坍","zh-hans","canonical","accepted"
"name-5849","person-001927","Lotan","en","variant","accepted"
"name-5850","person-001927","לוֹטָן","hbo","canonical","accepted"
"name-5851","person-001928","路德","zh-hans","canonical","accepted"
"name-5852","person-001928","Lud","en","variant","accepted"
"name-5853","person-001928","לוּד","hbo","canonical","accepted"
"name-5854","person-001928","לוּדִי","hbo","alias","accepted"
"name-5855","person-001929","玛迦","zh-hans","canonical","accepted"
"name-5856","person-001929","Maacah","en","variant","accepted"
"name-5857","person-001929","מַעֲכָה","hbo","canonical","accepted"
"name-5858","person-001930","玛迦","zh-hans","canonical","accepted"
"name-5859","person-001930","Maacah","en","variant","accepted"
"name-5860","person-001930","מַעֲכָה","hbo","canonical","accepted"
"name-5861","person-001931","玛迦","zh-hans","canonical","accepted"
"name-5862","person-001931","Maacah","en","variant","accepted"
"name-5863","person-001931","מַעֲכָה","hbo","canonical","accepted"
"name-5864","person-001932","玛迦","zh-hans","canonical","accepted"
"name-5865","person-001932","Maacah","en","variant","accepted"
"name-5866","person-001932","מַעֲכָה","hbo","canonical","accepted"
"name-5867","person-001933","玛迦","zh-hans","canonical","accepted"
"name-5868","person-001933","Maacah","en","variant","accepted"
"name-5869","person-001933","מַעֲכָה","hbo","canonical","accepted"
"name-5870","person-001934","玛迦","zh-hans","canonical","accepted"
"name-5871","person-001934","Maacah","en","variant","accepted"
"name-5872","person-001934","מַעֲכָה","hbo","canonical","accepted"
"name-5873","person-001934","מִיכָיָ֫הוּ","hbo","canonical","accepted"
"name-5874","person-001935","玛迦","zh-hans","canonical","accepted"
"name-5875","person-001935","Maacah","en","variant","accepted"
"name-5876","person-001935","מַעֲכָה","hbo","canonical","accepted"
"name-5877","person-001936","玛迦","zh-hans","canonical","accepted"
"name-5878","person-001936","Maacah","en","variant","accepted"
"name-5879","person-001936","מַעֲכָה","hbo","canonical","accepted"
"name-5880","person-001937","玛玳","zh-hans","canonical","accepted"
"name-5881","person-001937","Maadai","en","variant","accepted"
"name-5882","person-001937","מַעֲדַי","hbo","canonical","accepted"
"name-5883","person-001938","玛艾","zh-hans","canonical","accepted"
"name-5884","person-001938","Maai","en","variant","accepted"
"name-5885","person-001938","מָעַי","hbo","canonical","accepted"
"name-5886","person-001939","玛赛","zh-hans","canonical","accepted"
"name-5887","person-001939","Maasai","en","variant","accepted"
"name-5888","person-001939","מַעֲשַׂי","hbo","canonical","accepted"
"name-5889","person-001939","עֲמַשְׁסַי","hbo","canonical","accepted"
"name-5890","person-001940","玛西雅","zh-hans","canonical","accepted"
"name-5891","person-001940","Maaseiah","en","variant","accepted"
"name-5892","person-001940","מַעֲשֵׂיָהוּ","hbo","canonical","accepted"
"name-5893","person-001941","玛西雅","zh-hans","canonical","accepted"
"name-5894","person-001941","Maaseiah","en","variant","accepted"
"name-5895","person-001941","מַעֲשֵׂיָהוּ","hbo","canonical","accepted"
"name-5896","person-001942","玛西雅","zh-hans","canonical","accepted"
"name-5897","person-001942","Maaseiah","en","variant","accepted"
"name-5898","person-001942","מַעֲשֵׂיָהוּ","hbo","canonical","accepted"
"name-5899","person-001943","玛西雅","zh-hans","canonical","accepted"
"name-5900","person-001943","Maaseiah","en","variant","accepted"
"name-5901","person-001943","מַעֲשֵׂיָהוּ","hbo","canonical","accepted"
"name-5902","person-001944","玛西雅","zh-hans","canonical","accepted"
"name-5903","person-001944","Maaseiah","en","variant","accepted"
"name-5904","person-001944","מַעֲשֵׂיָהוּ","hbo","canonical","accepted"
"name-5905","person-001945","玛西雅","zh-hans","canonical","accepted"
"name-5906","person-001945","Maaseiah","en","variant","accepted"
"name-5907","person-001945","מַעֲשֵׂיָהוּ","hbo","canonical","accepted"
"name-5908","person-001946","玛西雅","zh-hans","canonical","accepted"
"name-5909","person-001946","Maaseiah","en","variant","accepted"
"name-5910","person-001946","מַעֲשֵׂיָהוּ","hbo","canonical","accepted"
"name-5911","person-001947","玛西雅","zh-hans","canonical","accepted"
"name-5912","person-001947","Maaseiah","en","variant","accepted"
"name-5913","person-001947","מַעֲשֵׂיָהוּ","hbo","canonical","accepted"
"name-5914","person-001948","玛西雅","zh-hans","canonical","accepted"
"name-5915","person-001948","Maaseiah","en","variant","accepted"
"name-5916","person-001948","מַעֲשֵׂיָהוּ","hbo","canonical","accepted"
"name-5917","person-001949","玛西雅","zh-hans","canonical","accepted"
"name-5918","person-001949","Maaseiah","en","variant","accepted"
"name-5919","person-001949","מַעֲשֵׂיָהוּ","hbo","canonical","accepted"
"name-5920","person-001950","玛西雅","zh-hans","canonical","accepted"
"name-5921","person-001950","Maaseiah","en","variant","accepted"
"name-5922","person-001950","מַעֲשֵׂיָהוּ","hbo","canonical","accepted"
"name-5923","person-001951","玛西雅","zh-hans","canonical","accepted"
"name-5924","person-001951","Maaseiah","en","variant","accepted"
"name-5925","person-001951","מַעֲשֵׂיָהוּ","hbo","canonical","accepted"
"name-5926","person-001952","玛西雅","zh-hans","canonical","accepted"
"name-5927","person-001952","Maaseiah","en","variant","accepted"
"name-5928","person-001952","מַעֲשֵׂיָהוּ","hbo","canonical","accepted"
"name-5929","person-001953","玛西雅","zh-hans","canonical","accepted"
"name-5930","person-001953","Maaseiah","en","variant","accepted"
"name-5931","person-001953","מַעֲשֵׂיָהוּ","hbo","canonical","accepted"
"name-5932","person-001954","玛西雅","zh-hans","canonical","accepted"
"name-5933","person-001954","Maaseiah","en","variant","accepted"
"name-5934","person-001954","מַעֲשֵׂיָהוּ","hbo","canonical","accepted"
"name-5935","person-001955","玛西雅","zh-hans","canonical","accepted"
"name-5936","person-001955","Maaseiah","en","variant","accepted"
"name-5937","person-001955","מַעֲשֵׂיָהוּ","hbo","canonical","accepted"
"name-5938","person-001956","玛西雅","zh-hans","canonical","accepted"
"name-5939","person-001956","Maaseiah","en","variant","accepted"
"name-5940","person-001956","מַעֲשֵׂיָהוּ","hbo","canonical","accepted"
"name-5941","person-001957","玛西雅","zh-hans","canonical","accepted"
"name-5942","person-001957","Maaseiah","en","variant","accepted"
"name-5943","person-001957","מַעֲשֵׂיָהוּ","hbo","canonical","accepted"
"name-5944","person-001958","玛西雅","zh-hans","canonical","accepted"
"name-5945","person-001958","Maaseiah","en","variant","accepted"
"name-5946","person-001958","מַעֲשֵׂיָהוּ","hbo","canonical","accepted"
"name-5947","person-001959","玛西雅","zh-hans","canonical","accepted"
"name-5948","person-001959","Maaseiah","en","variant","accepted"
"name-5949","person-001959","מַעֲשֵׂיָהוּ","hbo","canonical","accepted"
"name-5950","person-001960","玛斯","zh-hans","canonical","accepted"
"name-5951","person-001960","Maaz","en","variant","accepted"
"name-5952","person-001960","מַ֫עַץ","hbo","canonical","accepted"
"name-5953","person-001961","玛西亚","zh-hans","canonical","accepted"
"name-5954","person-001961","Maaziah","en","variant","accepted"
"name-5955","person-001961","מַעַזְיָהוּ","hbo","canonical","accepted"
"name-5956","person-001962","玛西亚","zh-hans","canonical","accepted"
"name-5957","person-001962","Maaziah","en","variant","accepted"
"name-5958","person-001962","מַעַזְיָהוּ","hbo","canonical","accepted"
"name-5959","person-001962","מַעֲדְיָה","hbo","canonical","accepted"
"name-5960","person-001962","מוֹעַדְיָה","hbo","canonical","accepted"
"name-5961","person-001963","末巴奈","zh-hans","canonical","accepted"
"name-5962","person-001963","Machbannai","en","variant","accepted"
"name-5963","person-001963","מַכְבַּנַּי","hbo","canonical","accepted"
"name-5964","person-001964","玛基","zh-hans","canonical","accepted"
"name-5965","person-001964","Machi","en","variant","accepted"
"name-5966","person-001964","מָכִי","hbo","canonical","accepted"
"name-5967","person-001965","玛吉","zh-hans","canonical","accepted"
"name-5968","person-001965","Machir","en","variant","accepted"
"name-5969","person-001965","מָכִיר","hbo","canonical","accepted"
"name-5970","person-001966","玛吉","zh-hans","canonical","accepted"
"name-5971","person-001966","Machir","en","variant","accepted"
"name-5972","person-001966","מָכִיר","hbo","canonical","accepted"
"name-5973","person-001966","מָכִירִי","hbo","alias","accepted"
"name-5974","person-001967","玛拿底拜","zh-hans","canonical","accepted"
"name-5975","person-001967","Machnadebai","en","variant","accepted"
"name-5976","person-001967","מַכְנַדְבַי","hbo","canonical","accepted"
"name-5977","person-001968","玛代","zh-hans","canonical","accepted"
"name-5978","person-001968","Madai","en","variant","accepted"
"name-5979","person-001968","מָדַי","hbo","canonical","accepted"
"name-5980","person-001969","玛基叠","zh-hans","canonical","accepted"
"name-5981","person-001969","Magdiel","en","variant","accepted"
"name-5982","person-001969","מַגְדִּיאֵל","hbo","canonical","accepted"
"name-5983","person-001970","玛各","zh-hans","canonical","accepted"
"name-5984","person-001970","Magog","en","variant","accepted"
"name-5985","person-001970","מָגוֹג","hbo","canonical","accepted"
"name-5986","person-001971","抹比押","zh-hans","canonical","accepted"
"name-5987","person-001971","Magpiash","en","variant","accepted"
"name-5988","person-001971","מַגְפִּיעָשׁ","hbo","canonical","accepted"
"name-5989","person-000214","玛勒列","zh-hans","canonical","accepted"
"name-5990","person-001972","玛勒列","zh-hans","canonical","accepted"
"name-5991","person-001972","Mahalalel","en","variant","accepted"
"name-5992","person-001972","מַהֲלַלְאֵל","hbo","canonical","accepted"
"name-5993","person-001973","玛哈拉","zh-hans","canonical","accepted"
"name-5994","person-001973","Mahalath","en","variant","accepted"
"name-5995","person-001973","מַחֲלַת","hbo","canonical","accepted"
"name-5996","person-001974","玛哈拉","zh-hans","canonical","accepted"
"name-5997","person-001974","Mahalath","en","variant","accepted"
"name-5998","person-001974","מַחֲלַת","hbo","canonical","accepted"
"name-5999","person-001974","בָּֽשְׂמַת","hbo","canonical","accepted"
"name-6000","person-001975","玛哈莱","zh-hans","canonical","accepted"
"name-6001","person-001975","Maharai","en","variant","accepted"
"name-6002","person-001975","מַהֲרַי","hbo","canonical","accepted"
"name-6003","person-001976","玛哈","zh-hans","canonical","accepted"
"name-6004","person-001976","Mahath","en","variant","accepted"
"name-6005","person-001976","מַ֫חַת","hbo","canonical","accepted"
"name-6006","person-001977","玛哈","zh-hans","canonical","accepted"
"name-6007","person-001977","Mahath","en","variant","accepted"
"name-6008","person-001977","מַ֫חַת","hbo","canonical","accepted"
"name-6009","person-001978","玛哈秀","zh-hans","canonical","accepted"
"name-6010","person-001978","Mahazioth","en","variant","accepted"
"name-6011","person-001978","מַחֲזִיאֹת","hbo","canonical","accepted"
"name-6012","person-001979","玛黑珥·沙拉勒·哈施·罢斯","zh-hans","canonical","accepted"
"name-6013","person-001979","Maher-shalal-hash-baz","en","variant","accepted"
"name-6014","person-001979","מַהֵר שָׁלָל חָשׁ בַּז","hbo","canonical","accepted"
"name-6015","person-001980","玛拉","zh-hans","canonical","accepted"
"name-6016","person-001980","Mahlah","en","variant","accepted"
"name-6017","person-001980","מַחְלָה","hbo","canonical","accepted"
"name-6018","person-001981","玛拉","zh-hans","canonical","accepted"
"name-6019","person-001981","Mahlah","en","variant","accepted"
"name-6020","person-001981","מַחְלָה","hbo","canonical","accepted"
"name-6021","person-001982","末力","zh-hans","canonical","accepted"
"name-6022","person-001982","Mahli","en","variant","accepted"
"name-6023","person-001982","מַחְלִי","hbo","canonical","accepted"
"name-6024","person-001983","抹利","zh-hans","canonical","accepted"
"name-6025","person-001983","Mahli","en","variant","accepted"
"name-6026","person-001983","מַחְלִי","hbo","canonical","accepted"
"name-6027","person-001984","玛伦","zh-hans","canonical","accepted"
"name-6028","person-001984","Mahlon","en","variant","accepted"
"name-6029","person-001984","מַחְלוֹן","hbo","canonical","accepted"
"name-6030","person-001985","玛曷","zh-hans","canonical","accepted"
"name-6031","person-001985","Mahol","en","variant","accepted"
"name-6032","person-001985","מָחוֹל","hbo","canonical","accepted"
"name-6033","person-001986","玛西雅","zh-hans","canonical","accepted"
"name-6034","person-001986","Mahseiah","en","variant","accepted"
"name-6035","person-001986","מַחְסֵיָה","hbo","canonical","accepted"
"name-6036","person-001987","玛拉基","zh-hans","canonical","accepted"
"name-6037","person-001987","Malachi","en","variant","accepted"
"name-6038","person-001987","מַלְאָכִי","hbo","canonical","accepted"
"name-6039","person-001988","玛拉干","zh-hans","canonical","accepted"
"name-6040","person-001988","Malcam","en","variant","accepted"
"name-6041","person-001988","מַלְכָּם","hbo","canonical","accepted"
"name-6042","person-001989","麦基舒亚","zh-hans","canonical","accepted"
"name-6043","person-001989","Malchi-shua","en","variant","accepted"
"name-6044","person-001989","מַלְכִּישׁוּעַ","hbo","canonical","accepted"
"name-6045","person-001990","玛基雅","zh-hans","canonical","accepted"
"name-6046","person-001990","Malchiah","en","variant","accepted"
"name-6047","person-001990","מַלְכִּיָּהוּ","hbo","canonical","accepted"
"name-6048","person-001991","玛结","zh-hans","canonical","accepted"
"name-6049","person-001991","Malchiel","en","variant","accepted"
"name-6050","person-001991","מַלְכִּיאֵל","hbo","canonical","accepted"
"name-6051","person-001991","מַלְכִּיאֵלִי","hbo","alias","accepted"
"name-6052","person-001992","玛基雅","zh-hans","canonical","accepted"
"name-6053","person-001992","Malchijah","en","variant","accepted"
"name-6054","person-001992","מַלְכִּיָּהוּ","hbo","canonical","accepted"
"name-6055","person-001993","玛基雅","zh-hans","canonical","accepted"
"name-6056","person-001993","Malchijah","en","variant","accepted"
"name-6057","person-001993","מַלְכִּיָּהוּ","hbo","canonical","accepted"
"name-6058","person-001994","玛基雅","zh-hans","canonical","accepted"
"name-6059","person-001994","Malchijah","en","variant","accepted"
"name-6060","person-001994","מַלְכִּיָּהוּ","hbo","canonical","accepted"
"name-6061","person-001995","玛基雅","zh-hans","canonical","accepted"
"name-6062","person-001995","Malchijah","en","variant","accepted"
"name-6063","person-001995","מַלְכִּיָּהוּ","hbo","canonical","accepted"
"name-6064","person-001996","玛基雅","zh-hans","canonical","accepted"
"name-6065","person-001996","Malchijah","en","variant","accepted"
"name-6066","person-001996","מַלְכִּיָּהוּ","hbo","canonical","accepted"
"name-6067","person-001997","玛基雅","zh-hans","canonical","accepted"
"name-6068","person-001997","Malchijah","en","variant","accepted"
"name-6069","person-001997","מַלְכִּיָּהוּ","hbo","canonical","accepted"
"name-6070","person-001998","玛基雅","zh-hans","canonical","accepted"
"name-6071","person-001998","Malchijah","en","variant","accepted"
"name-6072","person-001998","מַלְכִּיָּהוּ","hbo","canonical","accepted"
"name-6073","person-001999","玛基雅","zh-hans","canonical","accepted"
"name-6074","person-001999","Malchijah","en","variant","accepted"
"name-6075","person-001999","מַלְכִּיָּהוּ","hbo","canonical","accepted"
"name-6076","person-002000","玛基雅","zh-hans","canonical","accepted"
"name-6077","person-002000","Malchijah","en","variant","accepted"
"name-6078","person-002000","מַלְכִּיָּהוּ","hbo","canonical","accepted"
"name-6079","person-002001","玛基雅","zh-hans","canonical","accepted"
"name-6080","person-002001","Malchijah","en","variant","accepted"
"name-6081","person-002001","מַלְכִּיָּהוּ","hbo","canonical","accepted"
"name-6082","person-002002","玛基雅","zh-hans","canonical","accepted"
"name-6083","person-002002","Malchijah","en","variant","accepted"
"name-6084","person-002002","מַלְכִּיָּהוּ","hbo","canonical","accepted"
"name-6085","person-002003","玛基雅","zh-hans","canonical","accepted"
"name-6086","person-002003","Malchijah","en","variant","accepted"
"name-6087","person-002003","מַלְכִּיָּהוּ","hbo","canonical","accepted"
"name-6088","person-002004","玛基兰","zh-hans","canonical","accepted"
"name-6089","person-002004","Malchiram","en","variant","accepted"
"name-6090","person-002004","מַלְכִּירָם","hbo","canonical","accepted"
"name-6091","person-002005","玛罗提","zh-hans","canonical","accepted"
"name-6092","person-002005","Mallothi","en","variant","accepted"
"name-6093","person-002005","מַלּוֹתִי","hbo","canonical","accepted"
"name-6094","person-002006","玛鹿","zh-hans","canonical","accepted"
"name-6095","person-002006","Malluch","en","variant","accepted"
"name-6096","person-002006","מַלּוּךְ","hbo","canonical","accepted"
"name-6097","person-002007","玛鹿","zh-hans","canonical","accepted"
"name-6098","person-002007","Malluch","en","variant","accepted"
"name-6099","person-002007","מַלּוּךְ","hbo","canonical","accepted"
"name-6100","person-002008","玛鹿","zh-hans","canonical","accepted"
"name-6101","person-002008","Malluch","en","variant","accepted"
"name-6102","person-002008","מַלּוּךְ","hbo","canonical","accepted"
"name-6103","person-002009","玛鹿","zh-hans","canonical","accepted"
"name-6104","person-002009","Malluch","en","variant","accepted"
"name-6105","person-002009","מַלּוּךְ","hbo","canonical","accepted"
"name-6106","person-002010","玛鹿","zh-hans","canonical","accepted"
"name-6107","person-002010","Malluch","en","variant","accepted"
"name-6108","person-002010","מַלּוּךְ","hbo","canonical","accepted"
"name-6109","person-002010","מְלוּכִי","hbo","variant","accepted"
"name-6110","person-002011","幔利","zh-hans","canonical","accepted"
"name-6111","person-002011","Mamre","en","variant","accepted"
"name-6112","person-002011","מַמְרֵא","hbo","canonical","accepted"
"name-6113","person-002012","玛拿辖","zh-hans","canonical","accepted"
"name-6114","person-002012","Manahath","en","variant","accepted"
"name-6115","person-002012","מָנַ֫חַת","hbo","canonical","accepted"
"name-6116","person-002012","חֲצִי הַמְּנַחְתִּי","hbo","alias","accepted"
"name-6117","person-002012","מָנַ֫חַת+H2677=חֲצִי","hbo","alias","accepted"
"name-6118","person-000217","玛拿西","zh-hans","canonical","accepted"
"name-6119","person-002013","玛拿西","zh-hans","canonical","accepted"
"name-6120","person-002013","Manasseh","en","variant","accepted"
"name-6121","person-002013","מְנַשֶּׁה","hbo","canonical","accepted"
"name-6122","person-002014","玛拿西","zh-hans","canonical","accepted"
"name-6123","person-002014","Manasseh","en","variant","accepted"
"name-6124","person-002014","מְנַשֶּׁה","hbo","canonical","accepted"
"name-6125","person-002015","玛拿西","zh-hans","canonical","accepted"
"name-6126","person-002015","Manasseh","en","variant","accepted"
"name-6127","person-002015","מְנַשֶּׁה","hbo","canonical","accepted"
"name-6128","person-002015","מְנַשִּׁי","hbo","alias","accepted"
"name-6129","person-002015","Μανασσῆς","grc","alias","accepted"
"name-6130","person-002016","玛挪亚","zh-hans","canonical","accepted"
"name-6131","person-002016","Manoah","en","variant","accepted"
"name-6132","person-002016","מָנוֹחַ","hbo","canonical","accepted"
"name-6133","person-002017","玛俄","zh-hans","canonical","accepted"
"name-6134","person-002017","Maoch","en","variant","accepted"
"name-6135","person-002017","מָעוֹךְ","hbo","canonical","accepted"
"name-6136","person-002017","מַעֲכָה","hbo","canonical","accepted"
"name-6137","person-002018","玛云","zh-hans","canonical","accepted"
"name-6138","person-002018","Maon","en","variant","accepted"
"name-6139","person-002018","מָעוֹן","hbo","canonical","accepted"
"name-6140","person-002019","玛利沙","zh-hans","canonical","accepted"
"name-6141","person-002019","Mareshah","en","variant","accepted"
"name-6142","person-002019","מָרֵשָׁה","hbo","canonical","accepted"
"name-6143","person-002020","玛西拿","zh-hans","canonical","accepted"
"name-6144","person-002020","Marsena","en","variant","accepted"
"name-6145","person-002020","מַרְסְנָא","hbo","canonical","accepted"
"name-6146","person-002021","玛施","zh-hans","canonical","accepted"
"name-6147","person-002021","Mash","en","variant","accepted"
"name-6148","person-002021","מַשׁ","hbo","canonical","accepted"
"name-6149","person-002021","מֶ֫שֶׁךְ","hbo","canonical","accepted"
"name-6150","person-002022","玛撒","zh-hans","canonical","accepted"
"name-6151","person-002022","Massa","en","variant","accepted"
"name-6152","person-002022","מַשָּׂא","hbo","canonical","accepted"
"name-6153","person-002023","玛特列","zh-hans","canonical","accepted"
"name-6154","person-002023","Matred","en","variant","accepted"
"name-6155","person-002023","מַטְרֵד","hbo","canonical","accepted"
"name-6156","person-002024","玛特利","zh-hans","canonical","accepted"
"name-6157","person-002024","Matri","en","variant","accepted"
"name-6158","person-002024","מַטְרִי","hbo","canonical","accepted"
"name-6159","person-002025","玛坦","zh-hans","canonical","accepted"
"name-6160","person-002025","Mattan","en","variant","accepted"
"name-6161","person-002025","מַתָּן","hbo","canonical","accepted"
"name-6162","person-002026","玛坦","zh-hans","canonical","accepted"
"name-6163","person-002026","Mattan","en","variant","accepted"
"name-6164","person-002026","מַתָּן","hbo","canonical","accepted"
"name-6165","person-002027","玛探雅","zh-hans","canonical","accepted"
"name-6166","person-002027","Mattaniah","en","variant","accepted"
"name-6167","person-002027","מַתַּנְיָ֫הוּ","hbo","canonical","accepted"
"name-6168","person-002028","玛探雅","zh-hans","canonical","accepted"
"name-6169","person-002028","Mattaniah","en","variant","accepted"
"name-6170","person-002028","מַתַּנְיָ֫הוּ","hbo","canonical","accepted"
"name-6171","person-002029","玛探雅","zh-hans","canonical","accepted"
"name-6172","person-002029","Mattaniah","en","variant","accepted"
"name-6173","person-002029","מַתַּנְיָ֫הוּ","hbo","canonical","accepted"
"name-6174","person-002030","玛探雅","zh-hans","canonical","accepted"
"name-6175","person-002030","Mattaniah","en","variant","accepted"
"name-6176","person-002030","מַתַּנְיָ֫הוּ","hbo","canonical","accepted"
"name-6177","person-002031","玛他尼","zh-hans","canonical","accepted"
"name-6178","person-002031","Mattaniah","en","variant","accepted"
"name-6179","person-002031","מַתַּנְיָ֫הוּ","hbo","canonical","accepted"
"name-6180","person-002032","玛他尼","zh-hans","canonical","accepted"
"name-6181","person-002032","Mattaniah","en","variant","accepted"
"name-6182","person-002032","מַתַּנְיָ֫הוּ","hbo","canonical","accepted"
"name-6183","person-002033","玛他尼","zh-hans","canonical","accepted"
"name-6184","person-002033","Mattaniah","en","variant","accepted"
"name-6185","person-002033","מַתַּנְיָ֫הוּ","hbo","canonical","accepted"
"name-6186","person-002034","玛他尼","zh-hans","canonical","accepted"
"name-6187","person-002034","Mattaniah","en","variant","accepted"
"name-6188","person-002034","מַתַּנְיָ֫הוּ","hbo","canonical","accepted"
"name-6189","person-002035","玛他尼","zh-hans","canonical","accepted"
"name-6190","person-002035","Mattaniah","en","variant","accepted"
"name-6191","person-002035","מַתַּנְיָ֫הוּ","hbo","canonical","accepted"
"name-6192","person-002036","玛他尼","zh-hans","canonical","accepted"
"name-6193","person-002036","Mattaniah","en","variant","accepted"
"name-6194","person-002036","מַתַּנְיָ֫הוּ","hbo","canonical","accepted"
"name-6195","person-002037","玛达他","zh-hans","canonical","accepted"
"name-6196","person-002037","Mattattah","en","variant","accepted"
"name-6197","person-002037","מַתַּתָּה","hbo","canonical","accepted"
"name-6198","person-002038","玛特乃","zh-hans","canonical","accepted"
"name-6199","person-002038","Mattenai","en","variant","accepted"
"name-6200","person-002038","מַתְּנַי","hbo","canonical","accepted"
"name-6201","person-002039","玛特乃","zh-hans","canonical","accepted"
"name-6202","person-002039","Mattenai","en","variant","accepted"
"name-6203","person-002039","מַתְּנַי","hbo","canonical","accepted"
"name-6204","person-002040","玛特乃","zh-hans","canonical","accepted"
"name-6205","person-002040","Mattenai","en","variant","accepted"
"name-6206","person-002040","מַתְּנַי","hbo","canonical","accepted"
"name-6207","person-002041","玛他提雅","zh-hans","canonical","accepted"
"name-6208","person-002041","Mattithiah","en","variant","accepted"
"name-6209","person-002041","מַתִּתְיָ֫הוּ","hbo","canonical","accepted"
"name-6210","person-002042","玛他提雅","zh-hans","canonical","accepted"
"name-6211","person-002042","Mattithiah","en","variant","accepted"
"name-6212","person-002042","מַתִּתְיָ֫הוּ","hbo","canonical","accepted"
"name-6213","person-002043","玛他提雅","zh-hans","canonical","accepted"
"name-6214","person-002043","Mattithiah","en","variant","accepted"
"name-6215","person-002043","מַתִּתְיָ֫הוּ","hbo","canonical","accepted"
"name-6216","person-002044","玛他提雅","zh-hans","canonical","accepted"
"name-6217","person-002044","Mattithiah","en","variant","accepted"
"name-6218","person-002044","מַתִּתְיָ֫הוּ","hbo","canonical","accepted"
"name-6219","person-002045","米达","zh-hans","canonical","accepted"
"name-6220","person-002045","Medad","en","variant","accepted"
"name-6221","person-002045","מֵידָד","hbo","canonical","accepted"
"name-6222","person-002046","米但","zh-hans","canonical","accepted"
"name-6223","person-002046","Medan","en","variant","accepted"
"name-6224","person-002046","מְדָן","hbo","canonical","accepted"
"name-6225","person-002047","米希她别","zh-hans","canonical","accepted"
"name-6226","person-002047","Mehetabel","en","variant","accepted"
"name-6227","person-002047","מְהֵיטַבְאֵל","hbo","canonical","accepted"
"name-6228","person-002048","米希大别","zh-hans","canonical","accepted"
"name-6229","person-002048","Mehetabel","en","variant","accepted"
"name-6230","person-002048","מְהֵיטַבְאֵל","hbo","canonical","accepted"
"name-6231","person-002049","米希大","zh-hans","canonical","accepted"
"name-6232","person-002049","Mehida","en","variant","accepted"
"name-6233","person-002049","מְחִידָא","hbo","canonical","accepted"
"name-6234","person-002050","米黑","zh-hans","canonical","accepted"
"name-6235","person-002050","Mehir","en","variant","accepted"
"name-6236","person-002050","מְחִיר","hbo","canonical","accepted"
"name-6237","person-002051","米户雅利","zh-hans","canonical","accepted"
"name-6238","person-002051","Mehujael","en","variant","accepted"
"name-6239","person-002051","מְחוּיָאֵל","hbo","canonical","accepted"
"name-6240","person-002052","米户幔","zh-hans","canonical","accepted"
"name-6241","person-002052","Mehuman","en","variant","accepted"
"name-6242","person-002052","מְהוּמָן","hbo","canonical","accepted"
"name-6243","person-002053","米拉提","zh-hans","canonical","accepted"
"name-6244","person-002053","Melatiah","en","variant","accepted"
"name-6245","person-002053","מְלַטְיָה","hbo","canonical","accepted"
"name-6246","person-000237","麦基洗德","zh-hans","canonical","accepted"
"name-6247","person-002054","米勒","zh-hans","canonical","accepted"
"name-6248","person-002054","Melech","en","variant","accepted"
"name-6249","person-002054","מֶ֫לֶךְ","hbo","canonical","accepted"
"name-6250","person-002055","米母干","zh-hans","canonical","accepted"
"name-6251","person-002055","Memucan","en","variant","accepted"
"name-6252","person-002055","מְמוּכָן","hbo","canonical","accepted"
"name-6253","person-002056","米拿现","zh-hans","canonical","accepted"
"name-6254","person-002056","Menahem","en","variant","accepted"
"name-6255","person-002056","מְנַחֵם","hbo","canonical","accepted"
"name-6256","person-002057","悯挪太","zh-hans","canonical","accepted"
"name-6257","person-002057","Meonothai","en","variant","accepted"
"name-6258","person-002057","מְעוֹנֹתַי","hbo","canonical","accepted"
"name-6259","person-002058","米非波设","zh-hans","canonical","accepted"
"name-6260","person-002058","Mephibosheth","en","variant","accepted"
"name-6261","person-002058","מְפִיבֹשֶׁת","hbo","canonical","accepted"
"name-6262","person-002059","米非波设","zh-hans","canonical","accepted"
"name-6263","person-002059","Mephibosheth","en","variant","accepted"
"name-6264","person-002059","מְפִיבֹשֶׁת","hbo","canonical","accepted"
"name-6265","person-002059","מְרִיב בַּ֫עַל","hbo","canonical","accepted"
"name-6266","person-002059","מְרִי בַעַל","hbo","variant","accepted"
"name-6267","person-002060","米拉","zh-hans","canonical","accepted"
"name-6268","person-002060","Merab","en","variant","accepted"
"name-6269","person-002060","מֵרָב","hbo","canonical","accepted"
"name-6270","person-002060","מִיכַל","hbo","variant","accepted"
"name-6271","person-002061","米拉雅","zh-hans","canonical","accepted"
"name-6272","person-002061","Meraiah","en","variant","accepted"
"name-6273","person-002061","מְרָיָה","hbo","canonical","accepted"
"name-6274","person-002062","米拉约","zh-hans","canonical","accepted"
"name-6275","person-002062","Meraioth","en","variant","accepted"
"name-6276","person-002062","מְרָיוֹת","hbo","canonical","accepted"
"name-6277","person-002063","米拉利","zh-hans","canonical","accepted"
"name-6278","person-002063","Merari","en","variant","accepted"
"name-6279","person-002063","מְרָרִי","hbo","canonical","accepted"
"name-6280","person-002064","米列","zh-hans","canonical","accepted"
"name-6281","person-002064","Mered","en","variant","accepted"
"name-6282","person-002064","מֶ֫רֶד","hbo","canonical","accepted"
"name-6283","person-002065","米利末","zh-hans","canonical","accepted"
"name-6284","person-002065","Meremoth","en","variant","accepted"
"name-6285","person-002065","מְרֵמוֹת","hbo","canonical","accepted"
"name-6286","person-002066","米利末","zh-hans","canonical","accepted"
"name-6287","person-002066","Meremoth","en","variant","accepted"
"name-6288","person-002066","מְרֵמוֹת","hbo","canonical","accepted"
"name-6289","person-002066","מְרָיוֹת","hbo","canonical","accepted"
"name-6290","person-002067","米力","zh-hans","canonical","accepted"
"name-6291","person-002067","Meres","en","variant","accepted"
"name-6292","person-002067","מֶ֫רֶס","hbo","canonical","accepted"
"name-6293","person-002068","米罗达·巴拉但","zh-hans","canonical","accepted"
"name-6294","person-002068","Merodach-baladan","en","variant","accepted"
"name-6295","person-002068","מְרֹדַךְ בַּלְאֲדָן","hbo","canonical","accepted"
"name-6296","person-002068","בְּרֹאדַךְ בַּלְאֲדָן","hbo","variant","accepted"
"name-6297","person-002069","米沙","zh-hans","canonical","accepted"
"name-6298","person-002069","Mesha","en","variant","accepted"
"name-6299","person-002069","מֵישָׁע","hbo","canonical","accepted"
"name-6300","person-002070","米沙","zh-hans","canonical","accepted"
"name-6301","person-002070","Mesha","en","variant","accepted"
"name-6302","person-002070","מֵישָׁא","hbo","canonical","accepted"
"name-6303","person-002071","米沙","zh-hans","canonical","accepted"
"name-6304","person-002071","Mesha","en","variant","accepted"
"name-6305","person-002071","מֵישַׁע","hbo","canonical","accepted"
"name-6306","person-002072","米设","zh-hans","canonical","accepted"
"name-6307","person-002072","Meshech","en","variant","accepted"
"name-6308","person-002072","מֶ֫שֶׁךְ","hbo","canonical","accepted"
"name-6309","person-002073","米施利米雅","zh-hans","canonical","accepted"
"name-6310","person-002073","Meshelemiah","en","variant","accepted"
"name-6311","person-002073","מְשֶׁלֶמְיָהוּ","hbo","canonical","accepted"
"name-6312","person-002073","שֶׁלֶמְיָהוּ","hbo","canonical","accepted"
"name-6313","person-002074","米示萨别","zh-hans","canonical","accepted"
"name-6314","person-002074","Meshezabel","en","variant","accepted"
"name-6315","person-002074","מְשֵׁיזַבְאֵל","hbo","canonical","accepted"
"name-6316","person-002075","米示萨别","zh-hans","canonical","accepted"
"name-6317","person-002075","Meshezabel","en","variant","accepted"
"name-6318","person-002075","מְשֵׁיזַבְאֵל","hbo","canonical","accepted"
"name-6319","person-002076","米示萨别","zh-hans","canonical","accepted"
"name-6320","person-002076","Meshezabel","en","variant","accepted"
"name-6321","person-002076","מְשֵׁיזַבְאֵל","hbo","canonical","accepted"
"name-6322","person-002077","米实利密","zh-hans","canonical","accepted"
"name-6323","person-002077","Meshillemith","en","variant","accepted"
"name-6324","person-002077","מְשִׁלֵּמִית","hbo","canonical","accepted"
"name-6325","person-002077","מְשִׁלֵּמוֹת","hbo","canonical","accepted"
"name-6326","person-002078","米实利末","zh-hans","canonical","accepted"
"name-6327","person-002078","Meshillemoth","en","variant","accepted"
"name-6328","person-002078","מְשִׁלֵּמוֹת","hbo","canonical","accepted"
"name-6329","person-002079","米所巴","zh-hans","canonical","accepted"
"name-6330","person-002079","Meshobab","en","variant","accepted"
"name-6331","person-002079","מְשׁוֹבָב","hbo","canonical","accepted"
"name-6332","person-002080","米书兰","zh-hans","canonical","accepted"
"name-6333","person-002080","Meshullam","en","variant","accepted"
"name-6334","person-002080","מְשֻׁלָּם","hbo","canonical","accepted"
"name-6335","person-002081","米书兰","zh-hans","canonical","accepted"
"name-6336","person-002081","Meshullam","en","variant","accepted"
"name-6337","person-002081","מְשֻׁלָּם","hbo","canonical","accepted"
"name-6338","person-002082","米书兰","zh-hans","canonical","accepted"
"name-6339","person-002082","Meshullam","en","variant","accepted"
"name-6340","person-002082","מְשֻׁלָּם","hbo","canonical","accepted"
"name-6341","person-002083","米书兰","zh-hans","canonical","accepted"
"name-6342","person-002083","Meshullam","en","variant","accepted"
"name-6343","person-002083","מְשֻׁלָּם","hbo","canonical","accepted"
"name-6344","person-002083","אַחְזַי","hbo","canonical","accepted"
"name-6345","person-002084","米书兰","zh-hans","canonical","accepted"
"name-6346","person-002084","Meshullam","en","variant","accepted"
"name-6347","person-002084","מְשֻׁלָּם","hbo","canonical","accepted"
"name-6348","person-002085","米书兰","zh-hans","canonical","accepted"
"name-6349","person-002085","Meshullam","en","variant","accepted"
"name-6350","person-002085","מְשֻׁלָּם","hbo","canonical","accepted"
"name-6351","person-002086","米书兰","zh-hans","canonical","accepted"
"name-6352","person-002086","Meshullam","en","variant","accepted"
"name-6353","person-002086","מְשֻׁלָּם","hbo","canonical","accepted"
"name-6354","person-002087","米书兰","zh-hans","canonical","accepted"
"name-6355","person-002087","Meshullam","en","variant","accepted"
"name-6356","person-002087","מְשֻׁלָּם","hbo","canonical","accepted"
"name-6357","person-002088","米书兰","zh-hans","canonical","accepted"
"name-6358","person-002088","Meshullam","en","variant","accepted"
"name-6359","person-002088","מְשֻׁלָּם","hbo","canonical","accepted"
"name-6360","person-002089","米书兰","zh-hans","canonical","accepted"
"name-6361","person-002089","Meshullam","en","variant","accepted"
"name-6362","person-002089","מְשֻׁלָּם","hbo","canonical","accepted"
"name-6363","person-002090","米书兰","zh-hans","canonical","accepted"
"name-6364","person-002090","Meshullam","en","variant","accepted"
"name-6365","person-002090","מְשֻׁלָּם","hbo","canonical","accepted"
"name-6366","person-002091","米书兰","zh-hans","canonical","accepted"
"name-6367","person-002091","Meshullam","en","variant","accepted"
"name-6368","person-002091","מְשֻׁלָּם","hbo","canonical","accepted"
"name-6369","person-002092","米书兰","zh-hans","canonical","accepted"
"name-6370","person-002092","Meshullam","en","variant","accepted"
"name-6371","person-002092","מְשֻׁלָּם","hbo","canonical","accepted"
"name-6372","person-002093","米书兰","zh-hans","canonical","accepted"
"name-6373","person-002093","Meshullam","en","variant","accepted"
"name-6374","person-002093","מְשֻׁלָּם","hbo","canonical","accepted"
"name-6375","person-002094","米书兰","zh-hans","canonical","accepted"
"name-6376","person-002094","Meshullam","en","variant","accepted"
"name-6377","person-002094","מְשֻׁלָּם","hbo","canonical","accepted"
"name-6378","person-002095","米书兰","zh-hans","canonical","accepted"
"name-6379","person-002095","Meshullam","en","variant","accepted"
"name-6380","person-002095","מְשֻׁלָּם","hbo","canonical","accepted"
"name-6381","person-002096","米书兰","zh-hans","canonical","accepted"
"name-6382","person-002096","Meshullam","en","variant","accepted"
"name-6383","person-002096","מְשֻׁלָּם","hbo","canonical","accepted"
"name-6384","person-002097","米书兰","zh-hans","canonical","accepted"
"name-6385","person-002097","Meshullam","en","variant","accepted"
"name-6386","person-002097","מְשֻׁלָּם","hbo","canonical","accepted"
"name-6387","person-002098","米书兰","zh-hans","canonical","accepted"
"name-6388","person-002098","Meshullam","en","variant","accepted"
"name-6389","person-002098","מְשֻׁלָּם","hbo","canonical","accepted"
"name-6390","person-002099","米书兰","zh-hans","canonical","accepted"
"name-6391","person-002099","Meshullam","en","variant","accepted"
"name-6392","person-002099","מְשֻׁלָּם","hbo","canonical","accepted"
"name-6393","person-002100","米舒利密","zh-hans","canonical","accepted"
"name-6394","person-002100","Meshullemeth","en","variant","accepted"
"name-6395","person-002100","מְשֻׁלֶּ֫מֶת","hbo","canonical","accepted"
"name-6396","person-000240","玛土撒拉","zh-hans","canonical","accepted"
"name-6397","person-002101","玛土撒利","zh-hans","canonical","accepted"
"name-6398","person-002101","Methushael","en","variant","accepted"
"name-6399","person-002101","מְתוּשָׁאֵל","hbo","canonical","accepted"
"name-6400","person-002102","米·萨合","zh-hans","canonical","accepted"
"name-6401","person-002102","Mezahab","en","variant","accepted"
"name-6402","person-002102","מֵי זָהָב","hbo","canonical","accepted"
"name-6403","person-002103","弥伯哈","zh-hans","canonical","accepted"
"name-6404","person-002103","Mibhar","en","variant","accepted"
"name-6405","person-002103","מִבְחָר","hbo","canonical","accepted"
"name-6406","person-002104","米比衫","zh-hans","canonical","accepted"
"name-6407","person-002104","Mibsam","en","variant","accepted"
"name-6408","person-002104","מִבְשָׂם","hbo","canonical","accepted"
"name-6409","person-002105","米比衫","zh-hans","canonical","accepted"
"name-6410","person-002105","Mibsam","en","variant","accepted"
"name-6411","person-002105","מִבְשָׂם","hbo","canonical","accepted"
"name-6412","person-002106","米比萨","zh-hans","canonical","accepted"
"name-6413","person-002106","Mibzar","en","variant","accepted"
"name-6414","person-002106","מִבְצָר","hbo","canonical","accepted"
"name-6415","person-002107","米迦","zh-hans","canonical","accepted"
"name-6416","person-002107","Mica","en","variant","accepted"
"name-6417","person-002107","מִיכָא","hbo","canonical","accepted"
"name-6418","person-002107","מִיכָה","hbo","canonical","accepted"
"name-6419","person-002108","米迦","zh-hans","canonical","accepted"
"name-6420","person-002108","Mica","en","variant","accepted"
"name-6421","person-002108","מִיכָא","hbo","canonical","accepted"
"name-6422","person-002109","米迦","zh-hans","canonical","accepted"
"name-6423","person-002109","Mica","en","variant","accepted"
"name-6424","person-002109","מִיכָא","hbo","canonical","accepted"
"name-6425","person-002109","מִיכָיָה","hbo","canonical","accepted"
"name-6426","person-002110","米迦","zh-hans","canonical","accepted"
"name-6427","person-002110","Micah","en","variant","accepted"
"name-6428","person-002110","מִיכָה","hbo","canonical","accepted"
"name-6429","person-002111","米迦","zh-hans","canonical","accepted"
"name-6430","person-002111","Micah","en","variant","accepted"
"name-6431","person-002111","מִיכָה","hbo","canonical","accepted"
"name-6432","person-002112","米迦","zh-hans","canonical","accepted"
"name-6433","person-002112","Micah","en","variant","accepted"
"name-6434","person-002112","מִיכָה","hbo","canonical","accepted"
"name-6435","person-002112","מִיכָא","hbo","canonical","accepted"
"name-6436","person-002113","米迦","zh-hans","canonical","accepted"
"name-6437","person-002113","Micah","en","variant","accepted"
"name-6438","person-002113","מִיכָה","hbo","canonical","accepted"
"name-6439","person-002113","מִיכָֽיְהוּ","hbo","variant","accepted"
"name-6440","person-002114","弥迦","zh-hans","canonical","accepted"
"name-6441","person-002114","Micah","en","variant","accepted"
"name-6442","person-002114","מִיכָה","hbo","canonical","accepted"
"name-6443","person-002114","מִיכָיָה","hbo","variant","accepted"
"name-6444","person-002115","米该雅","zh-hans","canonical","accepted"
"name-6445","person-002115","Micaiah","en","variant","accepted"
"name-6446","person-002115","מִיכָֽיְהוּ","hbo","canonical","accepted"
"name-6447","person-002115","מִיכָהוּ","hbo","variant","accepted"
"name-6448","person-002115","מִיכָה","hbo","canonical","accepted"
"name-6449","person-002116","米该亚","zh-hans","canonical","accepted"
"name-6450","person-002116","Micaiah","en","variant","accepted"
"name-6451","person-002116","מִיכָיָ֫הוּ","hbo","canonical","accepted"
"name-6452","person-002117","米该亚","zh-hans","canonical","accepted"
"name-6453","person-002117","Micaiah","en","variant","accepted"
"name-6454","person-002117","מִיכָיָה","hbo","canonical","accepted"
"name-6455","person-002117","מִיכָה","hbo","canonical","accepted"
"name-6456","person-002118","米该亚","zh-hans","canonical","accepted"
"name-6457","person-002118","Micaiah","en","variant","accepted"
"name-6458","person-002118","מִיכָֽיְהוּ","hbo","canonical","accepted"
"name-6459","person-002119","米该雅","zh-hans","canonical","accepted"
"name-6460","person-002119","Micaiah","en","variant","accepted"
"name-6461","person-002119","מִיכָיָה","hbo","canonical","accepted"
"name-6462","person-002120","米甲","zh-hans","canonical","accepted"
"name-6463","person-002120","Michal","en","variant","accepted"
"name-6464","person-002120","מִיכַל","hbo","canonical","accepted"
"name-6465","person-002121","米基立","zh-hans","canonical","accepted"
"name-6466","person-002121","Michri","en","variant","accepted"
"name-6467","person-002121","מִכְרִי","hbo","canonical","accepted"
"name-6468","person-002122","米甸","zh-hans","canonical","accepted"
"name-6469","person-002122","Midian","en","variant","accepted"
"name-6470","person-002122","מִדְיָן","hbo","canonical","accepted"
"name-6471","person-002123","米雅民","zh-hans","canonical","accepted"
"name-6472","person-002123","Mijamin","en","variant","accepted"
"name-6473","person-002123","מִיָּמִן","hbo","canonical","accepted"
"name-6474","person-002124","米雅民","zh-hans","canonical","accepted"
"name-6475","person-002124","Mijamin","en","variant","accepted"
"name-6476","person-002124","מִיָּמִן","hbo","canonical","accepted"
"name-6477","person-002125","米雅民","zh-hans","canonical","accepted"
"name-6478","person-002125","Mijamin","en","variant","accepted"
"name-6479","person-002125","מִיָּמִן","hbo","canonical","accepted"
"name-6480","person-002125","מִנְיָמִין","hbo","canonical","accepted"
"name-6481","person-002126","密基罗","zh-hans","canonical","accepted"
"name-6482","person-002126","Mikloth","en","variant","accepted"
"name-6483","person-002126","מִקְלוֹת","hbo","canonical","accepted"
"name-6484","person-002127","米基罗","zh-hans","canonical","accepted"
"name-6485","person-002127","Mikloth","en","variant","accepted"
"name-6486","person-002127","מִקְלוֹת","hbo","canonical","accepted"
"name-6487","person-002128","弥克尼雅","zh-hans","canonical","accepted"
"name-6488","person-002128","Mikneiah","en","variant","accepted"
"name-6489","person-002128","מִקְנֵיָ֫הוּ","hbo","canonical","accepted"
"name-6490","person-002129","米拉莱","zh-hans","canonical","accepted"
"name-6491","person-002129","Milalai","en","variant","accepted"
"name-6492","person-002129","מִֽלֲלַי","hbo","canonical","accepted"
"name-6493","person-002130","密迦","zh-hans","canonical","accepted"
"name-6494","person-002130","Milcah","en","variant","accepted"
"name-6495","person-002130","מִלְכָּה","hbo","canonical","accepted"
"name-6496","person-002131","密迦","zh-hans","canonical","accepted"
"name-6497","person-002131","Milcah","en","variant","accepted"
"name-6498","person-002131","מִלְכָּה","hbo","canonical","accepted"
"name-6499","person-002132","珉雅珉","zh-hans","canonical","accepted"
"name-6500","person-002132","Miniamin","en","variant","accepted"
"name-6501","person-002132","מִנְיָמִין","hbo","canonical","accepted"
"name-6502","person-002133","米拿民","zh-hans","canonical","accepted"
"name-6503","person-002133","Miniamin","en","variant","accepted"
"name-6504","person-002133","מִנְיָמִין","hbo","canonical","accepted"
"name-6505","person-002134","米利暗","zh-hans","canonical","accepted"
"name-6506","person-002134","Miriam","en","variant","accepted"
"name-6507","person-002134","מִרְיָם","hbo","canonical","accepted"
"name-6508","person-002135","米利暗","zh-hans","canonical","accepted"
"name-6509","person-002135","Miriam","en","variant","accepted"
"name-6510","person-002135","מִרְיָם","hbo","canonical","accepted"
"name-6511","person-002136","米玛","zh-hans","canonical","accepted"
"name-6512","person-002136","Mirmah","en","variant","accepted"
"name-6513","person-002136","מִרְמָה","hbo","canonical","accepted"
"name-6514","person-002137","米煞","zh-hans","canonical","accepted"
"name-6515","person-002137","Mishael","en","variant","accepted"
"name-6516","person-002137","מִישָׁאֵל","hbo","canonical","accepted"
"name-6517","person-002137","מֵישַׁךְ","hbo","alias","accepted"
"name-6518","person-002138","米沙利","zh-hans","canonical","accepted"
"name-6519","person-002138","Mishael","en","variant","accepted"
"name-6520","person-002138","מִישָׁאֵל","hbo","canonical","accepted"
"name-6521","person-002139","米沙利","zh-hans","canonical","accepted"
"name-6522","person-002139","Mishael","en","variant","accepted"
"name-6523","person-002139","מִישָׁאֵל","hbo","canonical","accepted"
"name-6524","person-002140","米珊","zh-hans","canonical","accepted"
"name-6525","person-002140","Misham","en","variant","accepted"
"name-6526","person-002140","מִשְׁעָם","hbo","canonical","accepted"
"name-6527","person-002141","米施玛","zh-hans","canonical","accepted"
"name-6528","person-002141","Mishma","en","variant","accepted"
"name-6529","person-002141","מִשְׁמָע","hbo","canonical","accepted"
"name-6530","person-002142","米施玛","zh-hans","canonical","accepted"
"name-6531","person-002142","Mishma","en","variant","accepted"
"name-6532","person-002142","מִשְׁמָע","hbo","canonical","accepted"
"name-6533","person-002143","弥施玛拿","zh-hans","canonical","accepted"
"name-6534","person-002143","Mishmannah","en","variant","accepted"
"name-6535","person-002143","מִשְׁמַנָּה","hbo","canonical","accepted"
"name-6536","person-002144","米斯拔","zh-hans","canonical","accepted"
"name-6537","person-002144","Mispar","en","variant","accepted"
"name-6538","person-002144","מִסְפָּר","hbo","canonical","accepted"
"name-6539","person-002144","מִסְפֶּרֶת","hbo","canonical","accepted"
"name-6540","person-002145","米提利达","zh-hans","canonical","accepted"
"name-6541","person-002145","Mithredath","en","variant","accepted"
"name-6542","person-002145","מִתְרְדָת","hbo","canonical","accepted"
"name-6543","person-002146","米特利达","zh-hans","canonical","accepted"
"name-6544","person-002146","Mithredath","en","variant","accepted"
"name-6545","person-002146","מִתְרְדָת","hbo","canonical","accepted"
"name-6546","person-002147","米撒","zh-hans","canonical","accepted"
"name-6547","person-002147","Mizzah","en","variant","accepted"
"name-6548","person-002147","מִזָּה","hbo","canonical","accepted"
"name-6549","person-002148","摩押","zh-hans","canonical","accepted"
"name-6550","person-002148","Moab","en","variant","accepted"
"name-6551","person-002148","מוֹאָב","hbo","canonical","accepted"
"name-6552","person-002149","摩利","zh-hans","canonical","accepted"
"name-6553","person-002149","Molid","en","variant","accepted"
"name-6554","person-002149","מוֹלִיד","hbo","canonical","accepted"
"name-6555","person-002150","末底改","zh-hans","canonical","accepted"
"name-6556","person-002150","Mordecai","en","variant","accepted"
"name-6557","person-002150","מׇרְדֳּכַי","hbo","canonical","accepted"
"name-6558","person-002151","末底改","zh-hans","canonical","accepted"
"name-6559","person-002151","Mordecai","en","variant","accepted"
"name-6560","person-002151","מׇרְדֳּכַי","hbo","canonical","accepted"
"name-6561","person-000242","摩西","zh-hans","canonical","accepted"
"name-6562","person-002152","摩撒","zh-hans","canonical","accepted"
"name-6563","person-002152","Moza","en","variant","accepted"
"name-6564","person-002152","מוֹצָא","hbo","canonical","accepted"
"name-6565","person-002153","摩撒","zh-hans","canonical","accepted"
"name-6566","person-002153","Moza","en","variant","accepted"
"name-6567","person-002153","מוֹצָא","hbo","canonical","accepted"
"name-6568","person-002154","母平","zh-hans","canonical","accepted"
"name-6569","person-002154","Muppim","en","variant","accepted"
"name-6570","person-002154","מֻפִּים","hbo","canonical","accepted"
"name-6571","person-002154","שְׁפוּפָם","hbo","canonical","accepted"
"name-6572","person-002154","שְׁפוּפָן","hbo","canonical","accepted"
"name-6573","person-002154","שׁוּפָמִי","hbo","alias","accepted"
"name-6574","person-002155","母示","zh-hans","canonical","accepted"
"name-6575","person-002155","Mushi","en","variant","accepted"
"name-6576","person-002155","מוּשִׁי","hbo","canonical","accepted"
"name-6577","person-002156","拿安","zh-hans","canonical","accepted"
"name-6578","person-002156","Naam","en","variant","accepted"
"name-6579","person-002156","נָ֑עַם","hbo","canonical","accepted"
"name-6580","person-002157","拿玛","zh-hans","canonical","accepted"
"name-6581","person-002157","Naamah","en","variant","accepted"
"name-6582","person-002157","נַעֲמָה","hbo","canonical","accepted"
"name-6583","person-002158","拿玛","zh-hans","canonical","accepted"
"name-6584","person-002158","Naamah","en","variant","accepted"
"name-6585","person-002158","נַעֲמָה","hbo","canonical","accepted"
"name-6586","person-002159","乃幔","zh-hans","canonical","accepted"
"name-6587","person-002159","Naaman","en","variant","accepted"
"name-6588","person-002159","נַעֲמָן","hbo","canonical","accepted"
"name-6589","person-000243","乃缦","zh-hans","canonical","accepted"
"name-6590","person-002160","乃幔","zh-hans","canonical","accepted"
"name-6591","person-002160","Naaman","en","variant","accepted"
"name-6592","person-002160","נַעֲמָן","hbo","canonical","accepted"
"name-6593","person-002160","נוֹחָה","hbo","canonical","accepted"
"name-6594","person-002161","乃幔","zh-hans","canonical","accepted"
"name-6595","person-002161","Naaman","en","variant","accepted"
"name-6596","person-002161","נַעֲמָן","hbo","canonical","accepted"
"name-6597","person-002161","נַעֲמִי","hbo","alias","accepted"
"name-6598","person-002162","拿拉","zh-hans","canonical","accepted"
"name-6599","person-002162","Naarah","en","variant","accepted"
"name-6600","person-002162","נַעֲרָה","hbo","canonical","accepted"
"name-6601","person-002163","拿莱","zh-hans","canonical","accepted"
"name-6602","person-002163","Naarai","en","variant","accepted"
"name-6603","person-002163","נַעֲרַי","hbo","canonical","accepted"
"name-6604","person-002164","拿八","zh-hans","canonical","accepted"
"name-6605","person-002164","Nabal","en","variant","accepted"
"name-6606","person-002164","נָבָל","hbo","canonical","accepted"
"name-6607","person-002165","拿伯","zh-hans","canonical","accepted"
"name-6608","person-002165","Naboth","en","variant","accepted"
"name-6609","person-002165","נָבוֹת","hbo","canonical","accepted"
"name-6610","person-002166","拿艮","zh-hans","canonical","accepted"
"name-6611","person-002166","Nacon","en","variant","accepted"
"name-6612","person-002166","נָכוֹן","hbo","canonical","accepted"
"name-6613","person-002166","כִּידֹן","hbo","canonical","accepted"
"name-6614","person-002167","拿答","zh-hans","canonical","accepted"
"name-6615","person-002167","Nadab","en","variant","accepted"
"name-6616","person-002167","נָדָב","hbo","canonical","accepted"
"name-6617","person-002168","拿答","zh-hans","canonical","accepted"
"name-6618","person-002168","Nadab","en","variant","accepted"
"name-6619","person-002168","נָדָב","hbo","canonical","accepted"
"name-6620","person-002169","拿答","zh-hans","canonical","accepted"
"name-6621","person-002169","Nadab","en","variant","accepted"
"name-6622","person-002169","נָדָב","hbo","canonical","accepted"
"name-6623","person-002170","拿答","zh-hans","canonical","accepted"
"name-6624","person-002170","Nadab","en","variant","accepted"
"name-6625","person-002170","נָדָב","hbo","canonical","accepted"
"name-6626","person-002171","拿含","zh-hans","canonical","accepted"
"name-6627","person-002171","Naham","en","variant","accepted"
"name-6628","person-002171","נַ֫חַם","hbo","canonical","accepted"
"name-6629","person-002172","拿哈玛尼","zh-hans","canonical","accepted"
"name-6630","person-002172","Nahamani","en","variant","accepted"
"name-6631","person-002172","נַחֲמָנִי","hbo","canonical","accepted"
"name-6632","person-002173","拿哈莱","zh-hans","canonical","accepted"
"name-6633","person-002173","Naharai","en","variant","accepted"
"name-6634","person-002173","נַחֲרַי","hbo","canonical","accepted"
"name-6635","person-002174","拿辖","zh-hans","canonical","accepted"
"name-6636","person-002174","Nahash","en","variant","accepted"
"name-6637","person-002174","נָחָשׁ","hbo","canonical","accepted"
"name-6638","person-002175","拿辖","zh-hans","canonical","accepted"
"name-6639","person-002175","Nahash","en","variant","accepted"
"name-6640","person-002175","נָחָשׁ","hbo","canonical","accepted"
"name-6641","person-002176","拿辖","zh-hans","canonical","accepted"
"name-6642","person-002176","Nahash","en","variant","accepted"
"name-6643","person-002176","נָחָשׁ","hbo","canonical","accepted"
"name-6644","person-002177","拿辖","zh-hans","canonical","accepted"
"name-6645","person-002177","Nahash","en","variant","accepted"
"name-6646","person-002177","נָחָשׁ","hbo","canonical","accepted"
"name-6647","person-002178","拿哈","zh-hans","canonical","accepted"
"name-6648","person-002178","Nahath","en","variant","accepted"
"name-6649","person-002178","נַ֫חַת","hbo","canonical","accepted"
"name-6650","person-002179","拿哈","zh-hans","canonical","accepted"
"name-6651","person-002179","Nahath","en","variant","accepted"
"name-6652","person-002179","נַ֫חַת","hbo","canonical","accepted"
"name-6653","person-002180","拿比","zh-hans","canonical","accepted"
"name-6654","person-002180","Nahbi","en","variant","accepted"
"name-6655","person-002180","נַחְבִּי","hbo","canonical","accepted"
"name-6656","person-000245","拿鹤","zh-hans","canonical","accepted"
"name-6657","person-002181","拿鹤","zh-hans","canonical","accepted"
"name-6658","person-002181","Nahor","en","variant","accepted"
"name-6659","person-002181","נָחוֹר","hbo","canonical","accepted"
"name-6660","person-000246","拿顺","zh-hans","canonical","accepted"
"name-6661","person-002182","那鸿","zh-hans","canonical","accepted"
"name-6662","person-002182","Nahum","en","variant","accepted"
"name-6663","person-002182","נַחוּם","hbo","canonical","accepted"
"name-6664","person-002183","拿俄米","zh-hans","canonical","accepted"
"name-6665","person-002183","Naomi","en","variant","accepted"
"name-6666","person-002183","נׇעֳמִי","hbo","canonical","accepted"
"name-6667","person-002183","מָרָא","hbo","canonical","accepted"
"name-6668","person-002184","拿非施","zh-hans","canonical","accepted"
"name-6669","person-002184","Naphish","en","variant","accepted"
"name-6670","person-002184","נָפִישׁ","hbo","canonical","accepted"
"name-6671","person-002185","拿弗他利","zh-hans","canonical","accepted"
"name-6672","person-002185","Naphtali","en","variant","accepted"
"name-6673","person-002185","נַפְתָּלִי","hbo","canonical","accepted"
"name-6674","person-002185","Νεφθαλείμ","grc","alias","accepted"
"name-6675","person-002186","拿单·米勒","zh-hans","canonical","accepted"
"name-6676","person-002186","Nathan-melech","en","variant","accepted"
"name-6677","person-002186","נְתַן־מֶ֫לֶךְ","hbo","canonical","accepted"
"name-6678","person-002187","拿单","zh-hans","canonical","accepted"
"name-6679","person-002187","Nathan","en","variant","accepted"
"name-6680","person-002187","נָתָן","hbo","canonical","accepted"
"name-6681","person-002188","拿单","zh-hans","canonical","accepted"
"name-6682","person-002188","Nathan","en","variant","accepted"
"name-6683","person-002188","נָתָן","hbo","canonical","accepted"
"name-6684","person-000250","拿单","zh-hans","canonical","accepted"
"name-6685","person-002189","拿单","zh-hans","canonical","accepted"
"name-6686","person-002189","Nathan","en","variant","accepted"
"name-6687","person-002189","נָתָן","hbo","canonical","accepted"
"name-6688","person-002190","拿单","zh-hans","canonical","accepted"
"name-6689","person-002190","Nathan","en","variant","accepted"
"name-6690","person-002190","נָתָן","hbo","canonical","accepted"
"name-6691","person-002191","拿单","zh-hans","canonical","accepted"
"name-6692","person-002191","Nathan","en","variant","accepted"
"name-6693","person-002191","נָתָן","hbo","canonical","accepted"
"name-6694","person-002192","尼利雅","zh-hans","canonical","accepted"
"name-6695","person-002192","Neariah","en","variant","accepted"
"name-6696","person-002192","נְעַרְיָה","hbo","canonical","accepted"
"name-6697","person-002193","尼利雅","zh-hans","canonical","accepted"
"name-6698","person-002193","Neariah","en","variant","accepted"
"name-6699","person-002193","נְעַרְיָה","hbo","canonical","accepted"
"name-6700","person-002194","尼拜","zh-hans","canonical","accepted"
"name-6701","person-002194","Nebai","en","variant","accepted"
"name-6702","person-002194","נוֹבָ֑י","hbo","canonical","accepted"
"name-6703","person-002195","尼拜约","zh-hans","canonical","accepted"
"name-6704","person-002195","Nebaioth","en","variant","accepted"
"name-6705","person-002195","נְבָיוֹת","hbo","canonical","accepted"
"name-6706","person-002196","尼八","zh-hans","canonical","accepted"
"name-6707","person-002196","Nebat","en","variant","accepted"
"name-6708","person-002196","נְבָט","hbo","canonical","accepted"
"name-6709","person-002197","撒西金","zh-hans","canonical","accepted"
"name-6710","person-002197","Nebu-sar-sekim","en","variant","accepted"
"name-6711","person-002197","שַׂרְ־סְכִים","hbo","canonical","accepted"
"name-6712","person-002198","尼布甲尼撒","zh-hans","canonical","accepted"
"name-6713","person-002198","Nebuchadnezzar","en","variant","accepted"
"name-6714","person-002198","נְבוּכַדְרֶאצַּר, נְבוּכַדְנֶצַּר","hbo","canonical","accepted"
"name-6715","person-002199","尼布沙斯班","zh-hans","canonical","accepted"
"name-6716","person-002199","Nebushazban","en","variant","accepted"
"name-6717","person-002199","נְבוּשַׁזְבָּן","hbo","canonical","accepted"
"name-6718","person-002200","尼布撒拉旦","zh-hans","canonical","accepted"
"name-6719","person-002200","Nebuzaradan","en","variant","accepted"
"name-6720","person-002200","נְבוּזַרְאֲדָן","hbo","canonical","accepted"
"name-6721","person-002201","尼哥","zh-hans","canonical","accepted"
"name-6722","person-002201","Neco","en","variant","accepted"
"name-6723","person-002201","נְכוֹ","hbo","canonical","accepted"
"name-6724","person-002201","נְכוֹ+H6547Q«H6547=פַּרְעֹה","hbo","alias","accepted"
"name-6725","person-002201","נְכֹה+H6547Q«H6547=פַּרְעֹה","hbo","alias","accepted"
"name-6726","person-002201","פַּרְעֹה נְכֹה","hbo","alias","accepted"
"name-6727","person-002201","פַּרְעֹה","hbo","canonical","accepted"
"name-6728","person-002202","尼大比雅","zh-hans","canonical","accepted"
"name-6729","person-002202","Nedabiah","en","variant","accepted"
"name-6730","person-002202","נְדַבְיָה","hbo","canonical","accepted"
"name-6731","person-002203","尼希米","zh-hans","canonical","accepted"
"name-6732","person-002203","Nehemiah","en","variant","accepted"
"name-6733","person-002203","נְחֶמְיָה","hbo","canonical","accepted"
"name-6734","person-002204","尼希米","zh-hans","canonical","accepted"
"name-6735","person-002204","Nehemiah","en","variant","accepted"
"name-6736","person-002204","נְחֶמְיָה","hbo","canonical","accepted"
"name-6737","person-002205","尼希米","zh-hans","canonical","accepted"
"name-6738","person-002205","Nehemiah","en","variant","accepted"
"name-6739","person-002205","נְחֶמְיָה","hbo","canonical","accepted"
"name-6740","person-002206","尼护施她","zh-hans","canonical","accepted"
"name-6741","person-002206","Nehushta","en","variant","accepted"
"name-6742","person-002206","נְחֻשְׁתָּא","hbo","canonical","accepted"
"name-6743","person-002207","尼哥大","zh-hans","canonical","accepted"
"name-6744","person-002207","Nekoda","en","variant","accepted"
"name-6745","person-002207","נְקוֹדָא","hbo","canonical","accepted"
"name-6746","person-002208","尼哥大","zh-hans","canonical","accepted"
"name-6747","person-002208","Nekoda","en","variant","accepted"
"name-6748","person-002208","נְקוֹדָא","hbo","canonical","accepted"
"name-6749","person-002209","尼母利","zh-hans","canonical","accepted"
"name-6750","person-002209","Nemuel","en","variant","accepted"
"name-6751","person-002209","נְמוּאֵל","hbo","canonical","accepted"
"name-6752","person-002210","尼斐","zh-hans","canonical","accepted"
"name-6753","person-002210","Nepheg","en","variant","accepted"
"name-6754","person-002210","נֶ֫פֶג","hbo","canonical","accepted"
"name-6755","person-002211","尼斐","zh-hans","canonical","accepted"
"name-6756","person-002211","Nepheg","en","variant","accepted"
"name-6757","person-002211","נֶ֫פֶג","hbo","canonical","accepted"
"name-6758","person-002212","尼珥","zh-hans","canonical","accepted"
"name-6759","person-002212","Ner","en","variant","accepted"
"name-6760","person-002212","נֵר","hbo","canonical","accepted"
"name-6761","person-002213","尼甲·沙利薛","zh-hans","canonical","accepted"
"name-6762","person-002213","Nergal-sar-ezer","en","variant","accepted"
"name-6763","person-002213","נֵרְגַּל שַׁרְאֶ֫צֶר","hbo","canonical","accepted"
"name-6764","person-002214","尼甲·沙利薛","zh-hans","canonical","accepted"
"name-6765","person-002214","Nergal-sar-ezer","en","variant","accepted"
"name-6766","person-002214","נֵרְגַּל שַׁרְאֶ֫צֶר","hbo","canonical","accepted"
"name-6767","person-002215","尼利亚","zh-hans","canonical","accepted"
"name-6768","person-002215","Neriah","en","variant","accepted"
"name-6769","person-002215","נֵרִיָהוּ","hbo","canonical","accepted"
"name-6770","person-002216","拿坦业","zh-hans","canonical","accepted"
"name-6771","person-002216","Nethanel","en","variant","accepted"
"name-6772","person-002216","נְתַנְאֵל","hbo","canonical","accepted"
"name-6773","person-002217","拿坦业","zh-hans","canonical","accepted"
"name-6774","person-002217","Nethanel","en","variant","accepted"
"name-6775","person-002217","נְתַנְאֵל","hbo","canonical","accepted"
"name-6776","person-002218","拿坦业","zh-hans","canonical","accepted"
"name-6777","person-002218","Nethanel","en","variant","accepted"
"name-6778","person-002218","נְתַנְאֵל","hbo","canonical","accepted"
"name-6779","person-002219","拿坦业","zh-hans","canonical","accepted"
"name-6780","person-002219","Nethanel","en","variant","accepted"
"name-6781","person-002219","נְתַנְאֵל","hbo","canonical","accepted"
"name-6782","person-002220","拿坦业","zh-hans","canonical","accepted"
"name-6783","person-002220","Nethanel","en","variant","accepted"
"name-6784","person-002220","נְתַנְאֵל","hbo","canonical","accepted"
"name-6785","person-002221","拿坦业","zh-hans","canonical","accepted"
"name-6786","person-002221","Nethanel","en","variant","accepted"
"name-6787","person-002221","נְתַנְאֵל","hbo","canonical","accepted"
"name-6788","person-002222","拿坦业","zh-hans","canonical","accepted"
"name-6789","person-002222","Nethanel","en","variant","accepted"
"name-6790","person-002222","נְתַנְאֵל","hbo","canonical","accepted"
"name-6791","person-002223","拿坦业","zh-hans","canonical","accepted"
"name-6792","person-002223","Nethanel","en","variant","accepted"
"name-6793","person-002223","נְתַנְאֵל","hbo","canonical","accepted"
"name-6794","person-002224","拿坦业","zh-hans","canonical","accepted"
"name-6795","person-002224","Nethanel","en","variant","accepted"
"name-6796","person-002224","נְתַנְאֵל","hbo","canonical","accepted"
"name-6797","person-002225","拿坦业","zh-hans","canonical","accepted"
"name-6798","person-002225","Nethanel","en","variant","accepted"
"name-6799","person-002225","נְתַנְאֵל","hbo","canonical","accepted"
"name-6800","person-002226","尼探雅","zh-hans","canonical","accepted"
"name-6801","person-002226","Nethaniah","en","variant","accepted"
"name-6802","person-002226","נְתַנְיָ֫הוּ","hbo","canonical","accepted"
"name-6803","person-002227","尼探雅","zh-hans","canonical","accepted"
"name-6804","person-002227","Nethaniah","en","variant","accepted"
"name-6805","person-002227","נְתַנְיָ֫הוּ","hbo","canonical","accepted"
"name-6806","person-002228","尼探雅","zh-hans","canonical","accepted"
"name-6807","person-002228","Nethaniah","en","variant","accepted"
"name-6808","person-002228","נְתַנְיָ֫הוּ","hbo","canonical","accepted"
"name-6809","person-002229","尼探雅","zh-hans","canonical","accepted"
"name-6810","person-002229","Nethaniah","en","variant","accepted"
"name-6811","person-002229","נְתַנְיָ֫הוּ","hbo","canonical","accepted"
"name-6812","person-002230","尼细亚","zh-hans","canonical","accepted"
"name-6813","person-002230","Neziah","en","variant","accepted"
"name-6814","person-002230","נְצִיחַ","hbo","canonical","accepted"
"name-6815","person-002231","宁录","zh-hans","canonical","accepted"
"name-6816","person-002231","Nimrod","en","variant","accepted"
"name-6817","person-002231","נִמְרֹד","hbo","canonical","accepted"
"name-6818","person-002232","宁示","zh-hans","canonical","accepted"
"name-6819","person-002232","Nimshi","en","variant","accepted"
"name-6820","person-002232","נִמְשִׁי","hbo","canonical","accepted"
"name-6821","person-002233","挪亚底","zh-hans","canonical","accepted"
"name-6822","person-002233","Noadiah","en","variant","accepted"
"name-6823","person-002233","נוֹעַדְיָה","hbo","canonical","accepted"
"name-6824","person-002234","挪亚底","zh-hans","canonical","accepted"
"name-6825","person-002234","Noadiah","en","variant","accepted"
"name-6826","person-002234","נוֹעַדְיָה","hbo","canonical","accepted"
"name-6827","person-000258","挪亚","zh-hans","canonical","accepted"
"name-6828","person-002235","挪阿","zh-hans","canonical","accepted"
"name-6829","person-002235","Noah","en","variant","accepted"
"name-6830","person-002235","נֹעָה","hbo","canonical","accepted"
"name-6831","person-002236","挪巴","zh-hans","canonical","accepted"
"name-6832","person-002236","Nobah","en","variant","accepted"
"name-6833","person-002236","נֹ֫בַח","hbo","canonical","accepted"
"name-6834","person-002237","挪迦","zh-hans","canonical","accepted"
"name-6835","person-002237","Nogah","en","variant","accepted"
"name-6836","person-002237","נֹ֫גַהּ","hbo","canonical","accepted"
"name-6837","person-002238","嫩","zh-hans","canonical","accepted"
"name-6838","person-002238","Nun","en","variant","accepted"
"name-6839","person-002238","נוּן","hbo","canonical","accepted"
"name-6840","person-002239","俄巴底雅","zh-hans","canonical","accepted"
"name-6841","person-002239","Obadiah","en","variant","accepted"
"name-6842","person-002239","עֹבַדְיָ֫הוּ","hbo","canonical","accepted"
"name-6843","person-002240","俄巴第雅","zh-hans","canonical","accepted"
"name-6844","person-002240","Obadiah","en","variant","accepted"
"name-6845","person-002240","עֹבַדְיָ֫הוּ","hbo","canonical","accepted"
"name-6846","person-002241","俄巴底亚","zh-hans","canonical","accepted"
"name-6847","person-002241","Obadiah","en","variant","accepted"
"name-6848","person-002241","עֹבַדְיָ֫הוּ","hbo","canonical","accepted"
"name-6849","person-002242","俄巴底亚","zh-hans","canonical","accepted"
"name-6850","person-002242","Obadiah","en","variant","accepted"
"name-6851","person-002242","עֹבַדְיָ֫הוּ","hbo","canonical","accepted"
"name-6852","person-002243","俄巴底雅","zh-hans","canonical","accepted"
"name-6853","person-002243","Obadiah","en","variant","accepted"
"name-6854","person-002243","עֹבַדְיָ֫הוּ","hbo","canonical","accepted"
"name-6855","person-002244","俄巴底","zh-hans","canonical","accepted"
"name-6856","person-002244","Obadiah","en","variant","accepted"
"name-6857","person-002244","עֹבַדְיָ֫הוּ","hbo","canonical","accepted"
"name-6858","person-002244","עַבְדָּא","hbo","canonical","accepted"
"name-6859","person-002245","俄巴底","zh-hans","canonical","accepted"
"name-6860","person-002245","Obadiah","en","variant","accepted"
"name-6861","person-002245","עֹבַדְיָ֫הוּ","hbo","canonical","accepted"
"name-6862","person-002246","俄巴底","zh-hans","canonical","accepted"
"name-6863","person-002246","Obadiah","en","variant","accepted"
"name-6864","person-002246","עֹבַדְיָ֫הוּ","hbo","canonical","accepted"
"name-6865","person-002247","俄巴底","zh-hans","canonical","accepted"
"name-6866","person-002247","Obadiah","en","variant","accepted"
"name-6867","person-002247","עֹבַדְיָ֫הוּ","hbo","canonical","accepted"
"name-6868","person-002248","俄巴底亚","zh-hans","canonical","accepted"
"name-6869","person-002248","Obadiah","en","variant","accepted"
"name-6870","person-002248","עֹבַדְיָ֫הוּ","hbo","canonical","accepted"
"name-6871","person-002249","俄巴底亚","zh-hans","canonical","accepted"
"name-6872","person-002249","Obadiah","en","variant","accepted"
"name-6873","person-002249","עֹבַדְיָ֫הוּ","hbo","canonical","accepted"
"name-6874","person-002250","俄巴底亚","zh-hans","canonical","accepted"
"name-6875","person-002250","Obadiah","en","variant","accepted"
"name-6876","person-002250","עֹבַדְיָ֫הוּ","hbo","canonical","accepted"
"name-6877","person-002251","俄巴路","zh-hans","canonical","accepted"
"name-6878","person-002251","Obal","en","variant","accepted"
"name-6879","person-002251","עוֹבָל","hbo","canonical","accepted"
"name-6880","person-002251","עֵיבָל","hbo","variant","accepted"
"name-6881","person-002252","俄别·以东","zh-hans","canonical","accepted"
"name-6882","person-002252","Obed-edom","en","variant","accepted"
"name-6883","person-002252","עֹבֵד אֱדוֹם","hbo","canonical","accepted"
"name-6884","person-002252","שִׁמְעִי","hbo","canonical","accepted"
"name-6885","person-002253","俄备得","zh-hans","canonical","accepted"
"name-6886","person-002253","Obed","en","variant","accepted"
"name-6887","person-002253","עוֹבֵד","hbo","canonical","accepted"
"name-6888","person-002254","俄备得","zh-hans","canonical","accepted"
"name-6889","person-002254","Obed","en","variant","accepted"
"name-6890","person-002254","עוֹבֵד","hbo","canonical","accepted"
"name-6891","person-002255","俄备得","zh-hans","canonical","accepted"
"name-6892","person-002255","Obed","en","variant","accepted"
"name-6893","person-002255","עוֹבֵד","hbo","canonical","accepted"
"name-6894","person-002256","俄备得","zh-hans","canonical","accepted"
"name-6895","person-002256","Obed","en","variant","accepted"
"name-6896","person-002256","עוֹבֵד","hbo","canonical","accepted"
"name-6897","person-000260","俄备得","zh-hans","canonical","accepted"
"name-6898","person-002257","阿比勒","zh-hans","canonical","accepted"
"name-6899","person-002257","Obil","en","variant","accepted"
"name-6900","person-002257","אוֹבִיל","hbo","canonical","accepted"
"name-6901","person-002258","俄兰","zh-hans","canonical","accepted"
"name-6902","person-002258","Ochran","en","variant","accepted"
"name-6903","person-002258","עׇכְרָן","hbo","canonical","accepted"
"name-6904","person-002259","俄德","zh-hans","canonical","accepted"
"name-6905","person-002259","Oded","en","variant","accepted"
"name-6906","person-002259","עֹדֵד","hbo","canonical","accepted"
"name-6907","person-002260","俄德","zh-hans","canonical","accepted"
"name-6908","person-002260","Oded","en","variant","accepted"
"name-6909","person-002260","עֹדֵד","hbo","canonical","accepted"
"name-6910","person-002261","噩","zh-hans","canonical","accepted"
"name-6911","person-002261","Og","en","variant","accepted"
"name-6912","person-002261","עוֹג","hbo","canonical","accepted"
"name-6913","person-002262","阿辖","zh-hans","canonical","accepted"
"name-6914","person-002262","Ohad","en","variant","accepted"
"name-6915","person-002262","אֹ֫הַד","hbo","canonical","accepted"
"name-6916","person-002263","阿黑","zh-hans","canonical","accepted"
"name-6917","person-002263","Ohel","en","variant","accepted"
"name-6918","person-002263","אֹ֫הֶל","hbo","canonical","accepted"
"name-6919","person-002264","亚何利亚伯","zh-hans","canonical","accepted"
"name-6920","person-002264","Oholiab","en","variant","accepted"
"name-6921","person-002264","אׇהֳלִיאָב","hbo","canonical","accepted"
"name-6922","person-002265","阿何利巴玛","zh-hans","canonical","accepted"
"name-6923","person-002265","Oholibamah","en","variant","accepted"
"name-6924","person-002265","אׇהֳלִיבָמָה","hbo","canonical","accepted"
"name-6925","person-002266","阿抹","zh-hans","canonical","accepted"
"name-6926","person-002266","Omar","en","variant","accepted"
"name-6927","person-002266","אוֹמָר","hbo","canonical","accepted"
"name-6928","person-002267","暗利","zh-hans","canonical","accepted"
"name-6929","person-002267","Omri","en","variant","accepted"
"name-6930","person-002267","עׇמְרִי","hbo","canonical","accepted"
"name-6931","person-002268","暗利","zh-hans","canonical","accepted"
"name-6932","person-002268","Omri","en","variant","accepted"
"name-6933","person-002268","עׇמְרִי","hbo","canonical","accepted"
"name-6934","person-002269","音利","zh-hans","canonical","accepted"
"name-6935","person-002269","Omri","en","variant","accepted"
"name-6936","person-002269","עׇמְרִי","hbo","canonical","accepted"
"name-6937","person-002270","暗利","zh-hans","canonical","accepted"
"name-6938","person-002270","Omri","en","variant","accepted"
"name-6939","person-002270","עׇמְרִי","hbo","canonical","accepted"
"name-6940","person-002271","安","zh-hans","canonical","accepted"
"name-6941","person-002271","On","en","variant","accepted"
"name-6942","person-002271","אוֹן","hbo","canonical","accepted"
"name-6943","person-002272","阿南","zh-hans","canonical","accepted"
"name-6944","person-002272","Onam","en","variant","accepted"
"name-6945","person-002272","אוֹנָם","hbo","canonical","accepted"
"name-6946","person-002273","阿南","zh-hans","canonical","accepted"
"name-6947","person-002273","Onam","en","variant","accepted"
"name-6948","person-002273","אוֹנָם","hbo","canonical","accepted"
"name-6949","person-002274","俄南","zh-hans","canonical","accepted"
"name-6950","person-002274","Onan","en","variant","accepted"
"name-6951","person-002274","אוֹנָן","hbo","canonical","accepted"
"name-6952","person-002275","阿斐","zh-hans","canonical","accepted"
"name-6953","person-002275","Ophir","en","variant","accepted"
"name-6954","person-002275","אוֹפִיר","hbo","canonical","accepted"
"name-6955","person-002276","俄弗拉","zh-hans","canonical","accepted"
"name-6956","person-002276","Ophrah","en","variant","accepted"
"name-6957","person-002276","עׇפְרָה","hbo","canonical","accepted"
"name-6958","person-002277","俄立","zh-hans","canonical","accepted"
"name-6959","person-002277","Oreb","en","variant","accepted"
"name-6960","person-002277","עֹרֵב","hbo","canonical","accepted"
"name-6961","person-002278","阿连","zh-hans","canonical","accepted"
"name-6962","person-002278","Oren","en","variant","accepted"
"name-6963","person-002278","אֹ֫רֶן","hbo","canonical","accepted"
"name-6964","person-002279","阿珥楠","zh-hans","canonical","accepted"
"name-6965","person-002279","Ornan","en","variant","accepted"
"name-6966","person-002279","אׇרְנָן","hbo","canonical","accepted"
"name-6967","person-002279","אֲרַוְנָה","hbo","canonical","accepted"
"name-6968","person-002280","俄珥巴","zh-hans","canonical","accepted"
"name-6969","person-002280","Orpah","en","variant","accepted"
"name-6970","person-002280","עׇרְפָּה","hbo","canonical","accepted"
"name-6971","person-002281","亚斯那巴","zh-hans","canonical","accepted"
"name-6972","person-002281","Osnappar","en","variant","accepted"
"name-6973","person-002281","אָֽסְנַפַּר","hbo","canonical","accepted"
"name-6974","person-002282","俄得尼","zh-hans","canonical","accepted"
"name-6975","person-002282","Othni","en","variant","accepted"
"name-6976","person-002282","עׇתְנִי","hbo","canonical","accepted"
"name-6977","person-002283","俄陀聂","zh-hans","canonical","accepted"
"name-6978","person-002283","Othniel","en","variant","accepted"
"name-6979","person-002283","עׇתְנִיאֵל","hbo","canonical","accepted"
"name-6980","person-002284","阿鲜","zh-hans","canonical","accepted"
"name-6981","person-002284","Ozem","en","variant","accepted"
"name-6982","person-002284","אֹ֫צֶם","hbo","canonical","accepted"
"name-6983","person-002285","阿鲜","zh-hans","canonical","accepted"
"name-6984","person-002285","Ozem","en","variant","accepted"
"name-6985","person-002285","אֹ֫צֶם","hbo","canonical","accepted"
"name-6986","person-002286","帕莱","zh-hans","canonical","accepted"
"name-6987","person-002286","Paarai","en","variant","accepted"
"name-6988","person-002286","פַּעֲרַי","hbo","canonical","accepted"
"name-6989","person-002287","巴顿","zh-hans","canonical","accepted"
"name-6990","person-002287","Padon","en","variant","accepted"
"name-6991","person-002287","פָּדוֹן","hbo","canonical","accepted"
"name-6992","person-002288","帕结","zh-hans","canonical","accepted"
"name-6993","person-002288","Pagiel","en","variant","accepted"
"name-6994","person-002288","פַּגְעִיאֵל","hbo","canonical","accepted"
"name-6995","person-002289","巴哈·摩押","zh-hans","canonical","accepted"
"name-6996","person-002289","Pahath-moab","en","variant","accepted"
"name-6997","person-002289","פַּ֫חַת מוֹאָב","hbo","canonical","accepted"
"name-6998","person-002290","巴哈·摩押","zh-hans","canonical","accepted"
"name-6999","person-002290","Pahath-moab","en","variant","accepted"
"name-7000","person-002290","פַּ֫חַת מוֹאָב","hbo","canonical","accepted"
"name-7001","person-002291","巴哈·摩押","zh-hans","canonical","accepted"
"name-7002","person-002291","Pahath-moab","en","variant","accepted"
"name-7003","person-002291","פַּ֫חַת מוֹאָב","hbo","canonical","accepted"
"name-7004","person-002292","巴拉","zh-hans","canonical","accepted"
"name-7005","person-002292","Palal","en","variant","accepted"
"name-7006","person-002292","פָּלָל","hbo","canonical","accepted"
"name-7007","person-002293","法路","zh-hans","canonical","accepted"
"name-7008","person-002293","Pallu","en","variant","accepted"
"name-7009","person-002293","פַּלּוּא","hbo","canonical","accepted"
"name-7010","person-002293","פַּלֻּאִי","hbo","alias","accepted"
"name-7011","person-002294","帕提","zh-hans","canonical","accepted"
"name-7012","person-002294","Palti","en","variant","accepted"
"name-7013","person-002294","פַּלְטִי","hbo","canonical","accepted"
"name-7014","person-002294","פַּלְטִיאֵל","hbo","canonical","accepted"
"name-7015","person-002295","帕提","zh-hans","canonical","accepted"
"name-7016","person-002295","Palti","en","variant","accepted"
"name-7017","person-002295","פַּלְטִי","hbo","canonical","accepted"
"name-7018","person-002296","帕铁","zh-hans","canonical","accepted"
"name-7019","person-002296","Paltiel","en","variant","accepted"
"name-7020","person-002296","פַּלְטִיאֵל","hbo","canonical","accepted"
"name-7021","person-002297","帕玛斯他","zh-hans","canonical","accepted"
"name-7022","person-002297","Parmashta","en","variant","accepted"
"name-7023","person-002297","פַּרְמַשְׁתָּא","hbo","canonical","accepted"
"name-7024","person-002298","帕纳","zh-hans","canonical","accepted"
"name-7025","person-002298","Parnach","en","variant","accepted"
"name-7026","person-002298","פַּרְנָךְ","hbo","canonical","accepted"
"name-7027","person-002299","巴录","zh-hans","canonical","accepted"
"name-7028","person-002299","Parosh","en","variant","accepted"
"name-7029","person-002299","פַּרְעֹשׁ","hbo","canonical","accepted"
"name-7030","person-002300","巴录","zh-hans","canonical","accepted"
"name-7031","person-002300","Parosh","en","variant","accepted"
"name-7032","person-002300","פַּרְעֹשׁ","hbo","canonical","accepted"
"name-7033","person-002301","巴录","zh-hans","canonical","accepted"
"name-7034","person-002301","Parosh","en","variant","accepted"
"name-7035","person-002301","פַּרְעֹשׁ","hbo","canonical","accepted"
"name-7036","person-002302","巴录","zh-hans","canonical","accepted"
"name-7037","person-002302","Parosh","en","variant","accepted"
"name-7038","person-002302","פַּרְעֹשׁ","hbo","canonical","accepted"
"name-7039","person-002303","巴珊大他","zh-hans","canonical","accepted"
"name-7040","person-002303","Parshandatha","en","variant","accepted"
"name-7041","person-002303","פַּרְשַׁנְדָּתָא","hbo","canonical","accepted"
"name-7042","person-002304","帕路亚","zh-hans","canonical","accepted"
"name-7043","person-002304","Paruah","en","variant","accepted"
"name-7044","person-002304","פָּרוּחַ","hbo","canonical","accepted"
"name-7045","person-002305","巴萨","zh-hans","canonical","accepted"
"name-7046","person-002305","Pasach","en","variant","accepted"
"name-7047","person-002305","פָּסַךְ","hbo","canonical","accepted"
"name-7048","person-002306","巴西亚","zh-hans","canonical","accepted"
"name-7049","person-002306","Paseah","en","variant","accepted"
"name-7050","person-002306","פָּסֵחַ","hbo","canonical","accepted"
"name-7051","person-002307","巴西亚","zh-hans","canonical","accepted"
"name-7052","person-002307","Paseah","en","variant","accepted"
"name-7053","person-002307","פָּסֵחַ","hbo","canonical","accepted"
"name-7054","person-002308","巴西亚","zh-hans","canonical","accepted"
"name-7055","person-002308","Paseah","en","variant","accepted"
"name-7056","person-002308","פָּסֵחַ","hbo","canonical","accepted"
"name-7057","person-002309","巴施户珥","zh-hans","canonical","accepted"
"name-7058","person-002309","Pashhur","en","variant","accepted"
"name-7059","person-002309","פַּשְׁחוּר","hbo","canonical","accepted"
"name-7060","person-002310","巴施户珥","zh-hans","canonical","accepted"
"name-7061","person-002310","Pashhur","en","variant","accepted"
"name-7062","person-002310","פַּשְׁחוּר","hbo","canonical","accepted"
"name-7063","person-002310","מָגוֹר מִסָּבִיב","hbo","canonical","accepted"
"name-7064","person-002311","巴施户珥","zh-hans","canonical","accepted"
"name-7065","person-002311","Pashhur","en","variant","accepted"
"name-7066","person-002311","פַּשְׁחוּר","hbo","canonical","accepted"
"name-7067","person-002312","巴施户珥","zh-hans","canonical","accepted"
"name-7068","person-002312","Pashhur","en","variant","accepted"
"name-7069","person-002312","פַּשְׁחוּר","hbo","canonical","accepted"
"name-7070","person-002313","巴施户珥","zh-hans","canonical","accepted"
"name-7071","person-002313","Pashhur","en","variant","accepted"
"name-7072","person-002313","פַּשְׁחוּר","hbo","canonical","accepted"
"name-7073","person-002314","比大黑","zh-hans","canonical","accepted"
"name-7074","person-002314","Pedahel","en","variant","accepted"
"name-7075","person-002314","פְּדַהְאֵל","hbo","canonical","accepted"
"name-7076","person-002315","比大蓿","zh-hans","canonical","accepted"
"name-7077","person-002315","Pedahzur","en","variant","accepted"
"name-7078","person-002315","פְּדָהצוּר","hbo","canonical","accepted"
"name-7079","person-002316","毗大雅","zh-hans","canonical","accepted"
"name-7080","person-002316","Pedaiah","en","variant","accepted"
"name-7081","person-002316","פְּדָיָהוּ","hbo","canonical","accepted"
"name-7082","person-002317","毗大雅","zh-hans","canonical","accepted"
"name-7083","person-002317","Pedaiah","en","variant","accepted"
"name-7084","person-002317","פְּדָיָהוּ","hbo","canonical","accepted"
"name-7085","person-002318","毗大雅","zh-hans","canonical","accepted"
"name-7086","person-002318","Pedaiah","en","variant","accepted"
"name-7087","person-002318","פְּדָיָהוּ","hbo","canonical","accepted"
"name-7088","person-002319","毗大雅","zh-hans","canonical","accepted"
"name-7089","person-002319","Pedaiah","en","variant","accepted"
"name-7090","person-002319","פְּדָיָהוּ","hbo","canonical","accepted"
"name-7091","person-002320","毗大雅","zh-hans","canonical","accepted"
"name-7092","person-002320","Pedaiah","en","variant","accepted"
"name-7093","person-002320","פְּדָיָהוּ","hbo","canonical","accepted"
"name-7094","person-002321","毗大雅","zh-hans","canonical","accepted"
"name-7095","person-002321","Pedaiah","en","variant","accepted"
"name-7096","person-002321","פְּדָיָהוּ","hbo","canonical","accepted"
"name-7097","person-002322","毗大雅","zh-hans","canonical","accepted"
"name-7098","person-002322","Pedaiah","en","variant","accepted"
"name-7099","person-002322","פְּדָיָהוּ","hbo","canonical","accepted"
"name-7100","person-002323","比加","zh-hans","canonical","accepted"
"name-7101","person-002323","Pekah","en","variant","accepted"
"name-7102","person-002323","פֶּ֫קַח","hbo","canonical","accepted"
"name-7103","person-002324","比加辖","zh-hans","canonical","accepted"
"name-7104","person-002324","Pekahiah","en","variant","accepted"
"name-7105","person-002324","פְּקַחְיָה","hbo","canonical","accepted"
"name-7106","person-002325","毗莱雅","zh-hans","canonical","accepted"
"name-7107","person-002325","Pelaiah","en","variant","accepted"
"name-7108","person-002325","פְּלָיָה","hbo","canonical","accepted"
"name-7109","person-002326","毗莱雅","zh-hans","canonical","accepted"
"name-7110","person-002326","Pelaiah","en","variant","accepted"
"name-7111","person-002326","פְּלָאיָה","hbo","canonical","accepted"
"name-7112","person-002327","毗拉利","zh-hans","canonical","accepted"
"name-7113","person-002327","Pelaliah","en","variant","accepted"
"name-7114","person-002327","פְּלַלְיָה","hbo","canonical","accepted"
"name-7115","person-002328","毗拉提","zh-hans","canonical","accepted"
"name-7116","person-002328","Pelatiah","en","variant","accepted"
"name-7117","person-002328","פְּלַטְיָ֫הוּ","hbo","canonical","accepted"
"name-7118","person-002329","毗拉提","zh-hans","canonical","accepted"
"name-7119","person-002329","Pelatiah","en","variant","accepted"
"name-7120","person-002329","פְּלַטְיָ֫הוּ","hbo","canonical","accepted"
"name-7121","person-002330","毗拉提","zh-hans","canonical","accepted"
"name-7122","person-002330","Pelatiah","en","variant","accepted"
"name-7123","person-002330","פְּלַטְיָ֫הוּ","hbo","canonical","accepted"
"name-7124","person-002331","毗拉提","zh-hans","canonical","accepted"
"name-7125","person-002331","Pelatiah","en","variant","accepted"
"name-7126","person-002331","פְּלַטְיָ֫הוּ","hbo","canonical","accepted"
"name-7127","person-000267","法勒","zh-hans","canonical","accepted"
"name-7128","person-002332","毗力","zh-hans","canonical","accepted"
"name-7129","person-002332","Pelet","en","variant","accepted"
"name-7130","person-002332","פֶּ֫לֶט","hbo","canonical","accepted"
"name-7131","person-002333","毗力","zh-hans","canonical","accepted"
"name-7132","person-002333","Pelet","en","variant","accepted"
"name-7133","person-002333","פֶּ֫לֶט","hbo","canonical","accepted"
"name-7134","person-002334","比勒","zh-hans","canonical","accepted"
"name-7135","person-002334","Peleth","en","variant","accepted"
"name-7136","person-002334","פֶּ֫לֶת","hbo","canonical","accepted"
"name-7137","person-002335","比勒","zh-hans","canonical","accepted"
"name-7138","person-002335","Peleth","en","variant","accepted"
"name-7139","person-002335","פֶּ֫לֶת","hbo","canonical","accepted"
"name-7140","person-002336","毗尼拿","zh-hans","canonical","accepted"
"name-7141","person-002336","Peninnah","en","variant","accepted"
"name-7142","person-002336","פְּנִנָּה","hbo","canonical","accepted"
"name-7143","person-002337","毗努伊勒","zh-hans","canonical","accepted"
"name-7144","person-002337","Penuel","en","variant","accepted"
"name-7145","person-002337","פְּנוּאֵל","hbo","canonical","accepted"
"name-7146","person-002338","毗努伊勒","zh-hans","canonical","accepted"
"name-7147","person-002338","Penuel","en","variant","accepted"
"name-7148","person-002338","פְּנוּאֵל","hbo","canonical","accepted"
"name-7149","person-002339","毗利施","zh-hans","canonical","accepted"
"name-7150","person-002339","Peresh","en","variant","accepted"
"name-7151","person-002339","פֶּ֫רֶשׁ","hbo","canonical","accepted"
"name-7152","person-002340","法勒斯","zh-hans","canonical","accepted"
"name-7153","person-002340","Perez","en","variant","accepted"
"name-7154","person-002340","פֶּ֫רֶץ","hbo","canonical","accepted"
"name-7155","person-002340","פַּרְצִי","hbo","alias","accepted"
"name-7156","person-002340","Φάρες","grc","alias","accepted"
"name-7157","person-002341","比路大","zh-hans","canonical","accepted"
"name-7158","person-002341","Peruda","en","variant","accepted"
"name-7159","person-002341","פְּרוּדָא","hbo","canonical","accepted"
"name-7160","person-002342","毗他希雅","zh-hans","canonical","accepted"
"name-7161","person-002342","Pethahiah","en","variant","accepted"
"name-7162","person-002342","פְּתַחְיָה","hbo","canonical","accepted"
"name-7163","person-002343","毗他希雅","zh-hans","canonical","accepted"
"name-7164","person-002343","Pethahiah","en","variant","accepted"
"name-7165","person-002343","פְּתַחְיָה","hbo","canonical","accepted"
"name-7166","person-002344","毗他希雅","zh-hans","canonical","accepted"
"name-7167","person-002344","Pethahiah","en","variant","accepted"
"name-7168","person-002344","פְּתַחְיָה","hbo","canonical","accepted"
"name-7169","person-002345","毗他希雅","zh-hans","canonical","accepted"
"name-7170","person-002345","Pethahiah","en","variant","accepted"
"name-7171","person-002345","פְּתַחְיָה","hbo","canonical","accepted"
"name-7172","person-002346","毗土珥","zh-hans","canonical","accepted"
"name-7173","person-002346","Pethuel","en","variant","accepted"
"name-7174","person-002346","פְּתוּאֵל","hbo","canonical","accepted"
"name-7175","person-002347","毗乌利太","zh-hans","canonical","accepted"
"name-7176","person-002347","Peullethai","en","variant","accepted"
"name-7177","person-002347","פְּעֻלְּתַי","hbo","canonical","accepted"
"name-7178","person-002348","非各","zh-hans","canonical","accepted"
"name-7179","person-002348","Phicol","en","variant","accepted"
"name-7180","person-002348","פִּיכֹל","hbo","canonical","accepted"
"name-7181","person-002349","非尼哈","zh-hans","canonical","accepted"
"name-7182","person-002349","Phinehas","en","variant","accepted"
"name-7183","person-002349","פִּינְחָס","hbo","canonical","accepted"
"name-7184","person-002350","非尼哈","zh-hans","canonical","accepted"
"name-7185","person-002350","Phinehas","en","variant","accepted"
"name-7186","person-002350","פִּינְחָס","hbo","canonical","accepted"
"name-7187","person-002351","非尼哈","zh-hans","canonical","accepted"
"name-7188","person-002351","Phinehas","en","variant","accepted"
"name-7189","person-002351","פִּינְחָס","hbo","canonical","accepted"
"name-7190","person-002352","必达","zh-hans","canonical","accepted"
"name-7191","person-002352","Pildash","en","variant","accepted"
"name-7192","person-002352","פִּלְדָּשׁ","hbo","canonical","accepted"
"name-7193","person-002353","毗利哈","zh-hans","canonical","accepted"
"name-7194","person-002353","Pilha","en","variant","accepted"
"name-7195","person-002353","פִּלְחָא","hbo","canonical","accepted"
"name-7196","person-002354","毗勒太","zh-hans","canonical","accepted"
"name-7197","person-002354","Piltai","en","variant","accepted"
"name-7198","person-002354","פִּלְטָ֑י","hbo","canonical","accepted"
"name-7199","person-002355","比嫩","zh-hans","canonical","accepted"
"name-7200","person-002355","Pinon","en","variant","accepted"
"name-7201","person-002355","פִּינֹן","hbo","canonical","accepted"
"name-7202","person-002356","毗兰","zh-hans","canonical","accepted"
"name-7203","person-002356","Piram","en","variant","accepted"
"name-7204","person-002356","פִּרְאָם","hbo","canonical","accepted"
"name-7205","person-002357","毗斯巴","zh-hans","canonical","accepted"
"name-7206","person-002357","Pispa","en","variant","accepted"
"name-7207","person-002357","פִּסְפָּה","hbo","canonical","accepted"
"name-7208","person-002358","毗敦","zh-hans","canonical","accepted"
"name-7209","person-002358","Pithon","en","variant","accepted"
"name-7210","person-002358","פִּיתוֹן","hbo","canonical","accepted"
"name-7211","person-002359","玻黑列·哈斯巴音","zh-hans","canonical","accepted"
"name-7212","person-002359","Pochereth-hazzebaim","en","variant","accepted"
"name-7213","person-002359","פֹּכֶ֫רֶת הַצְבָיִם","hbo","canonical","accepted"
"name-7214","person-002360","破拉他","zh-hans","canonical","accepted"
"name-7215","person-002360","Poratha","en","variant","accepted"
"name-7216","person-002360","פּוֹרָתָא","hbo","canonical","accepted"
"name-7217","person-002361","波提乏","zh-hans","canonical","accepted"
"name-7218","person-002361","Potiphar","en","variant","accepted"
"name-7219","person-002361","פּוֹטִיפַר","hbo","canonical","accepted"
"name-7220","person-002362","波提非拉","zh-hans","canonical","accepted"
"name-7221","person-002362","Potiphera","en","variant","accepted"
"name-7222","person-002362","פּוֹטִי פֶ֫רַע","hbo","canonical","accepted"
"name-7223","person-002363","普阿","zh-hans","canonical","accepted"
"name-7224","person-002363","Puah","en","variant","accepted"
"name-7225","person-002363","פּוּעָה","hbo","canonical","accepted"
"name-7226","person-002364","普瓦","zh-hans","canonical","accepted"
"name-7227","person-002364","Puah","en","variant","accepted"
"name-7228","person-002364","פּוּאָה","hbo","canonical","accepted"
"name-7229","person-002364","פּוּנִי","hbo","alias","accepted"
"name-7230","person-002365","普瓦","zh-hans","canonical","accepted"
"name-7231","person-002365","Puah","en","variant","accepted"
"name-7232","person-002365","פּוּאָה","hbo","canonical","accepted"
"name-7233","person-002366","普拉","zh-hans","canonical","accepted"
"name-7234","person-002366","Purah","en","variant","accepted"
"name-7235","person-002366","פֻּרָה","hbo","canonical","accepted"
"name-7236","person-002367","弗","zh-hans","canonical","accepted"
"name-7237","person-002367","Put","en","variant","accepted"
"name-7238","person-002367","פּוּט","hbo","canonical","accepted"
"name-7239","person-002368","普铁","zh-hans","canonical","accepted"
"name-7240","person-002368","Putiel","en","variant","accepted"
"name-7241","person-002368","פּוּטִיאֵל","hbo","canonical","accepted"
"name-7242","person-002369","拉玛","zh-hans","canonical","accepted"
"name-7243","person-002369","Raamah","en","variant","accepted"
"name-7244","person-002369","רַעְמָה","hbo","canonical","accepted"
"name-7245","person-000290","拉结","zh-hans","canonical","accepted"
"name-7246","person-002370","拉代","zh-hans","canonical","accepted"
"name-7247","person-002370","Raddai","en","variant","accepted"
"name-7248","person-002370","רַדַּי","hbo","canonical","accepted"
"name-7249","person-000291","喇合","zh-hans","canonical","accepted"
"name-7250","person-002371","拉含","zh-hans","canonical","accepted"
"name-7251","person-002371","Raham","en","variant","accepted"
"name-7252","person-002371","רַ֫חַם","hbo","canonical","accepted"
"name-7253","person-002372","利金","zh-hans","canonical","accepted"
"name-7254","person-002372","Rakem","en","variant","accepted"
"name-7255","person-002372","רֶ֫קֶם","hbo","canonical","accepted"
"name-7256","person-002373","兰","zh-hans","canonical","accepted"
"name-7257","person-002373","Ram","en","variant","accepted"
"name-7258","person-002373","רָם","hbo","canonical","accepted"
"name-7259","person-002374","兰","zh-hans","canonical","accepted"
"name-7260","person-002374","Ram","en","variant","accepted"
"name-7261","person-002374","רָם","hbo","canonical","accepted"
"name-7262","person-000292","亚兰","zh-hans","canonical","accepted"
"name-7263","person-002375","拉米","zh-hans","canonical","accepted"
"name-7264","person-002375","Ramiah","en","variant","accepted"
"name-7265","person-002375","רַמְיָה","hbo","canonical","accepted"
"name-7266","person-002376","拉法","zh-hans","canonical","accepted"
"name-7267","person-002376","Raphah","en","variant","accepted"
"name-7268","person-002376","רָפָא","hbo","canonical","accepted"
"name-7269","person-002376","רְפָיָה","hbo","canonical","accepted"
"name-7270","person-002377","拉孚","zh-hans","canonical","accepted"
"name-7271","person-002377","Raphu","en","variant","accepted"
"name-7272","person-002377","רָפוּא","hbo","canonical","accepted"
"name-7273","person-002378","利亚雅","zh-hans","canonical","accepted"
"name-7274","person-002378","Reaiah","en","variant","accepted"
"name-7275","person-002378","רְאָיָה","hbo","canonical","accepted"
"name-7276","person-002379","利亚雅","zh-hans","canonical","accepted"
"name-7277","person-002379","Reaiah","en","variant","accepted"
"name-7278","person-002379","רְאָיָה","hbo","canonical","accepted"
"name-7279","person-002380","利巴","zh-hans","canonical","accepted"
"name-7280","person-002380","Reba","en","variant","accepted"
"name-7281","person-002380","רֶ֫בַע","hbo","canonical","accepted"
"name-7282","person-000293","利百加","zh-hans","canonical","accepted"
"name-7283","person-002381","利甲","zh-hans","canonical","accepted"
"name-7284","person-002381","Rechab","en","variant","accepted"
"name-7285","person-002381","רֵכָב","hbo","canonical","accepted"
"name-7286","person-002381","רֵכָבִי","hbo","alias","accepted"
"name-7287","person-002382","利甲","zh-hans","canonical","accepted"
"name-7288","person-002382","Rechab","en","variant","accepted"
"name-7289","person-002382","רֵכָב","hbo","canonical","accepted"
"name-7290","person-002383","利甲","zh-hans","canonical","accepted"
"name-7291","person-002383","Rechab","en","variant","accepted"
"name-7292","person-002383","רֵכָב","hbo","canonical","accepted"
"name-7293","person-002384","利来雅","zh-hans","canonical","accepted"
"name-7294","person-002384","Reelaiah","en","variant","accepted"
"name-7295","person-002384","רְעֵלָיָה","hbo","canonical","accepted"
"name-7296","person-002384","רַעַמְיָה","hbo","canonical","accepted"
"name-7297","person-002385","利坚米勒","zh-hans","canonical","accepted"
"name-7298","person-002385","Regem-melech","en","variant","accepted"
"name-7299","person-002385","רֶ֫גֶם מֶ֫לֶךְ","hbo","canonical","accepted"
"name-7300","person-002386","利健","zh-hans","canonical","accepted"
"name-7301","person-002386","Regem","en","variant","accepted"
"name-7302","person-002386","רֶ֫גֶם","hbo","canonical","accepted"
"name-7303","person-002387","利哈比雅","zh-hans","canonical","accepted"
"name-7304","person-002387","Rehabiah","en","variant","accepted"
"name-7305","person-002387","רְחַבְיָהוּ","hbo","canonical","accepted"
"name-7306","person-002388","利合","zh-hans","canonical","accepted"
"name-7307","person-002388","Rehob","en","variant","accepted"
"name-7308","person-002388","רְחוֹב","hbo","canonical","accepted"
"name-7309","person-002389","利合","zh-hans","canonical","accepted"
"name-7310","person-002389","Rehob","en","variant","accepted"
"name-7311","person-002389","רְחוֹב","hbo","canonical","accepted"
"name-7312","person-000294","罗波安","zh-hans","canonical","accepted"
"name-7313","person-002390","利宏","zh-hans","canonical","accepted"
"name-7314","person-002390","Rehum","en","variant","accepted"
"name-7315","person-002390","רְחוּם","hbo","canonical","accepted"
"name-7316","person-002390","חָרִם","hbo","canonical","accepted"
"name-7317","person-002390","נְחוּם","hbo","canonical","accepted"
"name-7318","person-002391","利宏","zh-hans","canonical","accepted"
"name-7319","person-002391","Rehum","en","variant","accepted"
"name-7320","person-002391","רְחוּם","hbo","alias","accepted"
"name-7321","person-002392","利宏","zh-hans","canonical","accepted"
"name-7322","person-002392","Rehum","en","variant","accepted"
"name-7323","person-002392","רְחוּם","hbo","canonical","accepted"
"name-7324","person-002393","利宏","zh-hans","canonical","accepted"
"name-7325","person-002393","Rehum","en","variant","accepted"
"name-7326","person-002393","רְחוּם","hbo","canonical","accepted"
"name-7327","person-002394","利以","zh-hans","canonical","accepted"
"name-7328","person-002394","Rei","en","variant","accepted"
"name-7329","person-002394","רֵעִי","hbo","canonical","accepted"
"name-7330","person-002395","利肯","zh-hans","canonical","accepted"
"name-7331","person-002395","Rekem","en","variant","accepted"
"name-7332","person-002395","רֶ֫קֶם","hbo","canonical","accepted"
"name-7333","person-002396","利金","zh-hans","canonical","accepted"
"name-7334","person-002396","Rekem","en","variant","accepted"
"name-7335","person-002396","רֶ֫קֶם","hbo","canonical","accepted"
"name-7336","person-002397","利玛利","zh-hans","canonical","accepted"
"name-7337","person-002397","Remaliah","en","variant","accepted"
"name-7338","person-002397","רְמַלְיָ֜הוּ","hbo","canonical","accepted"
"name-7339","person-002398","利法益","zh-hans","canonical","accepted"
"name-7340","person-002398","Rephael","en","variant","accepted"
"name-7341","person-002398","רְפָאֵל","hbo","canonical","accepted"
"name-7342","person-002399","利法","zh-hans","canonical","accepted"
"name-7343","person-002399","Rephah","en","variant","accepted"
"name-7344","person-002399","רֶ֫פַח","hbo","canonical","accepted"
"name-7345","person-002400","利法雅","zh-hans","canonical","accepted"
"name-7346","person-002400","Rephaiah","en","variant","accepted"
"name-7347","person-002400","רְפָיָה","hbo","canonical","accepted"
"name-7348","person-002401","利法雅","zh-hans","canonical","accepted"
"name-7349","person-002401","Rephaiah","en","variant","accepted"
"name-7350","person-002401","רְפָיָה","hbo","canonical","accepted"
"name-7351","person-002402","利法雅","zh-hans","canonical","accepted"
"name-7352","person-002402","Rephaiah","en","variant","accepted"
"name-7353","person-002402","רְפָיָה","hbo","canonical","accepted"
"name-7354","person-002403","利法雅","zh-hans","canonical","accepted"
"name-7355","person-002403","Rephaiah","en","variant","accepted"
"name-7356","person-002403","רְפָיָה","hbo","canonical","accepted"
"name-7357","person-002404","利悉","zh-hans","canonical","accepted"
"name-7358","person-002404","Resheph","en","variant","accepted"
"name-7359","person-002404","רֶ֫שֶׁף","hbo","canonical","accepted"
"name-7360","person-000295","拉吴","zh-hans","canonical","accepted"
"name-7361","person-002405","吕便","zh-hans","canonical","accepted"
"name-7362","person-002405","Reuben","en","variant","accepted"
"name-7363","person-002405","רְאוּבֵן","hbo","canonical","accepted"
"name-7364","person-002405","רְאוּבֵנִי","hbo","alias","accepted"
"name-7365","person-002405","Ῥουβήν","grc","alias","accepted"
"name-7366","person-002406","流珥","zh-hans","canonical","accepted"
"name-7367","person-002406","Reuel","en","variant","accepted"
"name-7368","person-002406","רְעוּאֵל","hbo","canonical","accepted"
"name-7369","person-002407","流珥","zh-hans","canonical","accepted"
"name-7370","person-002407","Reuel","en","variant","accepted"
"name-7371","person-002407","רְעוּאֵל","hbo","canonical","accepted"
"name-7372","person-002408","流玛","zh-hans","canonical","accepted"
"name-7373","person-002408","Reumah","en","variant","accepted"
"name-7374","person-002408","רְאוּמָה","hbo","canonical","accepted"
"name-7375","person-002409","利汛","zh-hans","canonical","accepted"
"name-7376","person-002409","Rezin","en","variant","accepted"
"name-7377","person-002409","רְצִין","hbo","canonical","accepted"
"name-7378","person-002410","利汛","zh-hans","canonical","accepted"
"name-7379","person-002410","Rezin","en","variant","accepted"
"name-7380","person-002410","רְצִין","hbo","canonical","accepted"
"name-7381","person-002411","利逊","zh-hans","canonical","accepted"
"name-7382","person-002411","Rezon","en","variant","accepted"
"name-7383","person-002411","רְזוֹן","hbo","canonical","accepted"
"name-7384","person-002412","利拜","zh-hans","canonical","accepted"
"name-7385","person-002412","Ribai","en","variant","accepted"
"name-7386","person-002412","רִיבַי","hbo","canonical","accepted"
"name-7387","person-002413","临门","zh-hans","canonical","accepted"
"name-7388","person-002413","Rimmon","en","variant","accepted"
"name-7389","person-002413","רִמּוֹן","hbo","canonical","accepted"
"name-7390","person-002414","林拿","zh-hans","canonical","accepted"
"name-7391","person-002414","Rinnah","en","variant","accepted"
"name-7392","person-002414","רִנָּה","hbo","canonical","accepted"
"name-7393","person-002415","利法","zh-hans","canonical","accepted"
"name-7394","person-002415","Riphath","en","variant","accepted"
"name-7395","person-002415","רִיפַת","hbo","canonical","accepted"
"name-7396","person-002415","דִּיפַת","hbo","variant","accepted"
"name-7397","person-002416","利写","zh-hans","canonical","accepted"
"name-7398","person-002416","Rizia","en","variant","accepted"
"name-7399","person-002416","רִצְיָא","hbo","canonical","accepted"
"name-7400","person-002417","利斯巴","zh-hans","canonical","accepted"
"name-7401","person-002417","Rizpah","en","variant","accepted"
"name-7402","person-002417","רִצְפָּה","hbo","canonical","accepted"
"name-7403","person-002418","罗迦","zh-hans","canonical","accepted"
"name-7404","person-002418","Rohgah","en","variant","accepted"
"name-7405","person-002418","רָהְגָּה","hbo","canonical","accepted"
"name-7406","person-002419","罗幔提·以谢","zh-hans","canonical","accepted"
"name-7407","person-002419","Romamti-ezer","en","variant","accepted"
"name-7408","person-002419","רֹמַ֫מְתִּי עֶ֫זֶר","hbo","canonical","accepted"
"name-7409","person-002420","罗实","zh-hans","canonical","accepted"
"name-7410","person-002420","Rosh","en","variant","accepted"
"name-7411","person-002420","רֹאשׁ","hbo","canonical","accepted"
"name-7412","person-002420","רָפָא","hbo","canonical","accepted"
"name-7413","person-000301","路得","zh-hans","canonical","accepted"
"name-7414","person-002421","撒弗他","zh-hans","canonical","accepted"
"name-7415","person-002421","Sabtah","en","variant","accepted"
"name-7416","person-002421","סַבְתָּה","hbo","canonical","accepted"
"name-7417","person-002422","撒弗提迦","zh-hans","canonical","accepted"
"name-7418","person-002422","Sabteca","en","variant","accepted"
"name-7419","person-002422","סַבְתְּכָא","hbo","canonical","accepted"
"name-7420","person-002423","沙甲","zh-hans","canonical","accepted"
"name-7421","person-002423","Sachar","en","variant","accepted"
"name-7422","person-002423","שָׂכָר","hbo","canonical","accepted"
"name-7423","person-002424","沙迦","zh-hans","canonical","accepted"
"name-7424","person-002424","Sachia","en","variant","accepted"
"name-7425","person-002424","שָֽׂכְיָה","hbo","canonical","accepted"
"name-7426","person-002425","撒来","zh-hans","canonical","accepted"
"name-7427","person-002425","Sallai","en","variant","accepted"
"name-7428","person-002425","סַלָּ֑י","hbo","canonical","accepted"
"name-7429","person-002426","撒路","zh-hans","canonical","accepted"
"name-7430","person-002426","Sallu","en","variant","accepted"
"name-7431","person-002426","סַלּוּא","hbo","canonical","accepted"
"name-7432","person-002427","撒路","zh-hans","canonical","accepted"
"name-7433","person-002427","Sallu","en","variant","accepted"
"name-7434","person-002427","סַלּוּא","hbo","canonical","accepted"
"name-7435","person-002428","撒路","zh-hans","canonical","accepted"
"name-7436","person-002428","Sallu","en","variant","accepted"
"name-7437","person-002428","סַלּוּ","hbo","canonical","accepted"
"name-7438","person-002428","סַלַּי","hbo","canonical","accepted"
"name-7439","person-002429","萨玛","zh-hans","canonical","accepted"
"name-7440","person-002429","Salma","en","variant","accepted"
"name-7441","person-002429","שַׂלְמָא","hbo","canonical","accepted"
"name-7442","person-000302","撒门","zh-hans","canonical","accepted"
"name-7443","person-002430","撒路","zh-hans","canonical","accepted"
"name-7444","person-002430","Salu","en","variant","accepted"
"name-7445","person-002430","סַלוּא","hbo","canonical","accepted"
"name-7446","person-002431","三甲·尼波","zh-hans","canonical","accepted"
"name-7447","person-002431","Samgar","en","variant","accepted"
"name-7448","person-002431","סַמְגַּר נְבוֹ","hbo","canonical","accepted"
"name-7449","person-002432","桑拉","zh-hans","canonical","accepted"
"name-7450","person-002432","Samlah","en","variant","accepted"
"name-7451","person-002432","שַׂמְלָה","hbo","canonical","accepted"
"name-7452","person-000305","参孙","zh-hans","canonical","accepted"
"name-7453","person-000306","撒母耳","zh-hans","canonical","accepted"
"name-7454","person-002433","参巴拉","zh-hans","canonical","accepted"
"name-7455","person-002433","Sanballat","en","variant","accepted"
"name-7456","person-002433","סַנְבַלַּט","hbo","canonical","accepted"
"name-7457","person-002434","撒弗","zh-hans","canonical","accepted"
"name-7458","person-002434","Saph","en","variant","accepted"
"name-7459","person-002434","סַף","hbo","canonical","accepted"
"name-7460","person-002434","סִפַּי","hbo","canonical","accepted"
"name-7461","person-000308","撒拉","zh-hans","canonical","accepted"
"name-7462","person-002435","萨拉","zh-hans","canonical","accepted"
"name-7463","person-002435","Saraph","en","variant","accepted"
"name-7464","person-002435","שָׂרָף","hbo","canonical","accepted"
"name-7465","person-000309","扫罗","zh-hans","canonical","accepted"
"name-7466","person-002436","西巴","zh-hans","canonical","accepted"
"name-7467","person-002436","Seba","en","variant","accepted"
"name-7468","person-002436","סְבָא","hbo","canonical","accepted"
"name-7469","person-002437","西割","zh-hans","canonical","accepted"
"name-7470","person-002437","Segub","en","variant","accepted"
"name-7471","person-002437","שְׂגוּב","hbo","canonical","accepted"
"name-7472","person-002438","西割","zh-hans","canonical","accepted"
"name-7473","person-002438","Segub","en","variant","accepted"
"name-7474","person-002438","שְׂגוּב","hbo","canonical","accepted"
"name-7475","person-002439","西珥","zh-hans","canonical","accepted"
"name-7476","person-002439","Seir","en","variant","accepted"
"name-7477","person-002439","שֵׂעִיר","hbo","canonical","accepted"
"name-7478","person-002440","西列","zh-hans","canonical","accepted"
"name-7479","person-002440","Seled","en","variant","accepted"
"name-7480","person-002440","סֶ֫לֶד","hbo","canonical","accepted"
"name-7481","person-002441","西玛迦","zh-hans","canonical","accepted"
"name-7482","person-002441","Semachiah","en","variant","accepted"
"name-7483","person-002441","סְמַכְיָהוּ","hbo","canonical","accepted"
"name-7484","person-002442","西拿基立","zh-hans","canonical","accepted"
"name-7485","person-002442","Sennacherib","en","variant","accepted"
"name-7486","person-002442","סַנְחֵרִיב","hbo","canonical","accepted"
"name-7487","person-002442","סַרְגוֹן","hbo","canonical","accepted"
"name-7488","person-002443","梭琳","zh-hans","canonical","accepted"
"name-7489","person-002443","Seorim","en","variant","accepted"
"name-7490","person-002443","שְׂעֹרִים","hbo","canonical","accepted"
"name-7491","person-002444","西拉","zh-hans","canonical","accepted"
"name-7492","person-002444","Serah","en","variant","accepted"
"name-7493","person-002444","שֶׂ֫רַח, שָׂ֫רַח","hbo","canonical","accepted"
"name-7494","person-002445","西莱雅","zh-hans","canonical","accepted"
"name-7495","person-002445","Seraiah","en","variant","accepted"
"name-7496","person-002445","שְׂרָיָהוּ","hbo","canonical","accepted"
"name-7497","person-002446","西莱雅","zh-hans","canonical","accepted"
"name-7498","person-002446","Seraiah","en","variant","accepted"
"name-7499","person-002446","שְׂרָיָהוּ","hbo","canonical","accepted"
"name-7500","person-002447","西莱雅","zh-hans","canonical","accepted"
"name-7501","person-002447","Seraiah","en","variant","accepted"
"name-7502","person-002447","שְׂרָיָהוּ","hbo","canonical","accepted"
"name-7503","person-002448","西莱雅","zh-hans","canonical","accepted"
"name-7504","person-002448","Seraiah","en","variant","accepted"
"name-7505","person-002448","שְׂרָיָהוּ","hbo","canonical","accepted"
"name-7506","person-002449","西莱雅","zh-hans","canonical","accepted"
"name-7507","person-002449","Seraiah","en","variant","accepted"
"name-7508","person-002449","שְׂרָיָהוּ","hbo","canonical","accepted"
"name-7509","person-002449","שַׁוְשָׁא","hbo","canonical","accepted"
"name-7510","person-002449","שְׁוָא","hbo","canonical","accepted"
"name-7511","person-002449","שְׁיָא","hbo","variant","accepted"
"name-7512","person-002449","שִׁישָׁא","hbo","canonical","accepted"
"name-7513","person-002450","西莱雅","zh-hans","canonical","accepted"
"name-7514","person-002450","Seraiah","en","variant","accepted"
"name-7515","person-002450","שְׂרָיָהוּ","hbo","canonical","accepted"
"name-7516","person-002451","西莱雅","zh-hans","canonical","accepted"
"name-7517","person-002451","Seraiah","en","variant","accepted"
"name-7518","person-002451","שְׂרָיָהוּ","hbo","canonical","accepted"
"name-7519","person-002452","西莱雅","zh-hans","canonical","accepted"
"name-7520","person-002452","Seraiah","en","variant","accepted"
"name-7521","person-002452","שְׂרָיָהוּ","hbo","canonical","accepted"
"name-7522","person-002453","西烈","zh-hans","canonical","accepted"
"name-7523","person-002453","Sered","en","variant","accepted"
"name-7524","person-002453","סֶ֫רֶד","hbo","canonical","accepted"
"name-7525","person-002453","סַרְדִּי","hbo","alias","accepted"
"name-7526","person-000314","西鹿","zh-hans","canonical","accepted"
"name-7527","person-000315","塞特","zh-hans","canonical","accepted"
"name-7528","person-002454","西帖","zh-hans","canonical","accepted"
"name-7529","person-002454","Sethur","en","variant","accepted"
"name-7530","person-002454","סְתוּר","hbo","canonical","accepted"
"name-7531","person-002455","沙亚弗","zh-hans","canonical","accepted"
"name-7532","person-002455","Shaaph","en","variant","accepted"
"name-7533","person-002455","שַׁ֫עַף","hbo","canonical","accepted"
"name-7534","person-002456","沙亚弗","zh-hans","canonical","accepted"
"name-7535","person-002456","Shaaph","en","variant","accepted"
"name-7536","person-002456","שַׁ֫עַף","hbo","canonical","accepted"
"name-7537","person-002457","沙甲","zh-hans","canonical","accepted"
"name-7538","person-002457","Shaashgaz","en","variant","accepted"
"name-7539","person-002457","שַׁעַשְׁגַּז","hbo","canonical","accepted"
"name-7540","person-002458","沙比太","zh-hans","canonical","accepted"
"name-7541","person-002458","Shabbethai","en","variant","accepted"
"name-7542","person-002458","שַׁבְּתַי","hbo","canonical","accepted"
"name-7543","person-002459","沙比太","zh-hans","canonical","accepted"
"name-7544","person-002459","Shabbethai","en","variant","accepted"
"name-7545","person-002459","שַׁבְּתַי","hbo","canonical","accepted"
"name-7546","person-002460","沙比太","zh-hans","canonical","accepted"
"name-7547","person-002460","Shabbethai","en","variant","accepted"
"name-7548","person-002460","שַׁבְּתַי","hbo","canonical","accepted"
"name-7549","person-002461","沙哈连","zh-hans","canonical","accepted"
"name-7550","person-002461","Shaharaim","en","variant","accepted"
"name-7551","person-002461","שַׁחֲרַ֫יִם","hbo","canonical","accepted"
"name-7552","person-002462","沙龙","zh-hans","canonical","accepted"
"name-7553","person-002462","Shallum","en","variant","accepted"
"name-7554","person-002462","שַׁלּוּם","hbo","canonical","accepted"
"name-7555","person-002463","沙龙","zh-hans","canonical","accepted"
"name-7556","person-002463","Shallum","en","variant","accepted"
"name-7557","person-002463","שַׁלּוּם","hbo","canonical","accepted"
"name-7558","person-002464","沙龙","zh-hans","canonical","accepted"
"name-7559","person-002464","Shallum","en","variant","accepted"
"name-7560","person-002464","שַׁלּוּם","hbo","canonical","accepted"
"name-7561","person-002465","沙龙","zh-hans","canonical","accepted"
"name-7562","person-002465","Shallum","en","variant","accepted"
"name-7563","person-002465","שַׁלּוּם","hbo","canonical","accepted"
"name-7564","person-002465","מְשֻׁלָּם","hbo","canonical","accepted"
"name-7565","person-002466","沙龙","zh-hans","canonical","accepted"
"name-7566","person-002466","Shallum","en","variant","accepted"
"name-7567","person-002466","שַׁלּוּם","hbo","canonical","accepted"
"name-7568","person-002467","沙龙","zh-hans","canonical","accepted"
"name-7569","person-002467","Shallum","en","variant","accepted"
"name-7570","person-002467","שַׁלּוּם","hbo","canonical","accepted"
"name-7571","person-002468","沙龙","zh-hans","canonical","accepted"
"name-7572","person-002468","Shallum","en","variant","accepted"
"name-7573","person-002468","שַׁלּוּם","hbo","canonical","accepted"
"name-7574","person-002469","沙龙","zh-hans","canonical","accepted"
"name-7575","person-002469","Shallum","en","variant","accepted"
"name-7576","person-002469","שַׁלּוּם","hbo","canonical","accepted"
"name-7577","person-002470","沙龙","zh-hans","canonical","accepted"
"name-7578","person-002470","Shallum","en","variant","accepted"
"name-7579","person-002470","שַׁלּוּם","hbo","canonical","accepted"
"name-7580","person-002471","沙龙","zh-hans","canonical","accepted"
"name-7581","person-002471","Shallum","en","variant","accepted"
"name-7582","person-002471","שַׁלּוּם","hbo","canonical","accepted"
"name-7583","person-002472","沙龙","zh-hans","canonical","accepted"
"name-7584","person-002472","Shallum","en","variant","accepted"
"name-7585","person-002472","שַׁלּוּם","hbo","canonical","accepted"
"name-7586","person-002473","沙龙","zh-hans","canonical","accepted"
"name-7587","person-002473","Shallum","en","variant","accepted"
"name-7588","person-002473","שַׁלּוּם","hbo","canonical","accepted"
"name-7589","person-002474","沙龙","zh-hans","canonical","accepted"
"name-7590","person-002474","Shallum","en","variant","accepted"
"name-7591","person-002474","שַׁלּוּם","hbo","canonical","accepted"
"name-7592","person-002475","沙仑","zh-hans","canonical","accepted"
"name-7593","person-002475","Shallum","en","variant","accepted"
"name-7594","person-002475","שַׁלּוּן","hbo","canonical","accepted"
"name-7595","person-002476","萨买","zh-hans","canonical","accepted"
"name-7596","person-002476","Shalmai","en","variant","accepted"
"name-7597","person-002476","שַׂלְמַי","hbo","canonical","accepted"
"name-7598","person-002476","שַׁמְלַי","hbo","canonical","accepted"
"name-7599","person-002477","撒缦以色","zh-hans","canonical","accepted"
"name-7600","person-002477","Shalmaneser","en","variant","accepted"
"name-7601","person-002477","שַׁלְמַנְאֶ֫סֶר","hbo","canonical","accepted"
"name-7602","person-002477","שַׁלְמַן","hbo","canonical","accepted"
"name-7603","person-002478","沙玛","zh-hans","canonical","accepted"
"name-7604","person-002478","Shama","en","variant","accepted"
"name-7605","person-002478","שָׁמָע","hbo","canonical","accepted"
"name-7606","person-002479","珊迦","zh-hans","canonical","accepted"
"name-7607","person-002479","Shamgar","en","variant","accepted"
"name-7608","person-002479","שַׁמְגַּר","hbo","canonical","accepted"
"name-7609","person-002480","珊合","zh-hans","canonical","accepted"
"name-7610","person-002480","Shamhuth","en","variant","accepted"
"name-7611","person-002480","שַׁמְהוּת","hbo","canonical","accepted"
"name-7612","person-002481","沙密","zh-hans","canonical","accepted"
"name-7613","person-002481","Shamir","en","variant","accepted"
"name-7614","person-002481","שָׁמִיר","hbo","canonical","accepted"
"name-7615","person-002481","שָׁמוּר","hbo","variant","accepted"
"name-7616","person-002482","珊玛","zh-hans","canonical","accepted"
"name-7617","person-002482","Shamma","en","variant","accepted"
"name-7618","person-002482","שַׁמָּא","hbo","canonical","accepted"
"name-7619","person-002483","沙玛","zh-hans","canonical","accepted"
"name-7620","person-002483","Shammah","en","variant","accepted"
"name-7621","person-002483","שַׁמָּא","hbo","canonical","accepted"
"name-7622","person-002484","沙玛","zh-hans","canonical","accepted"
"name-7623","person-002484","Shammah","en","variant","accepted"
"name-7624","person-002484","שַׁמָּה","hbo","canonical","accepted"
"name-7625","person-002484","שַׁמּוֹת","hbo","canonical","accepted"
"name-7626","person-002485","沙玛","zh-hans","canonical","accepted"
"name-7627","person-002485","Shammah","en","variant","accepted"
"name-7628","person-002485","שַׁמָּה","hbo","canonical","accepted"
"name-7629","person-002485","שָׁגֵה","hbo","canonical","accepted"
"name-7630","person-002486","沙玛","zh-hans","canonical","accepted"
"name-7631","person-002486","Shammah","en","variant","accepted"
"name-7632","person-002486","שַׁמָּה","hbo","canonical","accepted"
"name-7633","person-002487","沙买","zh-hans","canonical","accepted"
"name-7634","person-002487","Shammai","en","variant","accepted"
"name-7635","person-002487","שַׁמַּי","hbo","canonical","accepted"
"name-7636","person-002488","沙买","zh-hans","canonical","accepted"
"name-7637","person-002488","Shammai","en","variant","accepted"
"name-7638","person-002488","שַׁמַּי","hbo","canonical","accepted"
"name-7639","person-002489","沙买","zh-hans","canonical","accepted"
"name-7640","person-002489","Shammai","en","variant","accepted"
"name-7641","person-002489","שַׁמַּי","hbo","canonical","accepted"
"name-7642","person-002490","沙母亚","zh-hans","canonical","accepted"
"name-7643","person-002490","Shammua","en","variant","accepted"
"name-7644","person-002490","שַׁמּוּעַ","hbo","canonical","accepted"
"name-7645","person-002490","שִׁמְעָא, שִׁמְעָה","hbo","canonical","accepted"
"name-7646","person-002491","沙母亚","zh-hans","canonical","accepted"
"name-7647","person-002491","Shammua","en","variant","accepted"
"name-7648","person-002491","שַׁמּוּעַ","hbo","canonical","accepted"
"name-7649","person-002492","沙母亚","zh-hans","canonical","accepted"
"name-7650","person-002492","Shammua","en","variant","accepted"
"name-7651","person-002492","שַׁמּוּעַ","hbo","canonical","accepted"
"name-7652","person-002493","珊示莱","zh-hans","canonical","accepted"
"name-7653","person-002493","Shamsherai","en","variant","accepted"
"name-7654","person-002493","שַׁמְשְׁרַי","hbo","canonical","accepted"
"name-7655","person-002494","沙番","zh-hans","canonical","accepted"
"name-7656","person-002494","Shapham","en","variant","accepted"
"name-7657","person-002494","שָׁפָם","hbo","canonical","accepted"
"name-7658","person-002495","沙番","zh-hans","canonical","accepted"
"name-7659","person-002495","Shaphan","en","variant","accepted"
"name-7660","person-002495","שָׁפָן","hbo","canonical","accepted"
"name-7661","person-002496","沙番","zh-hans","canonical","accepted"
"name-7662","person-002496","Shaphan","en","variant","accepted"
"name-7663","person-002496","שָׁפָן","hbo","canonical","accepted"
"name-7664","person-002497","沙法","zh-hans","canonical","accepted"
"name-7665","person-002497","Shaphat","en","variant","accepted"
"name-7666","person-002497","שָׁפָט","hbo","canonical","accepted"
"name-7667","person-002498","沙法","zh-hans","canonical","accepted"
"name-7668","person-002498","Shaphat","en","variant","accepted"
"name-7669","person-002498","שָׁפָט","hbo","canonical","accepted"
"name-7670","person-002499","沙法","zh-hans","canonical","accepted"
"name-7671","person-002499","Shaphat","en","variant","accepted"
"name-7672","person-002499","שָׁפָט","hbo","canonical","accepted"
"name-7673","person-002500","沙法","zh-hans","canonical","accepted"
"name-7674","person-002500","Shaphat","en","variant","accepted"
"name-7675","person-002500","שָׁפָט","hbo","canonical","accepted"
"name-7676","person-002501","沙法","zh-hans","canonical","accepted"
"name-7677","person-002501","Shaphat","en","variant","accepted"
"name-7678","person-002501","שָׁפָט","hbo","canonical","accepted"
"name-7679","person-002502","沙赖","zh-hans","canonical","accepted"
"name-7680","person-002502","Sharai","en","variant","accepted"
"name-7681","person-002502","שָׁרָ֑י","hbo","canonical","accepted"
"name-7682","person-002503","沙拉","zh-hans","canonical","accepted"
"name-7683","person-002503","Sharar","en","variant","accepted"
"name-7684","person-002503","שָׁרָר","hbo","canonical","accepted"
"name-7685","person-002503","שָׂכָר","hbo","canonical","accepted"
"name-7686","person-002504","沙利色","zh-hans","canonical","accepted"
"name-7687","person-002504","Sharezer","en","variant","accepted"
"name-7688","person-002504","שַׁרְאֶ֫צֶר","hbo","canonical","accepted"
"name-7689","person-002505","沙利色","zh-hans","canonical","accepted"
"name-7690","person-002505","Sharezer","en","variant","accepted"
"name-7691","person-002505","שַׁרְאֶ֫צֶר","hbo","canonical","accepted"
"name-7692","person-002506","沙赛","zh-hans","canonical","accepted"
"name-7693","person-002506","Shashai","en","variant","accepted"
"name-7694","person-002506","שָׁשַׁי","hbo","canonical","accepted"
"name-7695","person-002507","沙煞","zh-hans","canonical","accepted"
"name-7696","person-002507","Shashak","en","variant","accepted"
"name-7697","person-002507","שָׁשָׁק","hbo","canonical","accepted"
"name-7698","person-002508","少罗","zh-hans","canonical","accepted"
"name-7699","person-002508","Shaul","en","variant","accepted"
"name-7700","person-002508","שָׁאוּל","hbo","canonical","accepted"
"name-7701","person-002508","יוֹאֵל","hbo","canonical","accepted"
"name-7702","person-002509","扫罗","zh-hans","canonical","accepted"
"name-7703","person-002509","Shaul","en","variant","accepted"
"name-7704","person-002509","שָׁאוּל","hbo","canonical","accepted"
"name-7705","person-002510","扫罗","zh-hans","canonical","accepted"
"name-7706","person-002510","Shaul","en","variant","accepted"
"name-7707","person-002510","שָׁאוּל","hbo","canonical","accepted"
"name-7708","person-002510","שָׁאוּלִי","hbo","alias","accepted"
"name-7709","person-002511","示押","zh-hans","canonical","accepted"
"name-7710","person-002511","Sheal","en","variant","accepted"
"name-7711","person-002511","שְׁאָל","hbo","canonical","accepted"
"name-7712","person-000316","撒拉铁","zh-hans","canonical","accepted"
"name-7713","person-002512","施亚雅述","zh-hans","canonical","accepted"
"name-7714","person-002512","Shear-jashub","en","variant","accepted"
"name-7715","person-002512","שְׁאָר יָשׁוּב","hbo","canonical","accepted"
"name-7716","person-002513","示亚利雅","zh-hans","canonical","accepted"
"name-7717","person-002513","Sheariah","en","variant","accepted"
"name-7718","person-002513","שְׁעַרְיָה","hbo","canonical","accepted"
"name-7719","person-002514","示巴","zh-hans","canonical","accepted"
"name-7720","person-002514","Sheba","en","variant","accepted"
"name-7721","person-002514","שֶׁ֫בַע","hbo","canonical","accepted"
"name-7722","person-002515","示巴","zh-hans","canonical","accepted"
"name-7723","person-002515","Sheba","en","variant","accepted"
"name-7724","person-002515","שֶׁ֫בַע","hbo","canonical","accepted"
"name-7725","person-002516","示巴","zh-hans","canonical","accepted"
"name-7726","person-002516","Sheba","en","variant","accepted"
"name-7727","person-002516","שְׁבָא","hbo","canonical","accepted"
"name-7728","person-002517","示巴","zh-hans","canonical","accepted"
"name-7729","person-002517","Sheba","en","variant","accepted"
"name-7730","person-002517","שְׁבָא","hbo","canonical","accepted"
"name-7731","person-002517","שְׁבָאִי","hbo","alias","accepted"
"name-7732","person-002517","סְבָאִים","hbo","alias","accepted"
"name-7733","person-002518","示巴","zh-hans","canonical","accepted"
"name-7734","person-002518","Sheba","en","variant","accepted"
"name-7735","person-002518","שְׁבָא","hbo","canonical","accepted"
"name-7736","person-002519","示巴尼","zh-hans","canonical","accepted"
"name-7737","person-002519","Shebaniah","en","variant","accepted"
"name-7738","person-002519","שְׁבַנְיָהוּ","hbo","canonical","accepted"
"name-7739","person-002520","示巴尼","zh-hans","canonical","accepted"
"name-7740","person-002520","Shebaniah","en","variant","accepted"
"name-7741","person-002520","שְׁבַנְיָהוּ","hbo","canonical","accepted"
"name-7742","person-002521","示巴尼","zh-hans","canonical","accepted"
"name-7743","person-002521","Shebaniah","en","variant","accepted"
"name-7744","person-002521","שְׁבַנְיָהוּ","hbo","canonical","accepted"
"name-7745","person-002521","שְׁכַנְיָהוּ","hbo","canonical","accepted"
"name-7746","person-002522","示巴尼","zh-hans","canonical","accepted"
"name-7747","person-002522","Shebaniah","en","variant","accepted"
"name-7748","person-002522","שְׁבַנְיָהוּ","hbo","canonical","accepted"
"name-7749","person-002523","示别","zh-hans","canonical","accepted"
"name-7750","person-002523","Sheber","en","variant","accepted"
"name-7751","person-002523","שֶׁ֫בֶר","hbo","canonical","accepted"
"name-7752","person-002524","舍伯那","zh-hans","canonical","accepted"
"name-7753","person-002524","Shebna","en","variant","accepted"
"name-7754","person-002524","שֶׁבְנָא","hbo","canonical","accepted"
"name-7755","person-002525","细布业","zh-hans","canonical","accepted"
"name-7756","person-002525","Shebuel","en","variant","accepted"
"name-7757","person-002525","שְׁבוּאֵל","hbo","canonical","accepted"
"name-7758","person-002526","书巴业","zh-hans","canonical","accepted"
"name-7759","person-002526","Shebuel","en","variant","accepted"
"name-7760","person-002526","שְׁבוּאֵל","hbo","canonical","accepted"
"name-7761","person-002527","示迦尼","zh-hans","canonical","accepted"
"name-7762","person-002527","Shecaniah","en","variant","accepted"
"name-7763","person-002527","שְׁכַנְיָהוּ","hbo","canonical","accepted"
"name-7764","person-002528","示迦尼","zh-hans","canonical","accepted"
"name-7765","person-002528","Shecaniah","en","variant","accepted"
"name-7766","person-002528","שְׁכַנְיָהוּ","hbo","canonical","accepted"
"name-7767","person-002529","示迦尼雅","zh-hans","canonical","accepted"
"name-7768","person-002529","Shecaniah","en","variant","accepted"
"name-7769","person-002529","שְׁכַנְיָהוּ","hbo","canonical","accepted"
"name-7770","person-002530","示迦尼","zh-hans","canonical","accepted"
"name-7771","person-002530","Shecaniah","en","variant","accepted"
"name-7772","person-002530","שְׁכַנְיָהוּ","hbo","canonical","accepted"
"name-7773","person-002531","示迦尼","zh-hans","canonical","accepted"
"name-7774","person-002531","Shecaniah","en","variant","accepted"
"name-7775","person-002531","שְׁכַנְיָהוּ","hbo","canonical","accepted"
"name-7776","person-002532","示迦尼","zh-hans","canonical","accepted"
"name-7777","person-002532","Shecaniah","en","variant","accepted"
"name-7778","person-002532","שְׁכַנְיָהוּ","hbo","canonical","accepted"
"name-7779","person-002533","示迦尼","zh-hans","canonical","accepted"
"name-7780","person-002533","Shecaniah","en","variant","accepted"
"name-7781","person-002533","שְׁכַנְיָהוּ","hbo","canonical","accepted"
"name-7782","person-002534","示剑","zh-hans","canonical","accepted"
"name-7783","person-002534","Shechem","en","variant","accepted"
"name-7784","person-002534","שֶׁ֫כֶם","hbo","canonical","accepted"
"name-7785","person-002535","示剑","zh-hans","canonical","accepted"
"name-7786","person-002535","Shechem","en","variant","accepted"
"name-7787","person-002535","שְׁכֶם","hbo","canonical","accepted"
"name-7788","person-002536","示剑","zh-hans","canonical","accepted"
"name-7789","person-002536","Shechem","en","variant","accepted"
"name-7790","person-002536","שֶׁ֫כֶם","hbo","canonical","accepted"
"name-7791","person-002536","שִׁכְמִי","hbo","alias","accepted"
"name-7792","person-002537","示丢珥","zh-hans","canonical","accepted"
"name-7793","person-002537","Shedeur","en","variant","accepted"
"name-7794","person-002537","שְׁדֵיאוּר","hbo","canonical","accepted"
"name-7795","person-002538","舍伊拉","zh-hans","canonical","accepted"
"name-7796","person-002538","Sheerah","en","variant","accepted"
"name-7797","person-002538","שֶׁאֱרָה","hbo","canonical","accepted"
"name-7798","person-002539","示哈利","zh-hans","canonical","accepted"
"name-7799","person-002539","Shehariah","en","variant","accepted"
"name-7800","person-002539","שְׁחַרְיָה","hbo","canonical","accepted"
"name-7801","person-000318","沙拉","zh-hans","canonical","accepted"
"name-7802","person-002540","示拉","zh-hans","canonical","accepted"
"name-7803","person-002540","Shelah","en","variant","accepted"
"name-7804","person-002540","שֵׁלָה","hbo","canonical","accepted"
"name-7805","person-002540","שֵׁלָנִי","hbo","alias","accepted"
"name-7806","person-002541","示利米雅","zh-hans","canonical","accepted"
"name-7807","person-002541","Shelemiah","en","variant","accepted"
"name-7808","person-002541","שֶׁלֶמְיָהוּ","hbo","canonical","accepted"
"name-7809","person-002542","示利米雅","zh-hans","canonical","accepted"
"name-7810","person-002542","Shelemiah","en","variant","accepted"
"name-7811","person-002542","שֶׁלֶמְיָהוּ","hbo","canonical","accepted"
"name-7812","person-002543","示利米雅","zh-hans","canonical","accepted"
"name-7813","person-002543","Shelemiah","en","variant","accepted"
"name-7814","person-002543","שֶׁלֶמְיָהוּ","hbo","canonical","accepted"
"name-7815","person-002544","示利米雅","zh-hans","canonical","accepted"
"name-7816","person-002544","Shelemiah","en","variant","accepted"
"name-7817","person-002544","שֶׁלֶמְיָהוּ","hbo","canonical","accepted"
"name-7818","person-002545","示利米雅","zh-hans","canonical","accepted"
"name-7819","person-002545","Shelemiah","en","variant","accepted"
"name-7820","person-002545","שֶׁלֶמְיָהוּ","hbo","canonical","accepted"
"name-7821","person-002546","示利米雅","zh-hans","canonical","accepted"
"name-7822","person-002546","Shelemiah","en","variant","accepted"
"name-7823","person-002546","שֶׁלֶמְיָהוּ","hbo","canonical","accepted"
"name-7824","person-002547","示利米雅","zh-hans","canonical","accepted"
"name-7825","person-002547","Shelemiah","en","variant","accepted"
"name-7826","person-002547","שֶׁלֶמְיָהוּ","hbo","canonical","accepted"
"name-7827","person-002548","示利米雅","zh-hans","canonical","accepted"
"name-7828","person-002548","Shelemiah","en","variant","accepted"
"name-7829","person-002548","שֶׁלֶמְיָהוּ","hbo","canonical","accepted"
"name-7830","person-002549","沙列","zh-hans","canonical","accepted"
"name-7831","person-002549","Sheleph","en","variant","accepted"
"name-7832","person-002549","שֶׁ֫לֶף","hbo","canonical","accepted"
"name-7833","person-002550","示利斯","zh-hans","canonical","accepted"
"name-7834","person-002550","Shelesh","en","variant","accepted"
"name-7835","person-002550","שֶׁ֫לֶשׁ","hbo","canonical","accepted"
"name-7836","person-002551","示罗米","zh-hans","canonical","accepted"
"name-7837","person-002551","Shelomi","en","variant","accepted"
"name-7838","person-002551","שְׁלֹמִי","hbo","canonical","accepted"
"name-7839","person-002552","示罗摩","zh-hans","canonical","accepted"
"name-7840","person-002552","Shelomith","en","variant","accepted"
"name-7841","person-002552","שְׁלֹמִית","hbo","canonical","accepted"
"name-7842","person-002552","שְׁלֹמוֹת","hbo","variant","accepted"
"name-7843","person-002553","示罗密","zh-hans","canonical","accepted"
"name-7844","person-002553","Shelomith","en","variant","accepted"
"name-7845","person-002553","שְׁלֹמִית","hbo","canonical","accepted"
"name-7846","person-002554","示罗密","zh-hans","canonical","accepted"
"name-7847","person-002554","Shelomith","en","variant","accepted"
"name-7848","person-002554","שְׁלֹמִית","hbo","canonical","accepted"
"name-7849","person-002555","示罗密","zh-hans","canonical","accepted"
"name-7850","person-002555","Shelomith","en","variant","accepted"
"name-7851","person-002555","שְׁלֹמִית","hbo","canonical","accepted"
"name-7852","person-002556","示罗密","zh-hans","canonical","accepted"
"name-7853","person-002556","Shelomith","en","variant","accepted"
"name-7854","person-002556","שְׁלֹמִית","hbo","canonical","accepted"
"name-7855","person-002557","示罗密","zh-hans","canonical","accepted"
"name-7856","person-002557","Shelomoth","en","variant","accepted"
"name-7857","person-002557","שְׁלֹמוֹת","hbo","canonical","accepted"
"name-7858","person-002557","שְׁלֹמִית","hbo","variant","accepted"
"name-7859","person-002558","示罗密","zh-hans","canonical","accepted"
"name-7860","person-002558","Shelomoth","en","variant","accepted"
"name-7861","person-002558","שְׁלֹמוֹת","hbo","canonical","accepted"
"name-7862","person-002558","שְׁלֹמִית","hbo","canonical","accepted"
"name-7863","person-002559","示路蔑","zh-hans","canonical","accepted"
"name-7864","person-002559","Shelumiel","en","variant","accepted"
"name-7865","person-002559","שְׁלֻמִיאֵל","hbo","canonical","accepted"
"name-7866","person-000319","闪","zh-hans","canonical","accepted"
"name-7867","person-002560","示玛","zh-hans","canonical","accepted"
"name-7868","person-002560","Shema","en","variant","accepted"
"name-7869","person-002560","שֶׁ֫מַע","hbo","canonical","accepted"
"name-7870","person-002561","示玛","zh-hans","canonical","accepted"
"name-7871","person-002561","Shema","en","variant","accepted"
"name-7872","person-002561","שֶׁ֫מַע","hbo","canonical","accepted"
"name-7873","person-002562","示玛","zh-hans","canonical","accepted"
"name-7874","person-002562","Shema","en","variant","accepted"
"name-7875","person-002562","שֶׁ֫מַע","hbo","canonical","accepted"
"name-7876","person-002563","示玛","zh-hans","canonical","accepted"
"name-7877","person-002563","Shema","en","variant","accepted"
"name-7878","person-002563","שֶׁ֫מַע","hbo","canonical","accepted"
"name-7879","person-002564","示玛","zh-hans","canonical","accepted"
"name-7880","person-002564","Shemaah","en","variant","accepted"
"name-7881","person-002564","שְׁמָעָה","hbo","canonical","accepted"
"name-7882","person-002565","示玛雅","zh-hans","canonical","accepted"
"name-7883","person-002565","Shemaiah","en","variant","accepted"
"name-7884","person-002565","שְׁמַעְיָ֫הוּ","hbo","canonical","accepted"
"name-7885","person-002566","示玛雅","zh-hans","canonical","accepted"
"name-7886","person-002566","Shemaiah","en","variant","accepted"
"name-7887","person-002566","שְׁמַעְיָ֫הוּ","hbo","canonical","accepted"
"name-7888","person-002567","示玛雅","zh-hans","canonical","accepted"
"name-7889","person-002567","Shemaiah","en","variant","accepted"
"name-7890","person-002567","שְׁמַעְיָ֫הוּ","hbo","canonical","accepted"
"name-7891","person-002568","示玛雅","zh-hans","canonical","accepted"
"name-7892","person-002568","Shemaiah","en","variant","accepted"
"name-7893","person-002568","שְׁמַעְיָ֫הוּ","hbo","canonical","accepted"
"name-7894","person-002569","示玛雅","zh-hans","canonical","accepted"
"name-7895","person-002569","Shemaiah","en","variant","accepted"
"name-7896","person-002569","שְׁמַעְיָ֫הוּ","hbo","canonical","accepted"
"name-7897","person-002570","示玛雅","zh-hans","canonical","accepted"
"name-7898","person-002570","Shemaiah","en","variant","accepted"
"name-7899","person-002570","שְׁמַעְיָ֫הוּ","hbo","canonical","accepted"
"name-7900","person-002571","示玛雅","zh-hans","canonical","accepted"
"name-7901","person-002571","Shemaiah","en","variant","accepted"
"name-7902","person-002571","שְׁמַעְיָ֫הוּ","hbo","canonical","accepted"
"name-7903","person-002572","示玛雅","zh-hans","canonical","accepted"
"name-7904","person-002572","Shemaiah","en","variant","accepted"
"name-7905","person-002572","שְׁמַעְיָ֫הוּ","hbo","canonical","accepted"
"name-7906","person-002572","שַׁמּוּעַ","hbo","canonical","accepted"
"name-7907","person-002573","示玛雅","zh-hans","canonical","accepted"
"name-7908","person-002573","Shemaiah","en","variant","accepted"
"name-7909","person-002573","שְׁמַעְיָ֫הוּ","hbo","canonical","accepted"
"name-7910","person-002574","示玛雅","zh-hans","canonical","accepted"
"name-7911","person-002574","Shemaiah","en","variant","accepted"
"name-7912","person-002574","שְׁמַעְיָ֫הוּ","hbo","canonical","accepted"
"name-7913","person-002575","示玛雅","zh-hans","canonical","accepted"
"name-7914","person-002575","Shemaiah","en","variant","accepted"
"name-7915","person-002575","שְׁמַעְיָ֫הוּ","hbo","canonical","accepted"
"name-7916","person-002576","示玛雅","zh-hans","canonical","accepted"
"name-7917","person-002576","Shemaiah","en","variant","accepted"
"name-7918","person-002576","שְׁמַעְיָ֫הוּ","hbo","canonical","accepted"
"name-7919","person-002577","示玛雅","zh-hans","canonical","accepted"
"name-7920","person-002577","Shemaiah","en","variant","accepted"
"name-7921","person-002577","שְׁמַעְיָ֫הוּ","hbo","canonical","accepted"
"name-7922","person-002578","示玛雅","zh-hans","canonical","accepted"
"name-7923","person-002578","Shemaiah","en","variant","accepted"
"name-7924","person-002578","שְׁמַעְיָ֫הוּ","hbo","canonical","accepted"
"name-7925","person-002579","示玛雅","zh-hans","canonical","accepted"
"name-7926","person-002579","Shemaiah","en","variant","accepted"
"name-7927","person-002579","שְׁמַעְיָ֫הוּ","hbo","canonical","accepted"
"name-7928","person-002580","示玛雅","zh-hans","canonical","accepted"
"name-7929","person-002580","Shemaiah","en","variant","accepted"
"name-7930","person-002580","שְׁמַעְיָ֫הוּ","hbo","canonical","accepted"
"name-7931","person-002581","示玛雅","zh-hans","canonical","accepted"
"name-7932","person-002581","Shemaiah","en","variant","accepted"
"name-7933","person-002581","שְׁמַעְיָ֫הוּ","hbo","canonical","accepted"
"name-7934","person-002582","示玛雅","zh-hans","canonical","accepted"
"name-7935","person-002582","Shemaiah","en","variant","accepted"
"name-7936","person-002582","שְׁמַעְיָ֫הוּ","hbo","canonical","accepted"
"name-7937","person-002583","示玛雅","zh-hans","canonical","accepted"
"name-7938","person-002583","Shemaiah","en","variant","accepted"
"name-7939","person-002583","שְׁמַעְיָ֫הוּ","hbo","canonical","accepted"
"name-7940","person-002584","示玛雅","zh-hans","canonical","accepted"
"name-7941","person-002584","Shemaiah","en","variant","accepted"
"name-7942","person-002584","שְׁמַעְיָ֫הוּ","hbo","canonical","accepted"
"name-7943","person-002585","示玛雅","zh-hans","canonical","accepted"
"name-7944","person-002585","Shemaiah","en","variant","accepted"
"name-7945","person-002585","שְׁמַעְיָ֫הוּ","hbo","canonical","accepted"
"name-7946","person-002586","示玛雅","zh-hans","canonical","accepted"
"name-7947","person-002586","Shemaiah","en","variant","accepted"
"name-7948","person-002586","שְׁמַעְיָ֫הוּ","hbo","canonical","accepted"
"name-7949","person-002587","示玛雅","zh-hans","canonical","accepted"
"name-7950","person-002587","Shemaiah","en","variant","accepted"
"name-7951","person-002587","שְׁמַעְיָ֫הוּ","hbo","canonical","accepted"
"name-7952","person-002588","示玛雅","zh-hans","canonical","accepted"
"name-7953","person-002588","Shemaiah","en","variant","accepted"
"name-7954","person-002588","שְׁמַעְיָ֫הוּ","hbo","canonical","accepted"
"name-7955","person-002589","示玛雅","zh-hans","canonical","accepted"
"name-7956","person-002589","Shemaiah","en","variant","accepted"
"name-7957","person-002589","שְׁמַעְיָ֫הוּ","hbo","canonical","accepted"
"name-7958","person-002590","示玛雅","zh-hans","canonical","accepted"
"name-7959","person-002590","Shemaiah","en","variant","accepted"
"name-7960","person-002590","שְׁמַעְיָ֫הוּ","hbo","canonical","accepted"
"name-7961","person-002591","示玛利雅","zh-hans","canonical","accepted"
"name-7962","person-002591","Shemariah","en","variant","accepted"
"name-7963","person-002591","שְׁמַרְיָ֫הוּ","hbo","canonical","accepted"
"name-7964","person-002592","示玛利雅","zh-hans","canonical","accepted"
"name-7965","person-002592","Shemariah","en","variant","accepted"
"name-7966","person-002592","שְׁמַרְיָ֫הוּ","hbo","canonical","accepted"
"name-7967","person-002593","示玛利雅","zh-hans","canonical","accepted"
"name-7968","person-002593","Shemariah","en","variant","accepted"
"name-7969","person-002593","שְׁמַרְיָ֫הוּ","hbo","canonical","accepted"
"name-7970","person-002594","示玛利雅","zh-hans","canonical","accepted"
"name-7971","person-002594","Shemariah","en","variant","accepted"
"name-7972","person-002594","שְׁמַרְיָ֫הוּ","hbo","canonical","accepted"
"name-7973","person-002595","善以别","zh-hans","canonical","accepted"
"name-7974","person-002595","Shemeber","en","variant","accepted"
"name-7975","person-002595","שֶׁמְאֵ֫בֶר","hbo","canonical","accepted"
"name-7976","person-002596","沙麦","zh-hans","canonical","accepted"
"name-7977","person-002596","Shemed","en","variant","accepted"
"name-7978","person-002596","שָׁ֫מֶד","hbo","canonical","accepted"
"name-7979","person-002597","沙麦","zh-hans","canonical","accepted"
"name-7980","person-002597","Shemer","en","variant","accepted"
"name-7981","person-002597","שֶׁ֫מֶר","hbo","canonical","accepted"
"name-7982","person-002598","撒玛","zh-hans","canonical","accepted"
"name-7983","person-002598","Shemer","en","variant","accepted"
"name-7984","person-002598","שֶׁ֫מֶר","hbo","canonical","accepted"
"name-7985","person-002599","示米大","zh-hans","canonical","accepted"
"name-7986","person-002599","Shemida","en","variant","accepted"
"name-7987","person-002599","שְׁמִידָ֑ע","hbo","canonical","accepted"
"name-7988","person-002599","שְׁמִידָעִי","hbo","alias","accepted"
"name-7989","person-002600","示米拉末","zh-hans","canonical","accepted"
"name-7990","person-002600","Shemiramoth","en","variant","accepted"
"name-7991","person-002600","שְׁמִירָמוֹת","hbo","canonical","accepted"
"name-7992","person-002601","示米拉末","zh-hans","canonical","accepted"
"name-7993","person-002601","Shemiramoth","en","variant","accepted"
"name-7994","person-002601","שְׁמִירָמוֹת","hbo","canonical","accepted"
"name-7995","person-002602","示母利","zh-hans","canonical","accepted"
"name-7996","person-002602","Shemuel","en","variant","accepted"
"name-7997","person-002602","שְׁמוּאֵל","hbo","canonical","accepted"
"name-7998","person-002603","示母利","zh-hans","canonical","accepted"
"name-7999","person-002603","Shemuel","en","variant","accepted"
"name-8000","person-002603","שְׁמוּאֵל","hbo","canonical","accepted"
"name-8001","person-002604","示拿萨","zh-hans","canonical","accepted"
"name-8002","person-002604","Shenazzar","en","variant","accepted"
"name-8003","person-002604","שֶׁנְאַצַּ֑ר","hbo","canonical","accepted"
"name-8004","person-002605","示法提雅","zh-hans","canonical","accepted"
"name-8005","person-002605","Shephatiah","en","variant","accepted"
"name-8006","person-002605","שְׁפַטְיָהוּ","hbo","canonical","accepted"
"name-8007","person-002606","示法提雅","zh-hans","canonical","accepted"
"name-8008","person-002606","Shephatiah","en","variant","accepted"
"name-8009","person-002606","שְׁפַטְיָהוּ","hbo","canonical","accepted"
"name-8010","person-002607","示法提雅","zh-hans","canonical","accepted"
"name-8011","person-002607","Shephatiah","en","variant","accepted"
"name-8012","person-002607","שְׁפַטְיָהוּ","hbo","canonical","accepted"
"name-8013","person-002608","示法提雅","zh-hans","canonical","accepted"
"name-8014","person-002608","Shephatiah","en","variant","accepted"
"name-8015","person-002608","שְׁפַטְיָהוּ","hbo","canonical","accepted"
"name-8016","person-002609","示法提雅","zh-hans","canonical","accepted"
"name-8017","person-002609","Shephatiah","en","variant","accepted"
"name-8018","person-002609","שְׁפַטְיָהוּ","hbo","canonical","accepted"
"name-8019","person-002610","示法提雅","zh-hans","canonical","accepted"
"name-8020","person-002610","Shephatiah","en","variant","accepted"
"name-8021","person-002610","שְׁפַטְיָהוּ","hbo","canonical","accepted"
"name-8022","person-002611","示法提雅","zh-hans","canonical","accepted"
"name-8023","person-002611","Shephatiah","en","variant","accepted"
"name-8024","person-002611","שְׁפַטְיָהוּ","hbo","canonical","accepted"
"name-8025","person-002612","示法提雅","zh-hans","canonical","accepted"
"name-8026","person-002612","Shephatiah","en","variant","accepted"
"name-8027","person-002612","שְׁפַטְיָהוּ","hbo","canonical","accepted"
"name-8028","person-002613","示法提雅","zh-hans","canonical","accepted"
"name-8029","person-002613","Shephatiah","en","variant","accepted"
"name-8030","person-002613","שְׁפַטְיָהוּ","hbo","canonical","accepted"
"name-8031","person-002614","示玻","zh-hans","canonical","accepted"
"name-8032","person-002614","Shepho","en","variant","accepted"
"name-8033","person-002614","שְׁפוֹ, שְׁפִי","hbo","canonical","accepted"
"name-8034","person-002615","示利比","zh-hans","canonical","accepted"
"name-8035","person-002615","Sherebiah","en","variant","accepted"
"name-8036","person-002615","שֵׁרֵֽבְיָה","hbo","canonical","accepted"
"name-8037","person-002616","示利比","zh-hans","canonical","accepted"
"name-8038","person-002616","Sherebiah","en","variant","accepted"
"name-8039","person-002616","שֵׁרֵֽבְיָה","hbo","canonical","accepted"
"name-8040","person-002617","示利施","zh-hans","canonical","accepted"
"name-8041","person-002617","Sheresh","en","variant","accepted"
"name-8042","person-002617","שָׁ֑רֶשׁ","hbo","canonical","accepted"
"name-8043","person-002618","示筛","zh-hans","canonical","accepted"
"name-8044","person-002618","Sheshai","en","variant","accepted"
"name-8045","person-002618","שֵׁשַׁי","hbo","canonical","accepted"
"name-8046","person-002619","示珊","zh-hans","canonical","accepted"
"name-8047","person-002619","Sheshan","en","variant","accepted"
"name-8048","person-002619","שֵׁשָׁן","hbo","canonical","accepted"
"name-8049","person-002620","示他·波斯乃","zh-hans","canonical","accepted"
"name-8050","person-002620","Shethar-bozenai","en","variant","accepted"
"name-8051","person-002620","שְׁתַר בּוֹזְנַי","hbo","canonical","accepted"
"name-8052","person-002621","示达","zh-hans","canonical","accepted"
"name-8053","person-002621","Shethar","en","variant","accepted"
"name-8054","person-002621","שֵׁתָר","hbo","canonical","accepted"
"name-8055","person-002622","示法","zh-hans","canonical","accepted"
"name-8056","person-002622","Sheva","en","variant","accepted"
"name-8057","person-002622","שְׁוָא","hbo","canonical","accepted"
"name-8058","person-002623","示利希","zh-hans","canonical","accepted"
"name-8059","person-002623","Shilhi","en","variant","accepted"
"name-8060","person-002623","שִׁלְחִי","hbo","canonical","accepted"
"name-8061","person-002624","示冷","zh-hans","canonical","accepted"
"name-8062","person-002624","Shillem","en","variant","accepted"
"name-8063","person-002624","שִׁלֵּם","hbo","canonical","accepted"
"name-8064","person-002624","שַׁלּוּם","hbo","canonical","accepted"
"name-8065","person-002624","שִׁלֵּמִי","hbo","alias","accepted"
"name-8066","person-002625","施沙","zh-hans","canonical","accepted"
"name-8067","person-002625","Shilshah","en","variant","accepted"
"name-8068","person-002625","שִׁלְשָׁה","hbo","canonical","accepted"
"name-8069","person-002626","示米亚","zh-hans","canonical","accepted"
"name-8070","person-002626","Shimea","en","variant","accepted"
"name-8071","person-002626","שִׁמְעָא, שִׁמְעָה","hbo","canonical","accepted"
"name-8072","person-002627","示米亚","zh-hans","canonical","accepted"
"name-8073","person-002627","Shimea","en","variant","accepted"
"name-8074","person-002627","שִׁמְעָא, שִׁמְעָה","hbo","canonical","accepted"
"name-8075","person-002628","示米暗","zh-hans","canonical","accepted"
"name-8076","person-002628","Shimeah","en","variant","accepted"
"name-8077","person-002628","שִׁמְאָה","hbo","canonical","accepted"
"name-8078","person-002628","שִׁמְאָם","hbo","canonical","accepted"
"name-8079","person-002629","示米亚","zh-hans","canonical","accepted"
"name-8080","person-002629","Shimeah","en","variant","accepted"
"name-8081","person-002629","שִׁמְעָה","hbo","canonical","accepted"
"name-8082","person-002629","שִׁמְעִי","hbo","canonical","accepted"
"name-8083","person-002629","שַׁמָּה","hbo","canonical","accepted"
"name-8084","person-002629","שִׁמְעָא","hbo","canonical","accepted"
"name-8085","person-002630","示米押","zh-hans","canonical","accepted"
"name-8086","person-002630","Shimeath","en","variant","accepted"
"name-8087","person-002630","שִׁמְעָת","hbo","canonical","accepted"
"name-8088","person-002631","示每","zh-hans","canonical","accepted"
"name-8089","person-002631","Shimei","en","variant","accepted"
"name-8090","person-002631","שִׁמְעִי","hbo","canonical","accepted"
"name-8091","person-002632","示每","zh-hans","canonical","accepted"
"name-8092","person-002632","Shimei","en","variant","accepted"
"name-8093","person-002632","שִׁמְעִי","hbo","canonical","accepted"
"name-8094","person-002633","示每","zh-hans","canonical","accepted"
"name-8095","person-002633","Shimei","en","variant","accepted"
"name-8096","person-002633","שִׁמְעִי","hbo","canonical","accepted"
"name-8097","person-002634","示每","zh-hans","canonical","accepted"
"name-8098","person-002634","Shimei","en","variant","accepted"
"name-8099","person-002634","שִׁמְעִי","hbo","canonical","accepted"
"name-8100","person-002635","示每","zh-hans","canonical","accepted"
"name-8101","person-002635","Shimei","en","variant","accepted"
"name-8102","person-002635","שִׁמְעִי","hbo","canonical","accepted"
"name-8103","person-002636","示每","zh-hans","canonical","accepted"
"name-8104","person-002636","Shimei","en","variant","accepted"
"name-8105","person-002636","שִׁמְעִי","hbo","canonical","accepted"
"name-8106","person-002637","示每","zh-hans","canonical","accepted"
"name-8107","person-002637","Shimei","en","variant","accepted"
"name-8108","person-002637","שִׁמְעִי","hbo","canonical","accepted"
"name-8109","person-002638","示每","zh-hans","canonical","accepted"
"name-8110","person-002638","Shimei","en","variant","accepted"
"name-8111","person-002638","שִׁמְעִי","hbo","canonical","accepted"
"name-8112","person-002639","示每","zh-hans","canonical","accepted"
"name-8113","person-002639","Shimei","en","variant","accepted"
"name-8114","person-002639","שִׁמְעִי","hbo","canonical","accepted"
"name-8115","person-002640","示每","zh-hans","canonical","accepted"
"name-8116","person-002640","Shimei","en","variant","accepted"
"name-8117","person-002640","שִׁמְעִי","hbo","canonical","accepted"
"name-8118","person-002641","示每","zh-hans","canonical","accepted"
"name-8119","person-002641","Shimei","en","variant","accepted"
"name-8120","person-002641","שִׁמְעִי","hbo","canonical","accepted"
"name-8121","person-002642","示每","zh-hans","canonical","accepted"
"name-8122","person-002642","Shimei","en","variant","accepted"
"name-8123","person-002642","שִׁמְעִי","hbo","canonical","accepted"
"name-8124","person-002643","示每","zh-hans","canonical","accepted"
"name-8125","person-002643","Shimei","en","variant","accepted"
"name-8126","person-002643","שִׁמְעִי","hbo","canonical","accepted"
"name-8127","person-002644","示每","zh-hans","canonical","accepted"
"name-8128","person-002644","Shimei","en","variant","accepted"
"name-8129","person-002644","שִׁמְעִי","hbo","canonical","accepted"
"name-8130","person-002645","示每","zh-hans","canonical","accepted"
"name-8131","person-002645","Shimei","en","variant","accepted"
"name-8132","person-002645","שִׁמְעִי","hbo","canonical","accepted"
"name-8133","person-002646","示每","zh-hans","canonical","accepted"
"name-8134","person-002646","Shimei","en","variant","accepted"
"name-8135","person-002646","שִׁמְעִי","hbo","canonical","accepted"
"name-8136","person-002647","西缅","zh-hans","canonical","accepted"
"name-8137","person-002647","Shimeon","en","variant","accepted"
"name-8138","person-002647","שִׁמְעוֹן","hbo","canonical","accepted"
"name-8139","person-002648","示门","zh-hans","canonical","accepted"
"name-8140","person-002648","Shimon","en","variant","accepted"
"name-8141","person-002648","שִׁימוֹן","hbo","canonical","accepted"
"name-8142","person-002649","申拉","zh-hans","canonical","accepted"
"name-8143","person-002649","Shimrath","en","variant","accepted"
"name-8144","person-002649","שִׁמְרָת","hbo","canonical","accepted"
"name-8145","person-002650","申利","zh-hans","canonical","accepted"
"name-8146","person-002650","Shimri","en","variant","accepted"
"name-8147","person-002650","שִׁמְרִי","hbo","canonical","accepted"
"name-8148","person-002651","申利","zh-hans","canonical","accepted"
"name-8149","person-002651","Shimri","en","variant","accepted"
"name-8150","person-002651","שִׁמְרִי","hbo","canonical","accepted"
"name-8151","person-002652","申利","zh-hans","canonical","accepted"
"name-8152","person-002652","Shimri","en","variant","accepted"
"name-8153","person-002652","שִׁמְרִי","hbo","canonical","accepted"
"name-8154","person-002653","申利","zh-hans","canonical","accepted"
"name-8155","person-002653","Shimri","en","variant","accepted"
"name-8156","person-002653","שִׁמְרִי","hbo","canonical","accepted"
"name-8157","person-002654","伸","zh-hans","canonical","accepted"
"name-8158","person-002654","Shimron","en","variant","accepted"
"name-8159","person-002654","שִׁמְרוֹן","hbo","canonical","accepted"
"name-8160","person-002654","שִׁמְרֹנִי","hbo","alias","accepted"
"name-8161","person-002655","伸帅","zh-hans","canonical","accepted"
"name-8162","person-002655","Shimshai","en","variant","accepted"
"name-8163","person-002655","שִׁמְשַׁי","hbo","canonical","accepted"
"name-8164","person-002656","示纳","zh-hans","canonical","accepted"
"name-8165","person-002656","Shinab","en","variant","accepted"
"name-8166","person-002656","שִׁנְאָב","hbo","canonical","accepted"
"name-8167","person-002657","示非","zh-hans","canonical","accepted"
"name-8168","person-002657","Shiphi","en","variant","accepted"
"name-8169","person-002657","שִׁפְעִי","hbo","canonical","accepted"
"name-8170","person-002658","施弗拉","zh-hans","canonical","accepted"
"name-8171","person-002658","Shiphrah","en","variant","accepted"
"name-8172","person-002658","שִׁפְרָה","hbo","canonical","accepted"
"name-8173","person-002659","拾弗但","zh-hans","canonical","accepted"
"name-8174","person-002659","Shiphtan","en","variant","accepted"
"name-8175","person-002659","שִׁפְטָן","hbo","canonical","accepted"
"name-8176","person-002660","示撒","zh-hans","canonical","accepted"
"name-8177","person-002660","Shishak","en","variant","accepted"
"name-8178","person-002660","שִׁישַׁק","hbo","canonical","accepted"
"name-8179","person-002661","施提赉","zh-hans","canonical","accepted"
"name-8180","person-002661","Shitrai","en","variant","accepted"
"name-8181","person-002661","שִׁטְרַי","hbo","canonical","accepted"
"name-8182","person-002662","示撒","zh-hans","canonical","accepted"
"name-8183","person-002662","Shiza","en","variant","accepted"
"name-8184","person-002662","שִׁיזָא","hbo","canonical","accepted"
"name-8185","person-002663","朔罢","zh-hans","canonical","accepted"
"name-8186","person-002663","Shobab","en","variant","accepted"
"name-8187","person-002663","שׁוֹבָב","hbo","canonical","accepted"
"name-8188","person-002664","朔罢","zh-hans","canonical","accepted"
"name-8189","person-002664","Shobab","en","variant","accepted"
"name-8190","person-002664","שׁוֹבָב","hbo","canonical","accepted"
"name-8191","person-002665","朔法","zh-hans","canonical","accepted"
"name-8192","person-002665","Shobach","en","variant","accepted"
"name-8193","person-002665","שׁוֹבַךְ","hbo","canonical","accepted"
"name-8194","person-002665","שׁוֹפָךְ","hbo","canonical","accepted"
"name-8195","person-002666","朔拜","zh-hans","canonical","accepted"
"name-8196","person-002666","Shobai","en","variant","accepted"
"name-8197","person-002666","שֹׁבָ֑י","hbo","canonical","accepted"
"name-8198","person-002667","朔巴","zh-hans","canonical","accepted"
"name-8199","person-002667","Shobal","en","variant","accepted"
"name-8200","person-002667","שׁוֹבָל","hbo","canonical","accepted"
"name-8201","person-002668","朔巴","zh-hans","canonical","accepted"
"name-8202","person-002668","Shobal","en","variant","accepted"
"name-8203","person-002668","שׁוֹבָל","hbo","canonical","accepted"
"name-8204","person-002669","朔百","zh-hans","canonical","accepted"
"name-8205","person-002669","Shobek","en","variant","accepted"
"name-8206","person-002669","שׁוֹבֵק","hbo","canonical","accepted"
"name-8207","person-002670","朔比","zh-hans","canonical","accepted"
"name-8208","person-002670","Shobi","en","variant","accepted"
"name-8209","person-002670","שֹׁבִי","hbo","canonical","accepted"
"name-8210","person-002671","朔含","zh-hans","canonical","accepted"
"name-8211","person-002671","Shoham","en","variant","accepted"
"name-8212","person-002671","שֹׁ֫הַם","hbo","canonical","accepted"
"name-8213","person-002672","朔默","zh-hans","canonical","accepted"
"name-8214","person-002672","Shomer","en","variant","accepted"
"name-8215","person-002672","שֹׁמֵר","hbo","canonical","accepted"
"name-8216","person-002672","שֶׁ֫מֶר","hbo","canonical","accepted"
"name-8217","person-002673","朔默","zh-hans","canonical","accepted"
"name-8218","person-002673","Shomer","en","variant","accepted"
"name-8219","person-002673","שֹׁמֵר","hbo","canonical","accepted"
"name-8220","person-002673","שִׁמְרִית","hbo","canonical","accepted"
"name-8221","person-002674","书雅","zh-hans","canonical","accepted"
"name-8222","person-002674","Shua","en","variant","accepted"
"name-8223","person-002674","שׁוּעָא","hbo","canonical","accepted"
"name-8224","person-002675","书亚","zh-hans","canonical","accepted"
"name-8225","person-002675","Shua","en","variant","accepted"
"name-8226","person-002675","שׁוּעַ","hbo","canonical","accepted"
"name-8227","person-002676","书亚","zh-hans","canonical","accepted"
"name-8228","person-002676","Shuah","en","variant","accepted"
"name-8229","person-002676","שׁוּחַ","hbo","canonical","accepted"
"name-8230","person-002677","书阿勒","zh-hans","canonical","accepted"
"name-8231","person-002677","Shual","en","variant","accepted"
"name-8232","person-002677","שׁוּעָל","hbo","canonical","accepted"
"name-8233","person-002677","עֻלָּא","hbo","canonical","accepted"
"name-8234","person-002678","书哈","zh-hans","canonical","accepted"
"name-8235","person-002678","Shuhah","en","variant","accepted"
"name-8236","person-002678","שׁוּחָה","hbo","canonical","accepted"
"name-8237","person-002679","书尼","zh-hans","canonical","accepted"
"name-8238","person-002679","Shuni","en","variant","accepted"
"name-8239","person-002679","שׁוּנִי","hbo","canonical","accepted"
"name-8240","person-002680","书聘","zh-hans","canonical","accepted"
"name-8241","person-002680","Shuppim","en","variant","accepted"
"name-8242","person-002680","שֻׁפִּים","hbo","canonical","accepted"
"name-8243","person-002681","书品","zh-hans","canonical","accepted"
"name-8244","person-002681","Shuppim","en","variant","accepted"
"name-8245","person-002681","שֻׁפִּים","hbo","canonical","accepted"
"name-8246","person-002682","书提拉","zh-hans","canonical","accepted"
"name-8247","person-002682","Shuthelah","en","variant","accepted"
"name-8248","person-002682","שׁוּתֶ֫לַח","hbo","canonical","accepted"
"name-8249","person-002683","书提拉","zh-hans","canonical","accepted"
"name-8250","person-002683","Shuthelah","en","variant","accepted"
"name-8251","person-002683","שׁוּתֶ֫לַח","hbo","canonical","accepted"
"name-8252","person-002683","שֻׁתַלְחִי","hbo","alias","accepted"
"name-8253","person-002684","西亚","zh-hans","canonical","accepted"
"name-8254","person-002684","Siaha","en","variant","accepted"
"name-8255","person-002684","סִיעָא","hbo","canonical","accepted"
"name-8256","person-002685","西比该","zh-hans","canonical","accepted"
"name-8257","person-002685","Sibbecai","en","variant","accepted"
"name-8258","person-002685","סִבְּכַי","hbo","canonical","accepted"
"name-8259","person-002685","מְבֻנַּי","hbo","canonical","accepted"
"name-8260","person-002686","西顿","zh-hans","canonical","accepted"
"name-8261","person-002686","Sidon","en","variant","accepted"
"name-8262","person-002686","צִידוֹן","hbo","canonical","accepted"
"name-8263","person-002687","西宏","zh-hans","canonical","accepted"
"name-8264","person-002687","Sihon","en","variant","accepted"
"name-8265","person-002687","סִיחוֹן","hbo","canonical","accepted"
"name-8266","person-000322","西缅","zh-hans","canonical","accepted"
"name-8267","person-002688","西西拉","zh-hans","canonical","accepted"
"name-8268","person-002688","Sisera","en","variant","accepted"
"name-8269","person-002688","סִיסְרָא","hbo","canonical","accepted"
"name-8270","person-002689","西西拉","zh-hans","canonical","accepted"
"name-8271","person-002689","Sisera","en","variant","accepted"
"name-8272","person-002689","סִיסְרָא","hbo","canonical","accepted"
"name-8273","person-002690","西斯买","zh-hans","canonical","accepted"
"name-8274","person-002690","Sismai","en","variant","accepted"
"name-8275","person-002690","סִסְמַי","hbo","canonical","accepted"
"name-8276","person-002691","西提利","zh-hans","canonical","accepted"
"name-8277","person-002691","Sithri","en","variant","accepted"
"name-8278","person-002691","סִתְרִי","hbo","canonical","accepted"
"name-8279","person-002692","梭","zh-hans","canonical","accepted"
"name-8280","person-002692","So","en","variant","accepted"
"name-8281","person-002692","סוֹא","hbo","canonical","accepted"
"name-8282","person-002693","梭底","zh-hans","canonical","accepted"
"name-8283","person-002693","Sodi","en","variant","accepted"
"name-8284","person-002693","סוֹדִי","hbo","canonical","accepted"
"name-8285","person-000332","所罗门","zh-hans","canonical","accepted"
"name-8286","person-002694","琐斐列","zh-hans","canonical","accepted"
"name-8287","person-002694","Sophereth","en","variant","accepted"
"name-8288","person-002694","סֹפֶ֫רֶת","hbo","canonical","accepted"
"name-8289","person-002695","琐太","zh-hans","canonical","accepted"
"name-8290","person-002695","Sotai","en","variant","accepted"
"name-8291","person-002695","סוֹטַי","hbo","canonical","accepted"
"name-8292","person-002696","书亚","zh-hans","canonical","accepted"
"name-8293","person-002696","Suah","en","variant","accepted"
"name-8294","person-002696","סוּחַ","hbo","canonical","accepted"
"name-8295","person-002697","稣西","zh-hans","canonical","accepted"
"name-8296","person-002697","Susi","en","variant","accepted"
"name-8297","person-002697","סוּסִי","hbo","canonical","accepted"
"name-8298","person-002698","答巴俄","zh-hans","canonical","accepted"
"name-8299","person-002698","Tabbaoth","en","variant","accepted"
"name-8300","person-002698","טַבָּעוֹת","hbo","canonical","accepted"
"name-8301","person-002699","他比勒","zh-hans","canonical","accepted"
"name-8302","person-002699","Tabeal","en","variant","accepted"
"name-8303","person-002699","טָֽבְאַ֑ל","hbo","canonical","accepted"
"name-8304","person-002700","他别","zh-hans","canonical","accepted"
"name-8305","person-002700","Tabeel","en","variant","accepted"
"name-8306","person-002700","טָֽבְאֵל","hbo","canonical","accepted"
"name-8307","person-002701","他伯利们","zh-hans","canonical","accepted"
"name-8308","person-002701","Tabrimmon","en","variant","accepted"
"name-8309","person-002701","טַבְרִמּוֹן","hbo","canonical","accepted"
"name-8310","person-002702","他罕","zh-hans","canonical","accepted"
"name-8311","person-002702","Tahan","en","variant","accepted"
"name-8312","person-002702","תַּ֫חַן","hbo","canonical","accepted"
"name-8313","person-002703","他罕","zh-hans","canonical","accepted"
"name-8314","person-002703","Tahan","en","variant","accepted"
"name-8315","person-002703","תַּ֫חַן","hbo","canonical","accepted"
"name-8316","person-002703","תַּחֲנִי","hbo","alias","accepted"
"name-8317","person-002704","他辖","zh-hans","canonical","accepted"
"name-8318","person-002704","Tahash","en","variant","accepted"
"name-8319","person-002704","תַּ֫חַשׁ","hbo","canonical","accepted"
"name-8320","person-002705","他哈","zh-hans","canonical","accepted"
"name-8321","person-002705","Tahath","en","variant","accepted"
"name-8322","person-002705","תַּ֫חַת","hbo","canonical","accepted"
"name-8323","person-002706","他哈","zh-hans","canonical","accepted"
"name-8324","person-002706","Tahath","en","variant","accepted"
"name-8325","person-002706","תַּ֫חַת","hbo","canonical","accepted"
"name-8326","person-002707","他哈","zh-hans","canonical","accepted"
"name-8327","person-002707","Tahath","en","variant","accepted"
"name-8328","person-002707","תַּ֫חַת","hbo","canonical","accepted"
"name-8329","person-002708","答比匿","zh-hans","canonical","accepted"
"name-8330","person-002708","Tahpenes","en","variant","accepted"
"name-8331","person-002708","תַּחְפְּנֵיס","hbo","canonical","accepted"
"name-8332","person-002709","达买","zh-hans","canonical","accepted"
"name-8333","person-002709","Talmai","en","variant","accepted"
"name-8334","person-002709","תַּלְמַי","hbo","canonical","accepted"
"name-8335","person-002710","挞买","zh-hans","canonical","accepted"
"name-8336","person-002710","Talmai","en","variant","accepted"
"name-8337","person-002710","תַּלְמַי","hbo","canonical","accepted"
"name-8338","person-002711","达们","zh-hans","canonical","accepted"
"name-8339","person-002711","Talmon","en","variant","accepted"
"name-8340","person-002711","טַלְמוֹן","hbo","canonical","accepted"
"name-8341","person-002712","她玛","zh-hans","canonical","accepted"
"name-8342","person-002712","Tamar","en","variant","accepted"
"name-8343","person-002712","תָּמָר","hbo","canonical","accepted"
"name-8344","person-002713","她玛","zh-hans","canonical","accepted"
"name-8345","person-002713","Tamar","en","variant","accepted"
"name-8346","person-002713","תָּמָר","hbo","canonical","accepted"
"name-8347","person-000341","她玛","zh-hans","canonical","accepted"
"name-8348","person-002714","单户篾","zh-hans","canonical","accepted"
"name-8349","person-002714","Tanhumeth","en","variant","accepted"
"name-8350","person-002714","תַּנְחֻ֫מֶת","hbo","canonical","accepted"
"name-8351","person-002715","她法","zh-hans","canonical","accepted"
"name-8352","person-002715","Taphath","en","variant","accepted"
"name-8353","person-002715","טָפַת","hbo","canonical","accepted"
"name-8354","person-002716","他普亚","zh-hans","canonical","accepted"
"name-8355","person-002716","Tappuah","en","variant","accepted"
"name-8356","person-002716","תַּפֻּחַ","hbo","canonical","accepted"
"name-8357","person-002717","他利亚","zh-hans","canonical","accepted"
"name-8358","person-002717","Tarea","en","variant","accepted"
"name-8359","person-002717","תַּאֲרֵעַ","hbo","canonical","accepted"
"name-8360","person-002717","תַּחֲרֵעַ","hbo","canonical","accepted"
"name-8361","person-002718","他施","zh-hans","canonical","accepted"
"name-8362","person-002718","Tarshish","en","variant","accepted"
"name-8363","person-002718","תַּרְשִׁישׁ","hbo","canonical","accepted"
"name-8364","person-002719","他施斯","zh-hans","canonical","accepted"
"name-8365","person-002719","Tarshish","en","variant","accepted"
"name-8366","person-002719","תַרְשִׁישׁ","hbo","canonical","accepted"
"name-8367","person-002720","他施","zh-hans","canonical","accepted"
"name-8368","person-002720","Tarshish","en","variant","accepted"
"name-8369","person-002720","תַּרְשִׁישׁ","hbo","canonical","accepted"
"name-8370","person-002721","达乃","zh-hans","canonical","accepted"
"name-8371","person-002721","Tattenai","en","variant","accepted"
"name-8372","person-002721","תַּתְּנַי","hbo","canonical","accepted"
"name-8373","person-002722","提八","zh-hans","canonical","accepted"
"name-8374","person-002722","Tebah","en","variant","accepted"
"name-8375","person-002722","טֶ֫בַח","hbo","canonical","accepted"
"name-8376","person-002723","底巴利雅","zh-hans","canonical","accepted"
"name-8377","person-002723","Tebaliah","en","variant","accepted"
"name-8378","person-002723","טְבַלְיָ֫הוּ","hbo","canonical","accepted"
"name-8379","person-002724","提欣拿","zh-hans","canonical","accepted"
"name-8380","person-002724","Tehinnah","en","variant","accepted"
"name-8381","person-002724","תְּחִנָּה","hbo","canonical","accepted"
"name-8382","person-002725","他拉","zh-hans","canonical","accepted"
"name-8383","person-002725","Telah","en","variant","accepted"
"name-8384","person-002725","תֶּ֫לַח","hbo","canonical","accepted"
"name-8385","person-002726","提联","zh-hans","canonical","accepted"
"name-8386","person-002726","Telem","en","variant","accepted"
"name-8387","person-002726","טֶ֫לֶם","hbo","canonical","accepted"
"name-8388","person-002727","提玛","zh-hans","canonical","accepted"
"name-8389","person-002727","Tema","en","variant","accepted"
"name-8390","person-002727","תֵּימָא","hbo","canonical","accepted"
"name-8391","person-002728","答玛","zh-hans","canonical","accepted"
"name-8392","person-002728","Temah","en","variant","accepted"
"name-8393","person-002728","תָּ֑מַח","hbo","canonical","accepted"
"name-8394","person-002729","提幔","zh-hans","canonical","accepted"
"name-8395","person-002729","Teman","en","variant","accepted"
"name-8396","person-002729","תֵּימָן","hbo","canonical","accepted"
"name-8397","person-002729","תֵּימָנִי","hbo","alias","accepted"
"name-8398","person-002730","提米尼","zh-hans","canonical","accepted"
"name-8399","person-002730","Temeni","en","variant","accepted"
"name-8400","person-002730","תֵּימְנִי","hbo","canonical","accepted"
"name-8401","person-000342","他拉","zh-hans","canonical","accepted"
"name-8402","person-002731","提列","zh-hans","canonical","accepted"
"name-8403","person-002731","Teresh","en","variant","accepted"
"name-8404","person-002731","תֶּ֫רֶשׁ","hbo","canonical","accepted"
"name-8405","person-002732","提比尼","zh-hans","canonical","accepted"
"name-8406","person-002732","Tibni","en","variant","accepted"
"name-8407","person-002732","תִּבְנִי","hbo","canonical","accepted"
"name-8408","person-002733","提达","zh-hans","canonical","accepted"
"name-8409","person-002733","Tidal","en","variant","accepted"
"name-8410","person-002733","תִּדְעָל","hbo","canonical","accepted"
"name-8411","person-002734","提革拉·毗列色","zh-hans","canonical","accepted"
"name-8412","person-002734","Tiglath-pileser","en","variant","accepted"
"name-8413","person-002734","תִּגְלַת פִּלְאֶ֫סֶר","hbo","canonical","accepted"
"name-8414","person-002734","יָרֵב","hbo","canonical","accepted"
"name-8415","person-002734","פּוּל","hbo","canonical","accepted"
"name-8416","person-002735","特瓦","zh-hans","canonical","accepted"
"name-8417","person-002735","Tikvah","en","variant","accepted"
"name-8418","person-002735","תִּקְוָה","hbo","canonical","accepted"
"name-8419","person-002735","תּוֹקַהַת","hbo","canonical","accepted"
"name-8420","person-002736","特瓦","zh-hans","canonical","accepted"
"name-8421","person-002736","Tikvah","en","variant","accepted"
"name-8422","person-002736","תִּקְוָה","hbo","canonical","accepted"
"name-8423","person-002737","提伦","zh-hans","canonical","accepted"
"name-8424","person-002737","Tilon","en","variant","accepted"
"name-8425","person-002737","תִּילוֹן","hbo","canonical","accepted"
"name-8426","person-002738","亭纳","zh-hans","canonical","accepted"
"name-8427","person-002738","Timna","en","variant","accepted"
"name-8428","person-002738","תִּמְנָע","hbo","canonical","accepted"
"name-8429","person-002739","提拉","zh-hans","canonical","accepted"
"name-8430","person-002739","Tiras","en","variant","accepted"
"name-8431","person-002739","תִּירָ֑ס","hbo","canonical","accepted"
"name-8432","person-002740","特哈加","zh-hans","canonical","accepted"
"name-8433","person-002740","Tirhakah","en","variant","accepted"
"name-8434","person-002740","תִּרְהָקָה","hbo","canonical","accepted"
"name-8435","person-002741","特哈拿","zh-hans","canonical","accepted"
"name-8436","person-002741","Tirhanah","en","variant","accepted"
"name-8437","person-002741","תִּרְחֲנָה","hbo","canonical","accepted"
"name-8438","person-002742","提利","zh-hans","canonical","accepted"
"name-8439","person-002742","Tiria","en","variant","accepted"
"name-8440","person-002742","תִּירְיָא","hbo","canonical","accepted"
"name-8441","person-002743","得撒","zh-hans","canonical","accepted"
"name-8442","person-002743","Tirzah","en","variant","accepted"
"name-8443","person-002743","תִּרְצָה","hbo","canonical","accepted"
"name-8444","person-002744","驼·巴多尼雅","zh-hans","canonical","accepted"
"name-8445","person-002744","Tobadonijah","en","variant","accepted"
"name-8446","person-002744","טוֹב אֲדֹנִיָּה","hbo","canonical","accepted"
"name-8447","person-002745","多比雅","zh-hans","canonical","accepted"
"name-8448","person-002745","Tobiah","en","variant","accepted"
"name-8449","person-002745","טוֹבִיָּ֫הוּ","hbo","canonical","accepted"
"name-8450","person-002746","多比雅","zh-hans","canonical","accepted"
"name-8451","person-002746","Tobiah","en","variant","accepted"
"name-8452","person-002746","טוֹבִיָּ֫הוּ","hbo","canonical","accepted"
"name-8453","person-002747","多比雅","zh-hans","canonical","accepted"
"name-8454","person-002747","Tobijah","en","variant","accepted"
"name-8455","person-002747","טוֹבִיָּ֫הוּ","hbo","canonical","accepted"
"name-8456","person-002748","多比雅","zh-hans","canonical","accepted"
"name-8457","person-002748","Tobijah","en","variant","accepted"
"name-8458","person-002748","טוֹבִיָּ֫הוּ","hbo","canonical","accepted"
"name-8459","person-002749","陀迦玛","zh-hans","canonical","accepted"
"name-8460","person-002749","Togarmah","en","variant","accepted"
"name-8461","person-002749","תֹּגַרְמָה","hbo","canonical","accepted"
"name-8462","person-002750","托户","zh-hans","canonical","accepted"
"name-8463","person-002750","Tohu","en","variant","accepted"
"name-8464","person-002750","תֹּחוּ","hbo","canonical","accepted"
"name-8465","person-002750","נַ֫חַת","hbo","canonical","accepted"
"name-8466","person-002750","תּוֹחַ","hbo","canonical","accepted"
"name-8467","person-002751","陀以","zh-hans","canonical","accepted"
"name-8468","person-002751","Toi","en","variant","accepted"
"name-8469","person-002751","תֹּ֫עִי, תֹּעוּ","hbo","canonical","accepted"
"name-8470","person-002752","陀拉","zh-hans","canonical","accepted"
"name-8471","person-002752","Tola","en","variant","accepted"
"name-8472","person-002752","תּוֹלָע","hbo","canonical","accepted"
"name-8473","person-002752","תּוֹלָעִי","hbo","alias","accepted"
"name-8474","person-002753","陀拉","zh-hans","canonical","accepted"
"name-8475","person-002753","Tola","en","variant","accepted"
"name-8476","person-002753","תּוֹלָע","hbo","canonical","accepted"
"name-8477","person-002754","土八·该隐","zh-hans","canonical","accepted"
"name-8478","person-002754","Tubal-cain","en","variant","accepted"
"name-8479","person-002754","תּוּבַל־קַ֫יִן","hbo","canonical","accepted"
"name-8480","person-002755","土巴","zh-hans","canonical","accepted"
"name-8481","person-002755","Tubal","en","variant","accepted"
"name-8482","person-002755","תּוּבַל","hbo","canonical","accepted"
"name-8483","person-002756","乌甲","zh-hans","canonical","accepted"
"name-8484","person-002756","Ucal","en","variant","accepted"
"name-8485","person-002756","אֻכָל","hbo","canonical","accepted"
"name-8486","person-002757","乌益","zh-hans","canonical","accepted"
"name-8487","person-002757","Uel","en","variant","accepted"
"name-8488","person-002757","אוּאֵל","hbo","canonical","accepted"
"name-8489","person-002758","乌兰","zh-hans","canonical","accepted"
"name-8490","person-002758","Ulam","en","variant","accepted"
"name-8491","person-002758","אוּלָם","hbo","canonical","accepted"
"name-8492","person-002759","乌兰","zh-hans","canonical","accepted"
"name-8493","person-002759","Ulam","en","variant","accepted"
"name-8494","person-002759","אוּלָם","hbo","canonical","accepted"
"name-8495","person-002760","乌尼","zh-hans","canonical","accepted"
"name-8496","person-002760","Unni","en","variant","accepted"
"name-8497","person-002760","עֻנִּי","hbo","canonical","accepted"
"name-8498","person-002761","乌尼","zh-hans","canonical","accepted"
"name-8499","person-002761","Unni","en","variant","accepted"
"name-8500","person-002761","עֻנִּי","hbo","canonical","accepted"
"name-8501","person-002762","吾珥","zh-hans","canonical","accepted"
"name-8502","person-002762","Ur","en","variant","accepted"
"name-8503","person-002762","אוּר","hbo","canonical","accepted"
"name-8504","person-002763","乌利","zh-hans","canonical","accepted"
"name-8505","person-002763","Uri","en","variant","accepted"
"name-8506","person-002763","אוּרִי","hbo","canonical","accepted"
"name-8507","person-002764","乌利","zh-hans","canonical","accepted"
"name-8508","person-002764","Uri","en","variant","accepted"
"name-8509","person-002764","אוּרִי","hbo","canonical","accepted"
"name-8510","person-002765","乌利","zh-hans","canonical","accepted"
"name-8511","person-002765","Uri","en","variant","accepted"
"name-8512","person-002765","אוּרִי","hbo","canonical","accepted"
"name-8513","person-002766","乌利亚","zh-hans","canonical","accepted"
"name-8514","person-002766","Uriah","en","variant","accepted"
"name-8515","person-002766","אוּרִיָּה","hbo","canonical","accepted"
"name-8516","person-000359","乌利亚","zh-hans","canonical","accepted"
"name-8517","person-002767","乌利亚","zh-hans","canonical","accepted"
"name-8518","person-002767","Uriah","en","variant","accepted"
"name-8519","person-002767","אוּרִיָּה","hbo","canonical","accepted"
"name-8520","person-002768","乌利亚","zh-hans","canonical","accepted"
"name-8521","person-002768","Uriah","en","variant","accepted"
"name-8522","person-002768","אוּרִיָּ֫הוּ","hbo","canonical","accepted"
"name-8523","person-002769","乌利亚","zh-hans","canonical","accepted"
"name-8524","person-002769","Uriah","en","variant","accepted"
"name-8525","person-002769","אוּרִיָּה","hbo","canonical","accepted"
"name-8526","person-002770","乌列","zh-hans","canonical","accepted"
"name-8527","person-002770","Uriel","en","variant","accepted"
"name-8528","person-002770","אוּרִיאֵל","hbo","canonical","accepted"
"name-8529","person-002771","乌列","zh-hans","canonical","accepted"
"name-8530","person-002771","Uriel","en","variant","accepted"
"name-8531","person-002771","אוּרִיאֵל","hbo","canonical","accepted"
"name-8532","person-002771","צְפַנְיָהוּ","hbo","canonical","accepted"
"name-8533","person-002772","乌列","zh-hans","canonical","accepted"
"name-8534","person-002772","Uriel","en","variant","accepted"
"name-8535","person-002772","אוּרִיאֵל","hbo","canonical","accepted"
"name-8536","person-002773","乌太","zh-hans","canonical","accepted"
"name-8537","person-002773","Uthai","en","variant","accepted"
"name-8538","person-002773","עוּתַי","hbo","canonical","accepted"
"name-8539","person-002774","乌太","zh-hans","canonical","accepted"
"name-8540","person-002774","Uthai","en","variant","accepted"
"name-8541","person-002774","עוּתַי","hbo","canonical","accepted"
"name-8542","person-002775","乌斯","zh-hans","canonical","accepted"
"name-8543","person-002775","Uz","en","variant","accepted"
"name-8544","person-002775","עוּץ","hbo","canonical","accepted"
"name-8545","person-002776","乌斯","zh-hans","canonical","accepted"
"name-8546","person-002776","Uz","en","variant","accepted"
"name-8547","person-002776","עוּץ","hbo","canonical","accepted"
"name-8548","person-002777","乌斯","zh-hans","canonical","accepted"
"name-8549","person-002777","Uz","en","variant","accepted"
"name-8550","person-002777","עוּץ","hbo","canonical","accepted"
"name-8551","person-002778","乌赛","zh-hans","canonical","accepted"
"name-8552","person-002778","Uzai","en","variant","accepted"
"name-8553","person-002778","אוּזַי","hbo","canonical","accepted"
"name-8554","person-002779","乌萨","zh-hans","canonical","accepted"
"name-8555","person-002779","Uzal","en","variant","accepted"
"name-8556","person-002779","אוּזָל","hbo","canonical","accepted"
"name-8557","person-002780","乌撒","zh-hans","canonical","accepted"
"name-8558","person-002780","Uzza","en","variant","accepted"
"name-8559","person-002780","עֻזָּא","hbo","canonical","accepted"
"name-8560","person-002781","乌撒","zh-hans","canonical","accepted"
"name-8561","person-002781","Uzza","en","variant","accepted"
"name-8562","person-002781","עֻזָּא","hbo","canonical","accepted"
"name-8563","person-002782","乌撒","zh-hans","canonical","accepted"
"name-8564","person-002782","Uzzah","en","variant","accepted"
"name-8565","person-002782","עֻזָּה","hbo","canonical","accepted"
"name-8566","person-002783","乌撒","zh-hans","canonical","accepted"
"name-8567","person-002783","Uzzah","en","variant","accepted"
"name-8568","person-002783","עֻזָּא","hbo","canonical","accepted"
"name-8569","person-002783","פֶּרֶץ עֻזָּא","hbo","canonical","accepted"
"name-8570","person-002784","乌西","zh-hans","canonical","accepted"
"name-8571","person-002784","Uzzi","en","variant","accepted"
"name-8572","person-002784","עֻזִּי","hbo","canonical","accepted"
"name-8573","person-002785","乌西","zh-hans","canonical","accepted"
"name-8574","person-002785","Uzzi","en","variant","accepted"
"name-8575","person-002785","עֻזִּי","hbo","canonical","accepted"
"name-8576","person-002786","乌西","zh-hans","canonical","accepted"
"name-8577","person-002786","Uzzi","en","variant","accepted"
"name-8578","person-002786","עֻזִּי","hbo","canonical","accepted"
"name-8579","person-002787","乌西","zh-hans","canonical","accepted"
"name-8580","person-002787","Uzzi","en","variant","accepted"
"name-8581","person-002787","עֻזִּי","hbo","canonical","accepted"
"name-8582","person-002788","乌西","zh-hans","canonical","accepted"
"name-8583","person-002788","Uzzi","en","variant","accepted"
"name-8584","person-002788","עֻזִּי","hbo","canonical","accepted"
"name-8585","person-002789","乌西","zh-hans","canonical","accepted"
"name-8586","person-002789","Uzzi","en","variant","accepted"
"name-8587","person-002789","עֻזִּי","hbo","canonical","accepted"
"name-8588","person-002790","乌西","zh-hans","canonical","accepted"
"name-8589","person-002790","Uzzi","en","variant","accepted"
"name-8590","person-002790","עֻזִּי","hbo","canonical","accepted"
"name-8591","person-002791","乌西亚","zh-hans","canonical","accepted"
"name-8592","person-002791","Uzzia","en","variant","accepted"
"name-8593","person-002791","עֻזִּיָּא","hbo","canonical","accepted"
"name-8594","person-002792","乌西雅","zh-hans","canonical","accepted"
"name-8595","person-002792","Uzziah","en","variant","accepted"
"name-8596","person-002792","עֻזִּיָּהוּ","hbo","canonical","accepted"
"name-8597","person-002793","乌西雅","zh-hans","canonical","accepted"
"name-8598","person-002793","Uzziah","en","variant","accepted"
"name-8599","person-002793","עֻזִּיָּהוּ","hbo","canonical","accepted"
"name-8600","person-002793","עֲזַרְיָ֫הוּ","hbo","canonical","accepted"
"name-8601","person-000360","乌西雅","zh-hans","canonical","accepted"
"name-8602","person-002794","乌西雅","zh-hans","canonical","accepted"
"name-8603","person-002794","Uzziah","en","variant","accepted"
"name-8604","person-002794","עֻזִּיָּהוּ","hbo","canonical","accepted"
"name-8605","person-002795","乌西雅","zh-hans","canonical","accepted"
"name-8606","person-002795","Uzziah","en","variant","accepted"
"name-8607","person-002795","עֻזִּיָּהוּ","hbo","canonical","accepted"
"name-8608","person-002796","乌薛","zh-hans","canonical","accepted"
"name-8609","person-002796","Uzziel","en","variant","accepted"
"name-8610","person-002796","עֻזִּיאֵל","hbo","canonical","accepted"
"name-8611","person-002796","עֲזַרְאֵל","hbo","canonical","accepted"
"name-8612","person-002797","乌薛","zh-hans","canonical","accepted"
"name-8613","person-002797","Uzziel","en","variant","accepted"
"name-8614","person-002797","עֻזִּיאֵל","hbo","canonical","accepted"
"name-8615","person-002798","乌薛","zh-hans","canonical","accepted"
"name-8616","person-002798","Uzziel","en","variant","accepted"
"name-8617","person-002798","עֻזִּיאֵל","hbo","canonical","accepted"
"name-8618","person-002799","乌薛","zh-hans","canonical","accepted"
"name-8619","person-002799","Uzziel","en","variant","accepted"
"name-8620","person-002799","עֻזִּיאֵל","hbo","canonical","accepted"
"name-8621","person-002800","乌薛","zh-hans","canonical","accepted"
"name-8622","person-002800","Uzziel","en","variant","accepted"
"name-8623","person-002800","עֻזִּיאֵל","hbo","canonical","accepted"
"name-8624","person-002800","עׇזִּיאֵלִי","hbo","alias","accepted"
"name-8625","person-002801","乌薛","zh-hans","canonical","accepted"
"name-8626","person-002801","Uzziel","en","variant","accepted"
"name-8627","person-002801","עֻזִּיאֵל","hbo","canonical","accepted"
"name-8628","person-002802","瓦耶撒他","zh-hans","canonical","accepted"
"name-8629","person-002802","Vaizatha","en","variant","accepted"
"name-8630","person-002802","וַיְזָתָא","hbo","canonical","accepted"
"name-8631","person-002803","瓦尼雅","zh-hans","canonical","accepted"
"name-8632","person-002803","Vaniah","en","variant","accepted"
"name-8633","person-002803","וַנְיָה","hbo","canonical","accepted"
"name-8634","person-002804","瓦实提","zh-hans","canonical","accepted"
"name-8635","person-002804","Vashti","en","variant","accepted"
"name-8636","person-002804","וַשְׁתִּי","hbo","canonical","accepted"
"name-8637","person-002805","缚西","zh-hans","canonical","accepted"
"name-8638","person-002805","Vophsi","en","variant","accepted"
"name-8639","person-002805","וׇפְסִי","hbo","canonical","accepted"
"name-8640","person-002806","撒番","zh-hans","canonical","accepted"
"name-8641","person-002806","Zaavan","en","variant","accepted"
"name-8642","person-002806","זַעֲוָן","hbo","canonical","accepted"
"name-8643","person-002807","撒拔","zh-hans","canonical","accepted"
"name-8644","person-002807","Zabad","en","variant","accepted"
"name-8645","person-002807","זָבָד","hbo","canonical","accepted"
"name-8646","person-002808","撒拔","zh-hans","canonical","accepted"
"name-8647","person-002808","Zabad","en","variant","accepted"
"name-8648","person-002808","זָבָד","hbo","canonical","accepted"
"name-8649","person-002809","撒拔","zh-hans","canonical","accepted"
"name-8650","person-002809","Zabad","en","variant","accepted"
"name-8651","person-002809","זָבָד","hbo","canonical","accepted"
"name-8652","person-002810","撒拔","zh-hans","canonical","accepted"
"name-8653","person-002810","Zabad","en","variant","accepted"
"name-8654","person-002810","זָבָד","hbo","canonical","accepted"
"name-8655","person-002811","撒拔","zh-hans","canonical","accepted"
"name-8656","person-002811","Zabad","en","variant","accepted"
"name-8657","person-002811","זָבָד","hbo","canonical","accepted"
"name-8658","person-002812","撒拔","zh-hans","canonical","accepted"
"name-8659","person-002812","Zabad","en","variant","accepted"
"name-8660","person-002812","זָבָד","hbo","canonical","accepted"
"name-8661","person-002813","萨拜","zh-hans","canonical","accepted"
"name-8662","person-002813","Zabbai","en","variant","accepted"
"name-8663","person-002813","זַבַּי","hbo","canonical","accepted"
"name-8664","person-002814","萨拜","zh-hans","canonical","accepted"
"name-8665","person-002814","Zabbai","en","variant","accepted"
"name-8666","person-002814","זַבַּי","hbo","canonical","accepted"
"name-8667","person-002815","撒巴底","zh-hans","canonical","accepted"
"name-8668","person-002815","Zabdi","en","variant","accepted"
"name-8669","person-002815","זַבְדִּי","hbo","canonical","accepted"
"name-8670","person-002816","撒底","zh-hans","canonical","accepted"
"name-8671","person-002816","Zabdi","en","variant","accepted"
"name-8672","person-002816","זַבְדִּי","hbo","canonical","accepted"
"name-8673","person-002817","撒底","zh-hans","canonical","accepted"
"name-8674","person-002817","Zabdi","en","variant","accepted"
"name-8675","person-002817","זַבְדִּי","hbo","canonical","accepted"
"name-8676","person-002817","זִמְרִי","hbo","canonical","accepted"
"name-8677","person-002818","撒巴第业","zh-hans","canonical","accepted"
"name-8678","person-002818","Zabdiel","en","variant","accepted"
"name-8679","person-002818","זַבְדִּיאֵל","hbo","canonical","accepted"
"name-8680","person-002819","撒巴第业","zh-hans","canonical","accepted"
"name-8681","person-002819","Zabdiel","en","variant","accepted"
"name-8682","person-002819","זַבְדִּיאֵל","hbo","canonical","accepted"
"name-8683","person-002820","撒布得","zh-hans","canonical","accepted"
"name-8684","person-002820","Zabud","en","variant","accepted"
"name-8685","person-002820","זָבוּד","hbo","canonical","accepted"
"name-8686","person-002821","萨改","zh-hans","canonical","accepted"
"name-8687","person-002821","Zaccai","en","variant","accepted"
"name-8688","person-002821","זַכַּי","hbo","canonical","accepted"
"name-8689","person-002822","撒刻","zh-hans","canonical","accepted"
"name-8690","person-002822","Zaccur","en","variant","accepted"
"name-8691","person-002822","זַכּוּר","hbo","canonical","accepted"
"name-8692","person-002823","撒刻","zh-hans","canonical","accepted"
"name-8693","person-002823","Zaccur","en","variant","accepted"
"name-8694","person-002823","זַכּוּר","hbo","canonical","accepted"
"name-8695","person-002824","撒刻","zh-hans","canonical","accepted"
"name-8696","person-002824","Zaccur","en","variant","accepted"
"name-8697","person-002824","זַכּוּר","hbo","canonical","accepted"
"name-8698","person-002825","撒布","zh-hans","canonical","accepted"
"name-8699","person-002825","Zaccur","en","variant","accepted"
"name-8700","person-002825","זַכּוּר","hbo","canonical","accepted"
"name-8701","person-002825","זָבוּד","hbo","variant","accepted"
"name-8702","person-002826","撒刻","zh-hans","canonical","accepted"
"name-8703","person-002826","Zaccur","en","variant","accepted"
"name-8704","person-002826","זַכּוּר","hbo","canonical","accepted"
"name-8705","person-002827","撒刻","zh-hans","canonical","accepted"
"name-8706","person-002827","Zaccur","en","variant","accepted"
"name-8707","person-002827","זַכּוּר","hbo","canonical","accepted"
"name-8708","person-002828","撒刻","zh-hans","canonical","accepted"
"name-8709","person-002828","Zaccur","en","variant","accepted"
"name-8710","person-002828","זַכּוּר","hbo","canonical","accepted"
"name-8711","person-002829","撒刻","zh-hans","canonical","accepted"
"name-8712","person-002829","Zaccur","en","variant","accepted"
"name-8713","person-002829","זַכּוּר","hbo","canonical","accepted"
"name-8714","person-002830","撒督","zh-hans","canonical","accepted"
"name-8715","person-002830","Zadok","en","variant","accepted"
"name-8716","person-002830","צָדוֹק","hbo","canonical","accepted"
"name-8717","person-002831","撒督","zh-hans","canonical","accepted"
"name-8718","person-002831","Zadok","en","variant","accepted"
"name-8719","person-002831","צָדוֹק","hbo","canonical","accepted"
"name-8720","person-002832","撒督","zh-hans","canonical","accepted"
"name-8721","person-002832","Zadok","en","variant","accepted"
"name-8722","person-002832","צָדוֹק","hbo","canonical","accepted"
"name-8723","person-002833","撒督","zh-hans","canonical","accepted"
"name-8724","person-002833","Zadok","en","variant","accepted"
"name-8725","person-002833","צָדוֹק","hbo","canonical","accepted"
"name-8726","person-002834","撒督","zh-hans","canonical","accepted"
"name-8727","person-002834","Zadok","en","variant","accepted"
"name-8728","person-002834","צָדוֹק","hbo","canonical","accepted"
"name-8729","person-002835","撒督","zh-hans","canonical","accepted"
"name-8730","person-002835","Zadok","en","variant","accepted"
"name-8731","person-002835","צָדוֹק","hbo","canonical","accepted"
"name-8732","person-002836","撒督","zh-hans","canonical","accepted"
"name-8733","person-002836","Zadok","en","variant","accepted"
"name-8734","person-002836","צָדוֹק","hbo","canonical","accepted"
"name-8735","person-002837","撒罕","zh-hans","canonical","accepted"
"name-8736","person-002837","Zaham","en","variant","accepted"
"name-8737","person-002837","זָ֑הַם","hbo","canonical","accepted"
"name-8738","person-002838","萨拉","zh-hans","canonical","accepted"
"name-8739","person-002838","Zalaph","en","variant","accepted"
"name-8740","person-002838","צָלָף","hbo","canonical","accepted"
"name-8741","person-002839","撒们","zh-hans","canonical","accepted"
"name-8742","person-002839","Zalmon","en","variant","accepted"
"name-8743","person-002839","צַלְמוֹן","hbo","canonical","accepted"
"name-8744","person-002839","עִילַי","hbo","canonical","accepted"
"name-8745","person-002840","撒慕拿","zh-hans","canonical","accepted"
"name-8746","person-002840","Zalmunna","en","variant","accepted"
"name-8747","person-002840","צַלְמֻנָּע","hbo","canonical","accepted"
"name-8748","person-002841","萨土","zh-hans","canonical","accepted"
"name-8749","person-002841","Zattu","en","variant","accepted"
"name-8750","person-002841","זַתּוּא","hbo","canonical","accepted"
"name-8751","person-002842","萨土","zh-hans","canonical","accepted"
"name-8752","person-002842","Zattu","en","variant","accepted"
"name-8753","person-002842","זַתּוּא","hbo","canonical","accepted"
"name-8754","person-002843","撒萨","zh-hans","canonical","accepted"
"name-8755","person-002843","Zaza","en","variant","accepted"
"name-8756","person-002843","זָזָא","hbo","canonical","accepted"
"name-8757","person-002844","西巴第雅","zh-hans","canonical","accepted"
"name-8758","person-002844","Zebadiah","en","variant","accepted"
"name-8759","person-002844","זְבַדְיָהוּ","hbo","canonical","accepted"
"name-8760","person-002845","西巴第雅","zh-hans","canonical","accepted"
"name-8761","person-002845","Zebadiah","en","variant","accepted"
"name-8762","person-002845","זְבַדְיָהוּ","hbo","canonical","accepted"
"name-8763","person-002846","西巴第雅","zh-hans","canonical","accepted"
"name-8764","person-002846","Zebadiah","en","variant","accepted"
"name-8765","person-002846","זְבַדְיָהוּ","hbo","canonical","accepted"
"name-8766","person-002847","西巴第雅","zh-hans","canonical","accepted"
"name-8767","person-002847","Zebadiah","en","variant","accepted"
"name-8768","person-002847","זְבַדְיָהוּ","hbo","canonical","accepted"
"name-8769","person-002848","西巴第雅","zh-hans","canonical","accepted"
"name-8770","person-002848","Zebadiah","en","variant","accepted"
"name-8771","person-002848","זְבַדְיָהוּ","hbo","canonical","accepted"
"name-8772","person-002849","西巴第雅","zh-hans","canonical","accepted"
"name-8773","person-002849","Zebadiah","en","variant","accepted"
"name-8774","person-002849","זְבַדְיָהוּ","hbo","canonical","accepted"
"name-8775","person-002850","西巴第雅","zh-hans","canonical","accepted"
"name-8776","person-002850","Zebadiah","en","variant","accepted"
"name-8777","person-002850","זְבַדְיָהוּ","hbo","canonical","accepted"
"name-8778","person-002851","西巴第雅","zh-hans","canonical","accepted"
"name-8779","person-002851","Zebadiah","en","variant","accepted"
"name-8780","person-002851","זְבַדְיָהוּ","hbo","canonical","accepted"
"name-8781","person-002852","西巴第雅","zh-hans","canonical","accepted"
"name-8782","person-002852","Zebadiah","en","variant","accepted"
"name-8783","person-002852","זְבַדְיָהוּ","hbo","canonical","accepted"
"name-8784","person-002853","西巴","zh-hans","canonical","accepted"
"name-8785","person-002853","Zebah","en","variant","accepted"
"name-8786","person-002853","זֶ֫בַח","hbo","canonical","accepted"
"name-8787","person-002854","西布大","zh-hans","canonical","accepted"
"name-8788","person-002854","Zebidah","en","variant","accepted"
"name-8789","person-002854","זְבוּדָה","hbo","canonical","accepted"
"name-8790","person-002855","西比拿","zh-hans","canonical","accepted"
"name-8791","person-002855","Zebina","en","variant","accepted"
"name-8792","person-002855","זְבִינָא","hbo","canonical","accepted"
"name-8793","person-002856","西布勒","zh-hans","canonical","accepted"
"name-8794","person-002856","Zebul","en","variant","accepted"
"name-8795","person-002856","זְבֻל","hbo","canonical","accepted"
"name-8796","person-002857","西布伦","zh-hans","canonical","accepted"
"name-8797","person-002857","Zebulun","en","variant","accepted"
"name-8798","person-002857","זְבוּלֻן","hbo","canonical","accepted"
"name-8799","person-002857","זְבוּלֹנִי","hbo","alias","accepted"
"name-8800","person-002857","Ζαβουλών","grc","alias","accepted"
"name-8801","person-002858","撒迦利雅","zh-hans","canonical","accepted"
"name-8802","person-002858","Zechariah","en","variant","accepted"
"name-8803","person-002858","זְכַרְיָהוּ","hbo","canonical","accepted"
"name-8804","person-002859","撒迦利亚","zh-hans","canonical","accepted"
"name-8805","person-002859","Zechariah","en","variant","accepted"
"name-8806","person-002859","זְכַרְיָהוּ","hbo","canonical","accepted"
"name-8807","person-002860","撒迦利亚","zh-hans","canonical","accepted"
"name-8808","person-002860","Zechariah","en","variant","accepted"
"name-8809","person-002860","זְכַרְיָהוּ","hbo","canonical","accepted"
"name-8810","person-002861","撒迦利雅","zh-hans","canonical","accepted"
"name-8811","person-002861","Zechariah","en","variant","accepted"
"name-8812","person-002861","זְכַרְיָהוּ","hbo","canonical","accepted"
"name-8813","person-002862","撒迦利雅","zh-hans","canonical","accepted"
"name-8814","person-002862","Zechariah","en","variant","accepted"
"name-8815","person-002862","זְכַרְיָהוּ","hbo","canonical","accepted"
"name-8816","person-002863","撒迦利雅","zh-hans","canonical","accepted"
"name-8817","person-002863","Zechariah","en","variant","accepted"
"name-8818","person-002863","זְכַרְיָהוּ","hbo","canonical","accepted"
"name-8819","person-002864","撒迦利雅","zh-hans","canonical","accepted"
"name-8820","person-002864","Zechariah","en","variant","accepted"
"name-8821","person-002864","זְכַרְיָהוּ","hbo","canonical","accepted"
"name-8822","person-002865","撒迦利雅","zh-hans","canonical","accepted"
"name-8823","person-002865","Zechariah","en","variant","accepted"
"name-8824","person-002865","זְכַרְיָהוּ","hbo","canonical","accepted"
"name-8825","person-000365","撒迦利亚","zh-hans","canonical","accepted"
"name-8826","person-002866","撒迦利亚","zh-hans","canonical","accepted"
"name-8827","person-002866","Zechariah","en","variant","accepted"
"name-8828","person-002866","זְכַרְיָהוּ","hbo","canonical","accepted"
"name-8829","person-002867","撒迦利雅","zh-hans","canonical","accepted"
"name-8830","person-002867","Zechariah","en","variant","accepted"
"name-8831","person-002867","זְכַרְיָהוּ","hbo","canonical","accepted"
"name-8832","person-002868","撒迦利亚","zh-hans","canonical","accepted"
"name-8833","person-002868","Zechariah","en","variant","accepted"
"name-8834","person-002868","זְכַרְיָהוּ","hbo","canonical","accepted"
"name-8835","person-002869","撒迦利亚","zh-hans","canonical","accepted"
"name-8836","person-002869","Zechariah","en","variant","accepted"
"name-8837","person-002869","זְכַרְיָהוּ","hbo","canonical","accepted"
"name-8838","person-002870","撒迦利雅","zh-hans","canonical","accepted"
"name-8839","person-002870","Zechariah","en","variant","accepted"
"name-8840","person-002870","זְכַרְיָהוּ","hbo","canonical","accepted"
"name-8841","person-002871","撒迦利雅","zh-hans","canonical","accepted"
"name-8842","person-002871","Zechariah","en","variant","accepted"
"name-8843","person-002871","זְכַרְיָהוּ","hbo","canonical","accepted"
"name-8844","person-002872","撒迦利亚","zh-hans","canonical","accepted"
"name-8845","person-002872","Zechariah","en","variant","accepted"
"name-8846","person-002872","זְכַרְיָהוּ","hbo","canonical","accepted"
"name-8847","person-002873","撒迦利亚","zh-hans","canonical","accepted"
"name-8848","person-002873","Zechariah","en","variant","accepted"
"name-8849","person-002873","זְכַרְיָהוּ","hbo","canonical","accepted"
"name-8850","person-002873","זְכַרְיָה","hbo","alias","accepted"
"name-8851","person-002874","撒迦利亚","zh-hans","canonical","accepted"
"name-8852","person-002874","Zechariah","en","variant","accepted"
"name-8853","person-002874","זְכַרְיָהוּ","hbo","canonical","accepted"
"name-8854","person-002875","撒迦利亚","zh-hans","canonical","accepted"
"name-8855","person-002875","Zechariah","en","variant","accepted"
"name-8856","person-002875","זְכַרְיָהוּ","hbo","canonical","accepted"
"name-8857","person-002876","撒迦利亚","zh-hans","canonical","accepted"
"name-8858","person-002876","Zechariah","en","variant","accepted"
"name-8859","person-002876","זְכַרְיָהוּ","hbo","canonical","accepted"
"name-8860","person-002877","撒迦利亚","zh-hans","canonical","accepted"
"name-8861","person-002877","Zechariah","en","variant","accepted"
"name-8862","person-002877","זְכַרְיָהוּ","hbo","canonical","accepted"
"name-8863","person-002878","撒迦利亚","zh-hans","canonical","accepted"
"name-8864","person-002878","Zechariah","en","variant","accepted"
"name-8865","person-002878","זְכַרְיָהוּ","hbo","canonical","accepted"
"name-8866","person-002879","撒迦利雅","zh-hans","canonical","accepted"
"name-8867","person-002879","Zechariah","en","variant","accepted"
"name-8868","person-002879","זְכַרְיָהוּ","hbo","canonical","accepted"
"name-8869","person-002880","撒迦利雅","zh-hans","canonical","accepted"
"name-8870","person-002880","Zechariah","en","variant","accepted"
"name-8871","person-002880","זְכַרְיָהוּ","hbo","canonical","accepted"
"name-8872","person-002881","撒迦利亚","zh-hans","canonical","accepted"
"name-8873","person-002881","Zechariah","en","variant","accepted"
"name-8874","person-002881","זְכַרְיָהוּ","hbo","canonical","accepted"
"name-8875","person-002882","撒迦利亚","zh-hans","canonical","accepted"
"name-8876","person-002882","Zechariah","en","variant","accepted"
"name-8877","person-002882","זְכַרְיָהוּ","hbo","canonical","accepted"
"name-8878","person-002883","撒迦利亚","zh-hans","canonical","accepted"
"name-8879","person-002883","Zechariah","en","variant","accepted"
"name-8880","person-002883","זְכַרְיָהוּ","hbo","canonical","accepted"
"name-8881","person-002884","撒迦利亚","zh-hans","canonical","accepted"
"name-8882","person-002884","Zechariah","en","variant","accepted"
"name-8883","person-002884","זְכַרְיָהוּ","hbo","canonical","accepted"
"name-8884","person-002885","撒迦","zh-hans","canonical","accepted"
"name-8885","person-002885","Zecher","en","variant","accepted"
"name-8886","person-002885","זֶ֫כֶר","hbo","canonical","accepted"
"name-8887","person-002885","זְכַרְיָהוּ","hbo","canonical","accepted"
"name-8888","person-002886","西底家","zh-hans","canonical","accepted"
"name-8889","person-002886","Zedekiah","en","variant","accepted"
"name-8890","person-002886","צִדְקִיָּ֫הוּ","hbo","canonical","accepted"
"name-8891","person-002887","西底家","zh-hans","canonical","accepted"
"name-8892","person-002887","Zedekiah","en","variant","accepted"
"name-8893","person-002887","צִדְקִיָּ֫הוּ","hbo","canonical","accepted"
"name-8894","person-002888","西底家","zh-hans","canonical","accepted"
"name-8895","person-002888","Zedekiah","en","variant","accepted"
"name-8896","person-002888","צִדְקִיָּ֫הוּ","hbo","canonical","accepted"
"name-8897","person-002888","מַתַּנְיָ֫הוּ","hbo","canonical","accepted"
"name-8898","person-002889","西底家","zh-hans","canonical","accepted"
"name-8899","person-002889","Zedekiah","en","variant","accepted"
"name-8900","person-002889","צִדְקִיָּ֫הוּ","hbo","canonical","accepted"
"name-8901","person-002890","西底家","zh-hans","canonical","accepted"
"name-8902","person-002890","Zedekiah","en","variant","accepted"
"name-8903","person-002890","צִדְקִיָּ֫הוּ","hbo","canonical","accepted"
"name-8904","person-002891","西底家","zh-hans","canonical","accepted"
"name-8905","person-002891","Zedekiah","en","variant","accepted"
"name-8906","person-002891","צִדְקִיָּ֫הוּ","hbo","canonical","accepted"
"name-8907","person-002892","西伊伯","zh-hans","canonical","accepted"
"name-8908","person-002892","Zeeb","en","variant","accepted"
"name-8909","person-002892","זְאֵב","hbo","canonical","accepted"
"name-8910","person-002893","洗勒","zh-hans","canonical","accepted"
"name-8911","person-002893","Zelek","en","variant","accepted"
"name-8912","person-002893","צֶ֫לֶק","hbo","canonical","accepted"
"name-8913","person-002894","西罗非哈","zh-hans","canonical","accepted"
"name-8914","person-002894","Zelophehad","en","variant","accepted"
"name-8915","person-002894","צְלׇפְחָד","hbo","canonical","accepted"
"name-8916","person-002895","细米拉","zh-hans","canonical","accepted"
"name-8917","person-002895","Zemirah","en","variant","accepted"
"name-8918","person-002895","זְמִירָה","hbo","canonical","accepted"
"name-8919","person-002896","西番亚","zh-hans","canonical","accepted"
"name-8920","person-002896","Zephaniah","en","variant","accepted"
"name-8921","person-002896","צְפַנְיָהוּ","hbo","canonical","accepted"
"name-8922","person-002897","西番雅","zh-hans","canonical","accepted"
"name-8923","person-002897","Zephaniah","en","variant","accepted"
"name-8924","person-002897","צְפַנְיָהוּ","hbo","canonical","accepted"
"name-8925","person-002898","西番雅","zh-hans","canonical","accepted"
"name-8926","person-002898","Zephaniah","en","variant","accepted"
"name-8927","person-002898","צְפַנְיָהוּ","hbo","canonical","accepted"
"name-8928","person-002899","洗玻","zh-hans","canonical","accepted"
"name-8929","person-002899","Zepho","en","variant","accepted"
"name-8930","person-002899","צְפוֹ, צְפִי","hbo","canonical","accepted"
"name-8931","person-002900","谢拉","zh-hans","canonical","accepted"
"name-8932","person-002900","Zerah","en","variant","accepted"
"name-8933","person-002900","זֶ֫רַח","hbo","canonical","accepted"
"name-8934","person-002901","谢拉","zh-hans","canonical","accepted"
"name-8935","person-002901","Zerah","en","variant","accepted"
"name-8936","person-002901","זֶ֫רַח","hbo","canonical","accepted"
"name-8937","person-002902","谢拉","zh-hans","canonical","accepted"
"name-8938","person-002902","Zerah","en","variant","accepted"
"name-8939","person-002902","זֶ֫רַח","hbo","canonical","accepted"
"name-8940","person-002903","谢拉","zh-hans","canonical","accepted"
"name-8941","person-002903","Zerah","en","variant","accepted"
"name-8942","person-002903","זֶ֫רַח","hbo","canonical","accepted"
"name-8943","person-000368","谢拉","zh-hans","canonical","accepted"
"name-8944","person-000368","זַרְחִי","hbo","alias","accepted"
"name-8945","person-000368","יִזְרָ֑ח","hbo","alias","accepted"
"name-8946","person-000368","אֶזְרָחִי","hbo","alias","accepted"
"name-8947","person-002904","谢拉","zh-hans","canonical","accepted"
"name-8948","person-002904","Zerah","en","variant","accepted"
"name-8949","person-002904","זֶ֫רַח","hbo","canonical","accepted"
"name-8950","person-002904","זַרְחִי","hbo","alias","accepted"
"name-8951","person-002904","צֹ֫חַר","hbo","canonical","accepted"
"name-8952","person-002905","西拉希雅","zh-hans","canonical","accepted"
"name-8953","person-002905","Zerahiah","en","variant","accepted"
"name-8954","person-002905","זְרַחְיָה","hbo","canonical","accepted"
"name-8955","person-002905","אֲחִיטוּב","hbo","canonical","accepted"
"name-8956","person-002906","西拉希雅","zh-hans","canonical","accepted"
"name-8957","person-002906","Zerahiah","en","variant","accepted"
"name-8958","person-002906","זְרַחְיָה","hbo","canonical","accepted"
"name-8959","person-002907","细利斯","zh-hans","canonical","accepted"
"name-8960","person-002907","Zeresh","en","variant","accepted"
"name-8961","person-002907","זֶ֫רֶשׁ","hbo","canonical","accepted"
"name-8962","person-002908","洗列","zh-hans","canonical","accepted"
"name-8963","person-002908","Zereth","en","variant","accepted"
"name-8964","person-002908","צֶ֫רֶת","hbo","canonical","accepted"
"name-8965","person-002909","西利","zh-hans","canonical","accepted"
"name-8966","person-002909","Zeri","en","variant","accepted"
"name-8967","person-002909","צְרִי","hbo","canonical","accepted"
"name-8968","person-002909","יִצְרִי","hbo","canonical","accepted"
"name-8969","person-002910","洗罗","zh-hans","canonical","accepted"
"name-8970","person-002910","Zeror","en","variant","accepted"
"name-8971","person-002910","צְרוֹר","hbo","canonical","accepted"
"name-8972","person-002911","洗鲁阿","zh-hans","canonical","accepted"
"name-8973","person-002911","Zeruah","en","variant","accepted"
"name-8974","person-002911","צְרוּעָה","hbo","canonical","accepted"
"name-8975","person-000369","所罗巴伯","zh-hans","canonical","accepted"
"name-8976","person-002912","洗鲁雅","zh-hans","canonical","accepted"
"name-8977","person-002912","Zeruiah","en","variant","accepted"
"name-8978","person-002912","צְרוּיָה","hbo","canonical","accepted"
"name-8979","person-002913","细坦","zh-hans","canonical","accepted"
"name-8980","person-002913","Zetham","en","variant","accepted"
"name-8981","person-002913","זֵתָם","hbo","canonical","accepted"
"name-8982","person-002914","细坦","zh-hans","canonical","accepted"
"name-8983","person-002914","Zethan","en","variant","accepted"
"name-8984","person-002914","זֵיתָן","hbo","canonical","accepted"
"name-8985","person-002915","西达","zh-hans","canonical","accepted"
"name-8986","person-002915","Zethar","en","variant","accepted"
"name-8987","person-002915","זֵתַר","hbo","canonical","accepted"
"name-8988","person-002916","细亚","zh-hans","canonical","accepted"
"name-8989","person-002916","Zia","en","variant","accepted"
"name-8990","person-002916","זִיעַ","hbo","canonical","accepted"
"name-8991","person-002917","洗巴","zh-hans","canonical","accepted"
"name-8992","person-002917","Ziba","en","variant","accepted"
"name-8993","person-002917","צִיבָא","hbo","canonical","accepted"
"name-8994","person-002918","祭便","zh-hans","canonical","accepted"
"name-8995","person-002918","Zibeon","en","variant","accepted"
"name-8996","person-002918","צִבְעוֹן","hbo","canonical","accepted"
"name-8997","person-002919","洗比雅","zh-hans","canonical","accepted"
"name-8998","person-002919","Zibia","en","variant","accepted"
"name-8999","person-002919","צִבְיָא","hbo","canonical","accepted"
"name-9000","person-002920","西比亚","zh-hans","canonical","accepted"
"name-9001","person-002920","Zibiah","en","variant","accepted"
"name-9002","person-002920","צִבְיָה","hbo","canonical","accepted"
"name-9003","person-002921","细基利","zh-hans","canonical","accepted"
"name-9004","person-002921","Zichri","en","variant","accepted"
"name-9005","person-002921","זִכְרִי","hbo","canonical","accepted"
"name-9006","person-002922","细基利","zh-hans","canonical","accepted"
"name-9007","person-002922","Zichri","en","variant","accepted"
"name-9008","person-002922","זִכְרִי","hbo","canonical","accepted"
"name-9009","person-002923","细基","zh-hans","canonical","accepted"
"name-9010","person-002923","Zichri","en","variant","accepted"
"name-9011","person-002923","זִכְרִי","hbo","canonical","accepted"
"name-9012","person-002924","细基利","zh-hans","canonical","accepted"
"name-9013","person-002924","Zichri","en","variant","accepted"
"name-9014","person-002924","זִכְרִי","hbo","canonical","accepted"
"name-9015","person-002925","细基利","zh-hans","canonical","accepted"
"name-9016","person-002925","Zichri","en","variant","accepted"
"name-9017","person-002925","זִכְרִי","hbo","canonical","accepted"
"name-9018","person-002926","细基利","zh-hans","canonical","accepted"
"name-9019","person-002926","Zichri","en","variant","accepted"
"name-9020","person-002926","זִכְרִי","hbo","canonical","accepted"
"name-9021","person-002926","זַבְדִּי","hbo","canonical","accepted"
"name-9022","person-002927","细基利","zh-hans","canonical","accepted"
"name-9023","person-002927","Zichri","en","variant","accepted"
"name-9024","person-002927","זִכְרִי","hbo","canonical","accepted"
"name-9025","person-002928","细基利","zh-hans","canonical","accepted"
"name-9026","person-002928","Zichri","en","variant","accepted"
"name-9027","person-002928","זִכְרִי","hbo","canonical","accepted"
"name-9028","person-002929","细基利","zh-hans","canonical","accepted"
"name-9029","person-002929","Zichri","en","variant","accepted"
"name-9030","person-002929","זִכְרִי","hbo","canonical","accepted"
"name-9031","person-002930","细基利","zh-hans","canonical","accepted"
"name-9032","person-002930","Zichri","en","variant","accepted"
"name-9033","person-002930","זִכְרִי","hbo","canonical","accepted"
"name-9034","person-002931","细基利","zh-hans","canonical","accepted"
"name-9035","person-002931","Zichri","en","variant","accepted"
"name-9036","person-002931","זִכְרִי","hbo","canonical","accepted"
"name-9037","person-002932","细基利","zh-hans","canonical","accepted"
"name-9038","person-002932","Zichri","en","variant","accepted"
"name-9039","person-002932","זִכְרִי","hbo","canonical","accepted"
"name-9040","person-002933","西哈","zh-hans","canonical","accepted"
"name-9041","person-002933","Ziha","en","variant","accepted"
"name-9042","person-002933","צִיחָא","hbo","canonical","accepted"
"name-9043","person-002934","西哈","zh-hans","canonical","accepted"
"name-9044","person-002934","Ziha","en","variant","accepted"
"name-9045","person-002934","צִיחָא","hbo","canonical","accepted"
"name-9046","person-002935","洗拉","zh-hans","canonical","accepted"
"name-9047","person-002935","Zillah","en","variant","accepted"
"name-9048","person-002935","צִלָּה","hbo","canonical","accepted"
"name-9049","person-002936","洗勒太","zh-hans","canonical","accepted"
"name-9050","person-002936","Zillethai","en","variant","accepted"
"name-9051","person-002936","צִלְּתַי","hbo","canonical","accepted"
"name-9052","person-002937","洗勒太","zh-hans","canonical","accepted"
"name-9053","person-002937","Zillethai","en","variant","accepted"
"name-9054","person-002937","צִלְּתַי","hbo","canonical","accepted"
"name-9055","person-002938","悉帕","zh-hans","canonical","accepted"
"name-9056","person-002938","Zilpah","en","variant","accepted"
"name-9057","person-002938","זִלְפָּה","hbo","canonical","accepted"
"name-9058","person-002939","薪玛","zh-hans","canonical","accepted"
"name-9059","person-002939","Zimmah","en","variant","accepted"
"name-9060","person-002939","זִמָּה","hbo","canonical","accepted"
"name-9061","person-002940","薪玛","zh-hans","canonical","accepted"
"name-9062","person-002940","Zimmah","en","variant","accepted"
"name-9063","person-002940","זִמָּה","hbo","canonical","accepted"
"name-9064","person-002941","心兰","zh-hans","canonical","accepted"
"name-9065","person-002941","Zimran","en","variant","accepted"
"name-9066","person-002941","זִמְרָן","hbo","canonical","accepted"
"name-9067","person-002942","心利","zh-hans","canonical","accepted"
"name-9068","person-002942","Zimri","en","variant","accepted"
"name-9069","person-002942","זִמְרִי","hbo","canonical","accepted"
"name-9070","person-002943","心利","zh-hans","canonical","accepted"
"name-9071","person-002943","Zimri","en","variant","accepted"
"name-9072","person-002943","זִמְרִי","hbo","canonical","accepted"
"name-9073","person-002944","心利","zh-hans","canonical","accepted"
"name-9074","person-002944","Zimri","en","variant","accepted"
"name-9075","person-002944","זִמְרִי","hbo","canonical","accepted"
"name-9076","person-002945","西弗","zh-hans","canonical","accepted"
"name-9077","person-002945","Ziph","en","variant","accepted"
"name-9078","person-002945","זִיף","hbo","canonical","accepted"
"name-9079","person-002946","西法","zh-hans","canonical","accepted"
"name-9080","person-002946","Ziphah","en","variant","accepted"
"name-9081","person-002946","זִיפָה","hbo","canonical","accepted"
"name-9082","person-002947","洗非芸","zh-hans","canonical","accepted"
"name-9083","person-002947","Ziphion","en","variant","accepted"
"name-9084","person-002947","צִפְיוֹן","hbo","canonical","accepted"
"name-9085","person-002947","צְפוֹן","hbo","canonical","accepted"
"name-9086","person-002947","צְפוֹנִי","hbo","alias","accepted"
"name-9087","person-002948","西拨","zh-hans","canonical","accepted"
"name-9088","person-002948","Zippor","en","variant","accepted"
"name-9089","person-002948","צִפּוֹר","hbo","canonical","accepted"
"name-9090","person-002949","西坡拉","zh-hans","canonical","accepted"
"name-9091","person-002949","Zipporah","en","variant","accepted"
"name-9092","person-002949","צִפֹּרָה","hbo","canonical","accepted"
"name-9093","person-002950","细撒","zh-hans","canonical","accepted"
"name-9094","person-002950","Ziza","en","variant","accepted"
"name-9095","person-002950","זִיזָא","hbo","canonical","accepted"
"name-9096","person-002951","细撒","zh-hans","canonical","accepted"
"name-9097","person-002951","Ziza","en","variant","accepted"
"name-9098","person-002951","זִיזָא","hbo","canonical","accepted"
"name-9099","person-002952","细撒","zh-hans","canonical","accepted"
"name-9100","person-002952","Zizah","en","variant","accepted"
"name-9101","person-002952","זִיזָה","hbo","canonical","accepted"
"name-9102","person-002952","זִינָא","hbo","canonical","accepted"
"name-9103","person-002953","琐比巴","zh-hans","canonical","accepted"
"name-9104","person-002953","Zobebah","en","variant","accepted"
"name-9105","person-002953","צֹבֵבָה","hbo","canonical","accepted"
"name-9106","person-002954","琐辖","zh-hans","canonical","accepted"
"name-9107","person-002954","Zohar","en","variant","accepted"
"name-9108","person-002954","צֹ֫חַר","hbo","canonical","accepted"
"name-9109","person-002955","梭黑","zh-hans","canonical","accepted"
"name-9110","person-002955","Zoheth","en","variant","accepted"
"name-9111","person-002955","זוֹחֵת","hbo","canonical","accepted"
"name-9112","person-002956","琐法","zh-hans","canonical","accepted"
"name-9113","person-002956","Zophah","en","variant","accepted"
"name-9114","person-002956","צוֹפַח","hbo","canonical","accepted"
"name-9115","person-002957","琐法","zh-hans","canonical","accepted"
"name-9116","person-002957","Zophar","en","variant","accepted"
"name-9117","person-002957","צוֹפַר","hbo","canonical","accepted"
"name-9118","person-002958","苏押","zh-hans","canonical","accepted"
"name-9119","person-002958","Zuar","en","variant","accepted"
"name-9120","person-002958","צוּעָר","hbo","canonical","accepted"
"name-9121","person-002959","苏弗","zh-hans","canonical","accepted"
"name-9122","person-002959","Zuph","en","variant","accepted"
"name-9123","person-002959","צוּף","hbo","canonical","accepted"
"name-9124","person-002960","苏珥","zh-hans","canonical","accepted"
"name-9125","person-002960","Zur","en","variant","accepted"
"name-9126","person-002960","צוּר","hbo","canonical","accepted"
"name-9127","person-002961","苏珥","zh-hans","canonical","accepted"
"name-9128","person-002961","Zur","en","variant","accepted"
"name-9129","person-002961","צוּר","hbo","canonical","accepted"
"name-9130","person-002962","苏珥","zh-hans","canonical","accepted"
"name-9131","person-002962","Zur","en","variant","accepted"
"name-9132","person-002962","צוּר","hbo","canonical","accepted"
"name-9133","person-002963","苏列","zh-hans","canonical","accepted"
"name-9134","person-002963","Zuriel","en","variant","accepted"
"name-9135","person-002963","צוּרִיאֵל","hbo","canonical","accepted"
"name-9136","person-002964","苏利沙代","zh-hans","canonical","accepted"
"name-9137","person-002964","Zurishaddai","en","variant","accepted"
"name-9138","person-002964","צוּרִישַׁדָּ֑י","hbo","canonical","accepted"
"name-9139","person-000373","亚历山大","zh-hans","canonical","accepted"
"name-9140","person-000374","耶洗别","zh-hans","canonical","accepted"
"name-9141","person-000375","西门","zh-hans","canonical","accepted"
"name-9142","person-000376","西门","zh-hans","canonical","accepted"
"name-9143","person-002109","米该亚","zh-hans","alias","accepted"
"name-9144","person-002629","沙玛","zh-hans","variant","accepted"
"name-9145","person-000135","以色列","zh-hans","variant","accepted"
"name-9146","person-000135","耶书仑","zh-hans","variant","accepted"