passage,testament
"1CH 1:1","ot"
"1CH 1:10","ot"
"1CH 1:11","ot"
"1CH 1:13","ot"
"1CH 1:17","ot"
"1CH 1:18","ot"
"1CH 1:19","ot"
"1CH 1:2","ot"
"1CH 1:20","ot"
"1CH 1:21","ot"
"1CH 1:22","ot"
"1CH 1:23","ot"
"1CH 1:24","ot"
"1CH 1:25","ot"
"1CH 1:26","ot"
"1CH 1:27","ot"
"1CH 1:28","ot"
"1CH 1:29","ot"
"1CH 1:3","ot"
"1CH 1:30","ot"
"1CH 1:31","ot"
"1CH 1:32","ot"
"1CH 1:33","ot"
"1CH 1:34","ot"
"1CH 1:35","ot"
"1CH 1:36","ot"
"1CH 1:37","ot"
"1CH 1:38","ot"
"1CH 1:39","ot"
"1CH 1:4","ot"
"1CH 1:40","ot"
"1CH 1:41","ot"
"1CH 1:42","ot"
"1CH 1:43","ot"
"1CH 1:44","ot"
"1CH 1:45","ot"
"1CH 1:46","ot"
"1CH 1:47","ot"
"1CH 1:48","ot"
"1CH 1:49","ot"
"1CH 1:5","ot"
"1CH 1:50","ot"
"1CH 1:51","ot"
"1CH 1:52","ot"
"1CH 1:53","ot"
"1CH 1:54","ot"
"1CH 1:6","ot"
"1CH 1:7","ot"
"1CH 1:8","ot"
"1CH 1:9","ot"
"1CH 10:1","ot"
"1CH 10:11","ot"
"1CH 10:12","ot"
"1CH 10:13","ot"
"1CH 10:14","ot"
"1CH 10:2","ot"
"1CH 10:3","ot"
"1CH 10:4","ot"
"1CH 10:5","ot"
"1CH 10:6","ot"
"1CH 10:7","ot"
"1CH 10:8","ot"
"1CH 11:1","ot"
"1CH 11:10","ot"
"1CH 11:11","ot"
"1CH 11:12","ot"
"1CH 11:13","ot"
"1CH 11:15","ot"
"1CH 11:16","ot"
"1CH 11:17","ot"
"1CH 11:18","ot"
"1CH 11:2","ot"
"1CH 11:20","ot"
"1CH 11:22","ot"
"1CH 11:24","ot"
"1CH 11:25","ot"
"1CH 11:26","ot"
"1CH 11:27","ot"
"1CH 11:28","ot"
"1CH 11:29","ot"
"1CH 11:3","ot"
"1CH 11:30","ot"
"1CH 11:31","ot"
"1CH 11:32","ot"
"1CH 11:33","ot"
"1CH 11:34","ot"
"1CH 11:35","ot"
"1CH 11:36","ot"
"1CH 11:37","ot"
"1CH 11:38","ot"
"1CH 11:39","ot"
"1CH 11:4","ot"
"1CH 11:40","ot"
"1CH 11:41","ot"
"1CH 11:42","ot"
"1CH 11:43","ot"
"1CH 11:44","ot"
"1CH 11:45","ot"
"1CH 11:46","ot"
"1CH 11:47","ot"
"1CH 11:5","ot"
"1CH 11:6","ot"
"1CH 11:7","ot"
"1CH 11:8","ot"
"1CH 11:9","ot"
"1CH 12:1","ot"
"1CH 12:10","ot"
"1CH 12:11","ot"
"1CH 12:12","ot"
"1CH 12:13","ot"
"1CH 12:14","ot"
"1CH 12:16","ot"
"1CH 12:17","ot"
"1CH 12:18","ot"
"1CH 12:19","ot"
"1CH 12:2","ot"
"1CH 12:20","ot"
"1CH 12:21","ot"
"1CH 12:22","ot"
"1CH 12:23","ot"
"1CH 12:24","ot"
"1CH 12:25","ot"
"1CH 12:26","ot"
"1CH 12:27","ot"
"1CH 12:28","ot"
"1CH 12:29","ot"
"1CH 12:3","ot"
"1CH 12:30","ot"
"1CH 12:31","ot"
"1CH 12:32","ot"
"1CH 12:33","ot"
"1CH 12:34","ot"
"1CH 12:36","ot"
"1CH 12:37","ot"
"1CH 12:38","ot"
"1CH 12:39","ot"
"1CH 12:4","ot"
"1CH 12:40","ot"
"1CH 12:5","ot"
"1CH 12:6","ot"
"1CH 12:7","ot"
"1CH 12:8","ot"
"1CH 12:9","ot"
"1CH 13:1","ot"
"1CH 13:10","ot"
"1CH 13:11","ot"
"1CH 13:12","ot"
"1CH 13:13","ot"
"1CH 13:14","ot"
"1CH 13:2","ot"
"1CH 13:3","ot"
"1CH 13:5","ot"
"1CH 13:6","ot"
"1CH 13:7","ot"
"1CH 13:8","ot"
"1CH 13:9","ot"
"1CH 14:1","ot"
"1CH 14:10","ot"
"1CH 14:11","ot"
"1CH 14:12","ot"
"1CH 14:14","ot"
"1CH 14:16","ot"
"1CH 14:17","ot"
"1CH 14:2","ot"
"1CH 14:3","ot"
"1CH 14:4","ot"
"1CH 14:5","ot"
"1CH 14:6","ot"
"1CH 14:7","ot"
"1CH 14:8","ot"
"1CH 15:1","ot"
"1CH 15:10","ot"
"1CH 15:11","ot"
"1CH 15:12","ot"
"1CH 15:14","ot"
"1CH 15:15","ot"
"1CH 15:16","ot"
"1CH 15:17","ot"
"1CH 15:18","ot"
"1CH 15:19","ot"
"1CH 15:2","ot"
"1CH 15:20","ot"
"1CH 15:21","ot"
"1CH 15:22","ot"
"1CH 15:23","ot"
"1CH 15:24","ot"
"1CH 15:25","ot"
"1CH 15:26","ot"
"1CH 15:27","ot"
"1CH 15:28","ot"
"1CH 15:29","ot"
"1CH 15:3","ot"
"1CH 15:4","ot"
"1CH 15:5","ot"
"1CH 15:6","ot"
"1CH 15:7","ot"
"1CH 15:8","ot"
"1CH 15:9","ot"
"1CH 16:1","ot"
"1CH 16:13","ot"
"1CH 16:16","ot"
"1CH 16:17","ot"
"1CH 16:2","ot"
"1CH 16:3","ot"
"1CH 16:36","ot"
"1CH 16:37","ot"
"1CH 16:38","ot"
"1CH 16:39","ot"
"1CH 16:4","ot"
"1CH 16:40","ot"
"1CH 16:41","ot"
"1CH 16:42","ot"
"1CH 16:43","ot"
"1CH 16:5","ot"
"1CH 16:6","ot"
"1CH 16:7","ot"
"1CH 17:1","ot"
"1CH 17:10","ot"
"1CH 17:15","ot"
"1CH 17:16","ot"
"1CH 17:18","ot"
"1CH 17:2","ot"
"1CH 17:21","ot"
"1CH 17:22","ot"
"1CH 17:24","ot"
"1CH 17:3","ot"
"1CH 17:4","ot"
"1CH 17:5","ot"
"1CH 17:6","ot"
"1CH 17:7","ot"
"1CH 17:9","ot"
"1CH 18:1","ot"
"1CH 18:10","ot"
"1CH 18:11","ot"
"1CH 18:12","ot"
"1CH 18:13","ot"
"1CH 18:14","ot"
"1CH 18:15","ot"
"1CH 18:16","ot"
"1CH 18:17","ot"
"1CH 18:2","ot"
"1CH 18:3","ot"
"1CH 18:4","ot"
"1CH 18:5","ot"
"1CH 18:6","ot"
"1CH 18:7","ot"
"1CH 18:8","ot"
"1CH 18:9","ot"
"1CH 19:1","ot"
"1CH 19:10","ot"
"1CH 19:11","ot"
"1CH 19:14","ot"
"1CH 19:15","ot"
"1CH 19:16","ot"
"1CH 19:17","ot"
"1CH 19:18","ot"
"1CH 19:19","ot"
"1CH 19:2","ot"
"1CH 19:3","ot"
"1CH 19:4","ot"
"1CH 19:5","ot"
"1CH 19:6","ot"
"1CH 19:8","ot"
"1CH 2:1","ot"
"1CH 2:10","ot"
"1CH 2:11","ot"
"1CH 2:12","ot"
"1CH 2:13","ot"
"1CH 2:14","ot"
"1CH 2:15","ot"
"1CH 2:16","ot"
"1CH 2:17","ot"
"1CH 2:18","ot"
"1CH 2:19","ot"
"1CH 2:2","ot"
"1CH 2:20","ot"
"1CH 2:21","ot"
"1CH 2:22","ot"
"1CH 2:23","ot"
"1CH 2:24","ot"
"1CH 2:25","ot"
"1CH 2:26","ot"
"1CH 2:27","ot"
"1CH 2:28","ot"
"1CH 2:29","ot"
"1CH 2:3","ot"
"1CH 2:30","ot"
"1CH 2:31","ot"
"1CH 2:32","ot"
"1CH 2:33","ot"
"1CH 2:34","ot"
"1CH 2:35","ot"
"1CH 2:36","ot"
"1CH 2:37","ot"
"1CH 2:38","ot"
"1CH 2:39","ot"
"1CH 2:4","ot"
"1CH 2:40","ot"
"1CH 2:41","ot"
"1CH 2:42","ot"
"1CH 2:43","ot"
"1CH 2:44","ot"
"1CH 2:45","ot"
"1CH 2:46","ot"
"1CH 2:47","ot"
"1CH 2:48","ot"
"1CH 2:49","ot"
"1CH 2:5","ot"
"1CH 2:50","ot"
"1CH 2:51","ot"
"1CH 2:52","ot"
"1CH 2:54","ot"
"1CH 2:55","ot"
"1CH 2:6","ot"
"1CH 2:7","ot"
"1CH 2:8","ot"
"1CH 2:9","ot"
"1CH 20:1","ot"
"1CH 20:2","ot"
"1CH 20:3","ot"
"1CH 20:4","ot"
"1CH 20:5","ot"
"1CH 20:7","ot"
"1CH 20:8","ot"
"1CH 21:1","ot"
"1CH 21:10","ot"
"1CH 21:11","ot"
"1CH 21:12","ot"
"1CH 21:13","ot"
"1CH 21:14","ot"
"1CH 21:15","ot"
"1CH 21:16","ot"
"1CH 21:17","ot"
"1CH 21:18","ot"
"1CH 21:19","ot"
"1CH 21:2","ot"
"1CH 21:20","ot"
"1CH 21:21","ot"
"1CH 21:22","ot"
"1CH 21:23","ot"
"1CH 21:24","ot"
"1CH 21:25","ot"
"1CH 21:26","ot"
"1CH 21:28","ot"
"1CH 21:29","ot"
"1CH 21:3","ot"
"1CH 21:30","ot"
"1CH 21:4","ot"
"1CH 21:5","ot"
"1CH 21:6","ot"
"1CH 21:7","ot"
"1CH 21:8","ot"
"1CH 21:9","ot"
"1CH 22:1","ot"
"1CH 22:10","ot"
"1CH 22:12","ot"
"1CH 22:13","ot"
"1CH 22:17","ot"
"1CH 22:2","ot"
"1CH 22:3","ot"
"1CH 22:4","ot"
"1CH 22:5","ot"
"1CH 22:6","ot"
"1CH 22:7","ot"
"1CH 22:9","ot"
"1CH 23:1","ot"
"1CH 23:10","ot"
"1CH 23:11","ot"
"1CH 23:12","ot"
"1CH 23:13","ot"
"1CH 23:14","ot"
"1CH 23:15","ot"
"1CH 23:16","ot"
"1CH 23:17","ot"
"1CH 23:18","ot"
"1CH 23:19","ot"
"1CH 23:2","ot"
"1CH 23:20","ot"
"1CH 23:21","ot"
"1CH 23:22","ot"
"1CH 23:23","ot"
"1CH 23:24","ot"
"1CH 23:25","ot"
"1CH 23:26","ot"
"1CH 23:27","ot"
"1CH 23:28","ot"
"1CH 23:3","ot"
"1CH 23:32","ot"
"1CH 23:6","ot"
"1CH 23:7","ot"
"1CH 23:8","ot"
"1CH 23:9","ot"
"1CH 24:1","ot"
"1CH 24:10","ot"
"1CH 24:11","ot"
"1CH 24:12","ot"
"1CH 24:13","ot"
"1CH 24:14","ot"
"1CH 24:15","ot"
"1CH 24:16","ot"
"1CH 24:17","ot"
"1CH 24:18","ot"
"1CH 24:19","ot"
"1CH 24:2","ot"
"1CH 24:20","ot"
"1CH 24:21","ot"
"1CH 24:22","ot"
"1CH 24:23","ot"
"1CH 24:24","ot"
"1CH 24:25","ot"
"1CH 24:26","ot"
"1CH 24:27","ot"
"1CH 24:28","ot"
"1CH 24:29","ot"
"1CH 24:3","ot"
"1CH 24:30","ot"
"1CH 24:31","ot"
"1CH 24:4","ot"
"1CH 24:5","ot"
"1CH 24:6","ot"
"1CH 24:7","ot"
"1CH 24:8","ot"
"1CH 24:9","ot"
"1CH 25:1","ot"
"1CH 25:10","ot"
"1CH 25:11","ot"
"1CH 25:12","ot"
"1CH 25:13","ot"
"1CH 25:14","ot"
"1CH 25:15","ot"
"1CH 25:16","ot"
"1CH 25:17","ot"
"1CH 25:18","ot"
"1CH 25:19","ot"
"1CH 25:2","ot"
"1CH 25:20","ot"
"1CH 25:21","ot"
"1CH 25:22","ot"
"1CH 25:23","ot"
"1CH 25:24","ot"
"1CH 25:25","ot"
"1CH 25:26","ot"
"1CH 25:27","ot"
"1CH 25:28","ot"
"1CH 25:29","ot"
"1CH 25:3","ot"
"1CH 25:30","ot"
"1CH 25:31","ot"
"1CH 25:4","ot"
"1CH 25:5","ot"
"1CH 25:6","ot"
"1CH 25:9","ot"
"1CH 26:1","ot"
"1CH 26:10","ot"
"1CH 26:11","ot"
"1CH 26:14","ot"
"1CH 26:15","ot"
"1CH 26:16","ot"
"1CH 26:17","ot"
"1CH 26:19","ot"
"1CH 26:2","ot"
"1CH 26:20","ot"
"1CH 26:21","ot"
"1CH 26:22","ot"
"1CH 26:23","ot"
"1CH 26:24","ot"
"1CH 26:25","ot"
"1CH 26:26","ot"
"1CH 26:28","ot"
"1CH 26:29","ot"
"1CH 26:3","ot"
"1CH 26:30","ot"
"1CH 26:31","ot"
"1CH 26:32","ot"
"1CH 26:4","ot"
"1CH 26:5","ot"
"1CH 26:6","ot"
"1CH 26:7","ot"
"1CH 26:8","ot"
"1CH 26:9","ot"
"1CH 27:1","ot"
"1CH 27:10","ot"
"1CH 27:11","ot"
"1CH 27:12","ot"
"1CH 27:13","ot"
"1CH 27:14","ot"
"1CH 27:15","ot"
"1CH 27:16","ot"
"1CH 27:17","ot"
"1CH 27:18","ot"
"1CH 27:19","ot"
"1CH 27:2","ot"
"1CH 27:20","ot"
"1CH 27:21","ot"
"1CH 27:22","ot"
"1CH 27:23","ot"
"1CH 27:24","ot"
"1CH 27:25","ot"
"1CH 27:26","ot"
"1CH 27:27","ot"
"1CH 27:28","ot"
"1CH 27:29","ot"
"1CH 27:3","ot"
"1CH 27:30","ot"
"1CH 27:31","ot"
"1CH 27:32","ot"
"1CH 27:33","ot"
"1CH 27:34","ot"
"1CH 27:4","ot"
"1CH 27:5","ot"
"1CH 27:6","ot"
"1CH 27:7","ot"
"1CH 27:8","ot"
"1CH 27:9","ot"
"1CH 28:1","ot"
"1CH 28:11","ot"
"1CH 28:13","ot"
"1CH 28:2","ot"
"1CH 28:20","ot"
"1CH 28:21","ot"
"1CH 28:4","ot"
"1CH 28:5","ot"
"1CH 28:6","ot"
"1CH 28:8","ot"
"1CH 28:9","ot"
"1CH 29:1","ot"
"1CH 29:10","ot"
"1CH 29:18","ot"
"1CH 29:19","ot"
"1CH 29:20","ot"
"1CH 29:21","ot"
"1CH 29:22","ot"
"1CH 29:23","ot"
"1CH 29:24","ot"
"1CH 29:25","ot"
"1CH 29:26","ot"
"1CH 29:27","ot"
"1CH 29:28","ot"
"1CH 29:29","ot"
"1CH 29:30","ot"
"1CH 29:6","ot"
"1CH 29:8","ot"
"1CH 29:9","ot"
"1CH 3:1","ot"
"1CH 3:10","ot"
"1CH 3:11","ot"
"1CH 3:12","ot"
"1CH 3:13","ot"
"1CH 3:14","ot"
"1CH 3:15","ot"
"1CH 3:16","ot"
"1CH 3:17","ot"
"1CH 3:18","ot"
"1CH 3:19","ot"
"1CH 3:2","ot"
"1CH 3:20","ot"
"1CH 3:21","ot"
"1CH 3:22","ot"
"1CH 3:23","ot"
"1CH 3:24","ot"
"1CH 3:3","ot"
"1CH 3:5","ot"
"1CH 3:6","ot"
"1CH 3:7","ot"
"1CH 3:8","ot"
"1CH 3:9","ot"
"1CH 4:1","ot"
"1CH 4:10","ot"
"1CH 4:11","ot"
"1CH 4:12","ot"
"1CH 4:13","ot"
"1CH 4:14","ot"
"1CH 4:15","ot"
"1CH 4:16","ot"
"1CH 4:17","ot"
"1CH 4:17-18","ot"
"1CH 4:18","ot"
"1CH 4:19","ot"
"1CH 4:2","ot"
"1CH 4:20","ot"
"1CH 4:21","ot"
"1CH 4:22","ot"
"1CH 4:24","ot"
"1CH 4:25","ot"
"1CH 4:26","ot"
"1CH 4:27","ot"
"1CH 4:3","ot"
"1CH 4:31","ot"
"1CH 4:34","ot"
"1CH 4:35","ot"
"1CH 4:36","ot"
"1CH 4:37","ot"
"1CH 4:4","ot"
"1CH 4:41","ot"
"1CH 4:42","ot"
"1CH 4:5","ot"
"1CH 4:6","ot"
"1CH 4:7","ot"
"1CH 4:8","ot"
"1CH 4:9","ot"
"1CH 5:1","ot"
"1CH 5:10","ot"
"1CH 5:11","ot"
"1CH 5:12","ot"
"1CH 5:13","ot"
"1CH 5:14","ot"
"1CH 5:15","ot"
"1CH 5:17","ot"
"1CH 5:18","ot"
"1CH 5:19","ot"
"1CH 5:2","ot"
"1CH 5:20","ot"
"1CH 5:23","ot"
"1CH 5:24","ot"
"1CH 5:26","ot"
"1CH 5:3","ot"
"1CH 5:4","ot"
"1CH 5:5","ot"
"1CH 5:6","ot"
"1CH 5:7","ot"
"1CH 5:8","ot"
"1CH 6:1","ot"
"1CH 6:10","ot"
"1CH 6:11","ot"
"1CH 6:12","ot"
"1CH 6:13","ot"
"1CH 6:14","ot"
"1CH 6:15","ot"
"1CH 6:16","ot"
"1CH 6:17","ot"
"1CH 6:18","ot"
"1CH 6:19","ot"
"1CH 6:2","ot"
"1CH 6:20","ot"
"1CH 6:21","ot"
"1CH 6:22","ot"
"1CH 6:23","ot"
"1CH 6:24","ot"
"1CH 6:25","ot"
"1CH 6:26","ot"
"1CH 6:27","ot"
"1CH 6:28","ot"
"1CH 6:29","ot"
"1CH 6:3","ot"
"1CH 6:30","ot"
"1CH 6:31","ot"
"1CH 6:32","ot"
"1CH 6:33","ot"
"1CH 6:34","ot"
"1CH 6:35","ot"
"1CH 6:36","ot"
"1CH 6:37","ot"
"1CH 6:38","ot"
"1CH 6:39","ot"
"1CH 6:4","ot"
"1CH 6:40","ot"
"1CH 6:41","ot"
"1CH 6:42","ot"
"1CH 6:43","ot"
"1CH 6:44","ot"
"1CH 6:45","ot"
"1CH 6:46","ot"
"1CH 6:47","ot"
"1CH 6:48","ot"
"1CH 6:49","ot"
"1CH 6:5","ot"
"1CH 6:50","ot"
"1CH 6:51","ot"
"1CH 6:52","ot"
"1CH 6:53","ot"
"1CH 6:54","ot"
"1CH 6:55","ot"
"1CH 6:56","ot"
"1CH 6:57","ot"
"1CH 6:6","ot"
"1CH 6:60","ot"
"1CH 6:61","ot"
"1CH 6:62","ot"
"1CH 6:63","ot"
"1CH 6:64","ot"
"1CH 6:65","ot"
"1CH 6:66","ot"
"1CH 6:67","ot"
"1CH 6:7","ot"
"1CH 6:70","ot"
"1CH 6:71","ot"
"1CH 6:72","ot"
"1CH 6:74","ot"
"1CH 6:76","ot"
"1CH 6:77","ot"
"1CH 6:78","ot"
"1CH 6:8","ot"
"1CH 6:80","ot"
"1CH 6:9","ot"
"1CH 7:1","ot"
"1CH 7:10","ot"
"1CH 7:11","ot"
"1CH 7:12","ot"
"1CH 7:13","ot"
"1CH 7:14","ot"
"1CH 7:15","ot"
"1CH 7:16","ot"
"1CH 7:17","ot"
"1CH 7:18","ot"
"1CH 7:19","ot"
"1CH 7:2","ot"
"1CH 7:20","ot"
"1CH 7:21","ot"
"1CH 7:22","ot"
"1CH 7:23","ot"
"1CH 7:24","ot"
"1CH 7:25","ot"
"1CH 7:26","ot"
"1CH 7:27","ot"
"1CH 7:29","ot"
"1CH 7:3","ot"
"1CH 7:30","ot"
"1CH 7:31","ot"
"1CH 7:32","ot"
"1CH 7:33","ot"
"1CH 7:34","ot"
"1CH 7:35","ot"
"1CH 7:36","ot"
"1CH 7:37","ot"
"1CH 7:38","ot"
"1CH 7:39","ot"
"1CH 7:40","ot"
"1CH 7:5","ot"
"1CH 7:6","ot"
"1CH 7:7","ot"
"1CH 7:8","ot"
"1CH 8:1","ot"
"1CH 8:10","ot"
"1CH 8:11","ot"
"1CH 8:12","ot"
"1CH 8:13","ot"
"1CH 8:14","ot"
"1CH 8:15","ot"
"1CH 8:16","ot"
"1CH 8:17","ot"
"1CH 8:18","ot"
"1CH 8:19","ot"
"1CH 8:2","ot"
"1CH 8:20","ot"
"1CH 8:21","ot"
"1CH 8:22","ot"
"1CH 8:23","ot"
"1CH 8:24","ot"
"1CH 8:25","ot"
"1CH 8:26","ot"
"1CH 8:27","ot"
"1CH 8:29","ot"
"1CH 8:3","ot"
"1CH 8:30","ot"
"1CH 8:31","ot"
"1CH 8:32","ot"
"1CH 8:33","ot"
"1CH 8:34","ot"
"1CH 8:35","ot"
"1CH 8:36","ot"
"1CH 8:37","ot"
"1CH 8:38","ot"
"1CH 8:39","ot"
"1CH 8:4","ot"
"1CH 8:40","ot"
"1CH 8:5","ot"
"1CH 8:6","ot"
"1CH 8:7","ot"
"1CH 8:8","ot"
"1CH 8:9","ot"
"1CH 9:1","ot"
"1CH 9:10","ot"
"1CH 9:11","ot"
"1CH 9:12","ot"
"1CH 9:14","ot"
"1CH 9:15","ot"
"1CH 9:16","ot"
"1CH 9:17","ot"
"1CH 9:18","ot"
"1CH 9:19","ot"
"1CH 9:2","ot"
"1CH 9:20","ot"
"1CH 9:21","ot"
"1CH 9:22","ot"
"1CH 9:26","ot"
"1CH 9:3","ot"
"1CH 9:31","ot"
"1CH 9:32","ot"
"1CH 9:33","ot"
"1CH 9:34","ot"
"1CH 9:35","ot"
"1CH 9:36","ot"
"1CH 9:37","ot"
"1CH 9:38","ot"
"1CH 9:39","ot"
"1CH 9:4","ot"
"1CH 9:40","ot"
"1CH 9:41","ot"
"1CH 9:42","ot"
"1CH 9:43","ot"
"1CH 9:44","ot"
"1CH 9:5","ot"
"1CH 9:6","ot"
"1CH 9:7","ot"
"1CH 9:8","ot"
"1CO 1:1","nt"
"1CO 1:10","nt"
"1CO 1:11","nt"
"1CO 1:12","nt"
"1CO 1:13","nt"
"1CO 1:14","nt"
"1CO 1:16","nt"
"1CO 1:17","nt"
"1CO 1:2","nt"
"1CO 1:23","nt"
"1CO 1:24","nt"
"1CO 1:3","nt"
"1CO 1:30","nt"
"1CO 1:4","nt"
"1CO 1:6","nt"
"1CO 1:7","nt"
"1CO 1:8","nt"
"1CO 1:9","nt"
"1CO 10:16","nt"
"1CO 10:2","nt"
"1CO 10:4","nt"
"1CO 10:9","nt"
"1CO 11:1","nt"
"1CO 11:23","nt"
"1CO 11:3","nt"
"1CO 12:12","nt"
"1CO 12:27","nt"
"1CO 12:3","nt"
"1CO 15:12","nt"
"1CO 15:13","nt"
"1CO 15:14","nt"
"1CO 15:15","nt"
"1CO 15:16","nt"
"1CO 15:17","nt"
"1CO 15:18","nt"
"1CO 15:19","nt"
"1CO 15:20","nt"
"1CO 15:22","nt"
"1CO 15:23","nt"
"1CO 15:3","nt"
"1CO 15:31","nt"
"1CO 15:45","nt"
"1CO 15:5","nt"
"1CO 15:57","nt"
"1CO 15:7","nt"
"1CO 16:10","nt"
"1CO 16:12","nt"
"1CO 16:15","nt"
"1CO 16:17","nt"
"1CO 16:19","nt"
"1CO 16:21","nt"
"1CO 16:23","nt"
"1CO 16:24","nt"
"1CO 2:16","nt"
"1CO 2:2","nt"
"1CO 3:1","nt"
"1CO 3:11","nt"
"1CO 3:22","nt"
"1CO 3:23","nt"
"1CO 3:4","nt"
"1CO 3:5","nt"
"1CO 3:6","nt"
"1CO 3:6-9","nt"
"1CO 4:1","nt"
"1CO 4:10","nt"
"1CO 4:15","nt"
"1CO 4:17","nt"
"1CO 4:6","nt"
"1CO 5:4","nt"
"1CO 5:7","nt"
"1CO 6:11","nt"
"1CO 6:15","nt"
"1CO 7:22","nt"
"1CO 8:11","nt"
"1CO 8:12","nt"
"1CO 8:6","nt"
"1CO 9:1","nt"
"1CO 9:12","nt"
"1CO 9:21","nt"
"1CO 9:5","nt"
"1CO 9:6","nt"
"1CO 9:9","nt"
"1JN 1:3","nt"
"1JN 1:7","nt"
"1JN 2:1","nt"
"1JN 2:22","nt"
"1JN 3:12","nt"
"1JN 3:23","nt"
"1JN 4:15","nt"
"1JN 4:2","nt"
"1JN 4:3","nt"
"1JN 5:1","nt"
"1JN 5:20","nt"
"1JN 5:5","nt"
"1JN 5:6","nt"
"1KI 1:1","ot"
"1KI 1:10","ot"
"1KI 1:11","ot"
"1KI 1:12","ot"
"1KI 1:13","ot"
"1KI 1:15","ot"
"1KI 1:16","ot"
"1KI 1:17","ot"
"1KI 1:18","ot"
"1KI 1:19","ot"
"1KI 1:20","ot"
"1KI 1:21","ot"
"1KI 1:22","ot"
"1KI 1:23","ot"
"1KI 1:24","ot"
"1KI 1:25","ot"
"1KI 1:26","ot"
"1KI 1:28","ot"
"1KI 1:3","ot"
"1KI 1:30","ot"
"1KI 1:31","ot"
"1KI 1:32","ot"
"1KI 1:33","ot"
"1KI 1:34","ot"
"1KI 1:35","ot"
"1KI 1:36","ot"
"1KI 1:37","ot"
"1KI 1:38","ot"
"1KI 1:39","ot"
"1KI 1:41","ot"
"1KI 1:42","ot"
"1KI 1:43","ot"
"1KI 1:44","ot"
"1KI 1:45","ot"
"1KI 1:46","ot"
"1KI 1:47","ot"
"1KI 1:48","ot"
"1KI 1:49","ot"
"1KI 1:5","ot"
"1KI 1:50","ot"
"1KI 1:51","ot"
"1KI 1:52","ot"
"1KI 1:53","ot"
"1KI 1:6","ot"
"1KI 1:7","ot"
"1KI 1:8","ot"
"1KI 1:9","ot"
"1KI 10:1","ot"
"1KI 10:10","ot"
"1KI 10:11","ot"
"1KI 10:13","ot"
"1KI 10:14","ot"
"1KI 10:16","ot"
"1KI 10:2","ot"
"1KI 10:21","ot"
"1KI 10:22","ot"
"1KI 10:23","ot"
"1KI 10:24","ot"
"1KI 10:26","ot"
"1KI 10:28","ot"
"1KI 10:29","ot"
"1KI 10:3","ot"
"1KI 10:4","ot"
"1KI 10:9","ot"
"1KI 11:1","ot"
"1KI 11:11","ot"
"1KI 11:12","ot"
"1KI 11:13","ot"
"1KI 11:14","ot"
"1KI 11:15","ot"
"1KI 11:16","ot"
"1KI 11:17","ot"
"1KI 11:19","ot"
"1KI 11:2","ot"
"1KI 11:20","ot"
"1KI 11:21","ot"
"1KI 11:23","ot"
"1KI 11:24","ot"
"1KI 11:25","ot"
"1KI 11:26","ot"
"1KI 11:27","ot"
"1KI 11:28","ot"
"1KI 11:29","ot"
"1KI 11:30","ot"
"1KI 11:31","ot"
"1KI 11:32","ot"
"1KI 11:33","ot"
"1KI 11:34","ot"
"1KI 11:36","ot"
"1KI 11:37","ot"
"1KI 11:38","ot"
"1KI 11:39","ot"
"1KI 11:4","ot"
"1KI 11:40","ot"
"1KI 11:41","ot"
"1KI 11:42","ot"
"1KI 11:43","ot"
"1KI 11:5","ot"
"1KI 11:6","ot"
"1KI 11:7","ot"
"1KI 11:9","ot"
"1KI 12:1","ot"
"1KI 12:12","ot"
"1KI 12:15","ot"
"1KI 12:16","ot"
"1KI 12:17","ot"
"1KI 12:18","ot"
"1KI 12:19","ot"
"1KI 12:2","ot"
"1KI 12:20","ot"
"1KI 12:21","ot"
"1KI 12:22","ot"
"1KI 12:23","ot"
"1KI 12:24","ot"
"1KI 12:25","ot"
"1KI 12:26","ot"
"1KI 12:27","ot"
"1KI 12:28","ot"
"1KI 12:3","ot"
"1KI 12:31","ot"
"1KI 12:32","ot"
"1KI 12:33","ot"
"1KI 12:6","ot"
"1KI 13:1","ot"
"1KI 13:12","ot"
"1KI 13:14","ot"
"1KI 13:2","ot"
"1KI 13:21","ot"
"1KI 13:33","ot"
"1KI 13:34","ot"
"1KI 13:4","ot"
"1KI 14:1","ot"
"1KI 14:10","ot"
"1KI 14:11","ot"
"1KI 14:13","ot"
"1KI 14:14","ot"
"1KI 14:15","ot"
"1KI 14:16","ot"
"1KI 14:17","ot"
"1KI 14:18","ot"
"1KI 14:19","ot"
"1KI 14:2","ot"
"1KI 14:20","ot"
"1KI 14:21","ot"
"1KI 14:22","ot"
"1KI 14:24","ot"
"1KI 14:25","ot"
"1KI 14:26","ot"
"1KI 14:27","ot"
"1KI 14:29","ot"
"1KI 14:30","ot"
"1KI 14:31","ot"
"1KI 14:4","ot"
"1KI 14:5","ot"
"1KI 14:6","ot"
"1KI 14:7","ot"
"1KI 14:8","ot"
"1KI 15:1","ot"
"1KI 15:10","ot"
"1KI 15:11","ot"
"1KI 15:13","ot"
"1KI 15:14","ot"
"1KI 15:16","ot"
"1KI 15:17","ot"
"1KI 15:18","ot"
"1KI 15:19","ot"
"1KI 15:2","ot"
"1KI 15:20","ot"
"1KI 15:21","ot"
"1KI 15:22","ot"
"1KI 15:23","ot"
"1KI 15:24","ot"
"1KI 15:25","ot"
"1KI 15:26","ot"
"1KI 15:27","ot"
"1KI 15:28","ot"
"1KI 15:29","ot"
"1KI 15:3","ot"
"1KI 15:30","ot"
"1KI 15:31","ot"
"1KI 15:32","ot"
"1KI 15:33","ot"
"1KI 15:34","ot"
"1KI 15:4","ot"
"1KI 15:5","ot"
"1KI 15:6","ot"
"1KI 15:7","ot"
"1KI 15:8","ot"
"1KI 15:9","ot"
"1KI 16:1","ot"
"1KI 16:10","ot"
"1KI 16:11","ot"
"1KI 16:12","ot"
"1KI 16:13","ot"
"1KI 16:14","ot"
"1KI 16:15","ot"
"1KI 16:16","ot"
"1KI 16:17","ot"
"1KI 16:18","ot"
"1KI 16:19","ot"
"1KI 16:2","ot"
"1KI 16:20","ot"
"1KI 16:21","ot"
"1KI 16:22","ot"
"1KI 16:23","ot"
"1KI 16:24","ot"
"1KI 16:25","ot"
"1KI 16:26","ot"
"1KI 16:27","ot"
"1KI 16:28","ot"
"1KI 16:29","ot"
"1KI 16:3","ot"
"1KI 16:30","ot"
"1KI 16:31","ot"
"1KI 16:33","ot"
"1KI 16:34","ot"
"1KI 16:4","ot"
"1KI 16:5","ot"
"1KI 16:6","ot"
"1KI 16:7","ot"
"1KI 16:8","ot"
"1KI 16:9","ot"
"1KI 17:1","ot"
"1KI 17:13","ot"
"1KI 17:14","ot"
"1KI 17:15","ot"
"1KI 17:16","ot"
"1KI 17:18","ot"
"1KI 17:22","ot"
"1KI 17:23","ot"
"1KI 17:24","ot"
"1KI 18:1","ot"
"1KI 18:11","ot"
"1KI 18:12","ot"
"1KI 18:13","ot"
"1KI 18:14","ot"
"1KI 18:15","ot"
"1KI 18:16","ot"
"1KI 18:17","ot"
"1KI 18:18","ot"
"1KI 18:19","ot"
"1KI 18:2","ot"
"1KI 18:20","ot"
"1KI 18:21","ot"
"1KI 18:22","ot"
"1KI 18:25","ot"
"1KI 18:27","ot"
"1KI 18:3","ot"
"1KI 18:30","ot"
"1KI 18:31","ot"
"1KI 18:36","ot"
"1KI 18:4","ot"
"1KI 18:40","ot"
"1KI 18:41","ot"
"1KI 18:42","ot"
"1KI 18:44","ot"
"1KI 18:45","ot"
"1KI 18:46","ot"
"1KI 18:5","ot"
"1KI 18:6","ot"
"1KI 18:7","ot"
"1KI 18:8","ot"
"1KI 18:9","ot"
"1KI 19:1","ot"
"1KI 19:10","ot"
"1KI 19:13","ot"
"1KI 19:14","ot"
"1KI 19:15","ot"
"1KI 19:16","ot"
"1KI 19:17","ot"
"1KI 19:18","ot"
"1KI 19:19","ot"
"1KI 19:2","ot"
"1KI 19:20","ot"
"1KI 19:21","ot"
"1KI 19:3","ot"
"1KI 19:9","ot"
"1KI 2:1","ot"
"1KI 2:10","ot"
"1KI 2:11","ot"
"1KI 2:12","ot"
"1KI 2:13","ot"
"1KI 2:15","ot"
"1KI 2:17","ot"
"1KI 2:18","ot"
"1KI 2:19","ot"
"1KI 2:21","ot"
"1KI 2:22","ot"
"1KI 2:23","ot"
"1KI 2:24","ot"
"1KI 2:25","ot"
"1KI 2:26","ot"
"1KI 2:27","ot"
"1KI 2:28","ot"
"1KI 2:29","ot"
"1KI 2:3","ot"
"1KI 2:30","ot"
"1KI 2:31","ot"
"1KI 2:32","ot"
"1KI 2:33","ot"
"1KI 2:34","ot"
"1KI 2:35","ot"
"1KI 2:36","ot"
"1KI 2:38","ot"
"1KI 2:39","ot"
"1KI 2:4","ot"
"1KI 2:40","ot"
"1KI 2:41","ot"
"1KI 2:42","ot"
"1KI 2:44","ot"
"1KI 2:45","ot"
"1KI 2:46","ot"
"1KI 2:5","ot"
"1KI 2:7","ot"
"1KI 2:8","ot"
"1KI 20:1","ot"
"1KI 20:10","ot"
"1KI 20:11","ot"
"1KI 20:13","ot"
"1KI 20:14","ot"
"1KI 20:15","ot"
"1KI 20:16","ot"
"1KI 20:17","ot"
"1KI 20:2","ot"
"1KI 20:20","ot"
"1KI 20:21","ot"
"1KI 20:22","ot"
"1KI 20:26","ot"
"1KI 20:27","ot"
"1KI 20:28","ot"
"1KI 20:29","ot"
"1KI 20:30","ot"
"1KI 20:31","ot"
"1KI 20:32","ot"
"1KI 20:33","ot"
"1KI 20:34","ot"
"1KI 20:4","ot"
"1KI 20:40","ot"
"1KI 20:41","ot"
"1KI 20:43","ot"
"1KI 20:5","ot"
"1KI 20:7","ot"
"1KI 20:9","ot"
"1KI 21:1","ot"
"1KI 21:11","ot"
"1KI 21:12","ot"
"1KI 21:13","ot"
"1KI 21:14","ot"
"1KI 21:15","ot"
"1KI 21:16","ot"
"1KI 21:17","ot"
"1KI 21:18","ot"
"1KI 21:19","ot"
"1KI 21:2","ot"
"1KI 21:20","ot"
"1KI 21:21","ot"
"1KI 21:22","ot"
"1KI 21:23","ot"
"1KI 21:24","ot"
"1KI 21:25","ot"
"1KI 21:26","ot"
"1KI 21:27","ot"
"1KI 21:28","ot"
"1KI 21:29","ot"
"1KI 21:3","ot"
"1KI 21:4","ot"
"1KI 21:5","ot"
"1KI 21:6","ot"
"1KI 21:7","ot"
"1KI 21:8","ot"
"1KI 21:9","ot"
"1KI 22:1","ot"
"1KI 22:10","ot"
"1KI 22:11","ot"
"1KI 22:13","ot"
"1KI 22:14","ot"
"1KI 22:15","ot"
"1KI 22:17","ot"
"1KI 22:18","ot"
"1KI 22:2","ot"
"1KI 22:20","ot"
"1KI 22:24","ot"
"1KI 22:25","ot"
"1KI 22:26","ot"
"1KI 22:28","ot"
"1KI 22:29","ot"
"1KI 22:3","ot"
"1KI 22:30","ot"
"1KI 22:31","ot"
"1KI 22:32","ot"
"1KI 22:33","ot"
"1KI 22:34","ot"
"1KI 22:39","ot"
"1KI 22:4","ot"
"1KI 22:40","ot"
"1KI 22:41","ot"
"1KI 22:42","ot"
"1KI 22:43","ot"
"1KI 22:44","ot"
"1KI 22:45","ot"
"1KI 22:46","ot"
"1KI 22:48","ot"
"1KI 22:49","ot"
"1KI 22:5","ot"
"1KI 22:50","ot"
"1KI 22:51","ot"
"1KI 22:52","ot"
"1KI 22:53","ot"
"1KI 22:6","ot"
"1KI 22:7","ot"
"1KI 22:8","ot"
"1KI 22:9","ot"
"1KI 3:1","ot"
"1KI 3:10","ot"
"1KI 3:14","ot"
"1KI 3:15","ot"
"1KI 3:28","ot"
"1KI 3:3","ot"
"1KI 3:4","ot"
"1KI 3:5","ot"
"1KI 3:6","ot"
"1KI 3:7","ot"
"1KI 4:1","ot"
"1KI 4:10","ot"
"1KI 4:11","ot"
"1KI 4:12","ot"
"1KI 4:13","ot"
"1KI 4:14","ot"
"1KI 4:15","ot"
"1KI 4:16","ot"
"1KI 4:17","ot"
"1KI 4:18","ot"
"1KI 4:19","ot"
"1KI 4:2","ot"
"1KI 4:20","ot"
"1KI 4:21","ot"
"1KI 4:22","ot"
"1KI 4:25","ot"
"1KI 4:26","ot"
"1KI 4:27","ot"
"1KI 4:29","ot"
"1KI 4:3","ot"
"1KI 4:30","ot"
"1KI 4:31","ot"
"1KI 4:34","ot"
"1KI 4:4","ot"
"1KI 4:5","ot"
"1KI 4:6","ot"
"1KI 4:7","ot"
"1KI 4:8","ot"
"1KI 4:9","ot"
"1KI 5:1","ot"
"1KI 5:10","ot"
"1KI 5:11","ot"
"1KI 5:12","ot"
"1KI 5:13","ot"
"1KI 5:14","ot"
"1KI 5:15","ot"
"1KI 5:16","ot"
"1KI 5:18","ot"
"1KI 5:2","ot"
"1KI 5:3","ot"
"1KI 5:5","ot"
"1KI 5:7","ot"
"1KI 5:8","ot"
"1KI 6:1","ot"
"1KI 6:11","ot"
"1KI 6:12","ot"
"1KI 6:13","ot"
"1KI 6:14","ot"
"1KI 6:2","ot"
"1KI 6:21","ot"
"1KI 7:1","ot"
"1KI 7:13","ot"
"1KI 7:14","ot"
"1KI 7:21","ot"
"1KI 7:40","ot"
"1KI 7:45","ot"
"1KI 7:47","ot"
"1KI 7:48","ot"
"1KI 7:51","ot"
"1KI 7:8","ot"
"1KI 8:1","ot"
"1KI 8:12","ot"
"1KI 8:14","ot"
"1KI 8:15","ot"
"1KI 8:16","ot"
"1KI 8:17","ot"
"1KI 8:18","ot"
"1KI 8:2","ot"
"1KI 8:20","ot"
"1KI 8:22","ot"
"1KI 8:23","ot"
"1KI 8:24","ot"
"1KI 8:25","ot"
"1KI 8:26","ot"
"1KI 8:3","ot"
"1KI 8:30","ot"
"1KI 8:33","ot"
"1KI 8:34","ot"
"1KI 8:36","ot"
"1KI 8:38","ot"
"1KI 8:4","ot"
"1KI 8:41","ot"
"1KI 8:43","ot"
"1KI 8:5","ot"
"1KI 8:52","ot"
"1KI 8:53","ot"
"1KI 8:54","ot"
"1KI 8:55","ot"
"1KI 8:56","ot"
"1KI 8:59","ot"
"1KI 8:62","ot"
"1KI 8:63","ot"
"1KI 8:65","ot"
"1KI 8:66","ot"
"1KI 8:9","ot"
"1KI 9:1","ot"
"1KI 9:10","ot"
"1KI 9:11","ot"
"1KI 9:12","ot"
"1KI 9:14","ot"
"1KI 9:15","ot"
"1KI 9:16","ot"
"1KI 9:17","ot"
"1KI 9:19","ot"
"1KI 9:2","ot"
"1KI 9:20","ot"
"1KI 9:21","ot"
"1KI 9:22","ot"
"1KI 9:23","ot"
"1KI 9:24","ot"
"1KI 9:25","ot"
"1KI 9:26","ot"
"1KI 9:27","ot"
"1KI 9:28","ot"
"1KI 9:4","ot"
"1KI 9:5","ot"
"1KI 9:7","ot"
"1PE 1:1","nt"
"1PE 1:11","nt"
"1PE 1:13","nt"
"1PE 1:19","nt"
"1PE 1:2","nt"
"1PE 1:3","nt"
"1PE 1:7","nt"
"1PE 2:21","nt"
"1PE 2:5","nt"
"1PE 3:16","nt"
"1PE 3:18","nt"
"1PE 3:20","nt"
"1PE 3:21","nt"
"1PE 3:6","nt"
"1PE 4:1","nt"
"1PE 4:11","nt"
"1PE 4:13","nt"
"1PE 4:14","nt"
"1PE 5:1","nt"
"1PE 5:10","nt"
"1PE 5:12","nt"
"1PE 5:13","nt"
"1PE 5:14","nt"
"1SA 1:1","ot"
"1SA 1:12","ot"
"1SA 1:13","ot"
"1SA 1:14","ot"
"1SA 1:15","ot"
"1SA 1:17","ot"
"1SA 1:19","ot"
"1SA 1:2","ot"
"1SA 1:20","ot"
"1SA 1:21","ot"
"1SA 1:22","ot"
"1SA 1:23","ot"
"1SA 1:25","ot"
"1SA 1:3","ot"
"1SA 1:4","ot"
"1SA 1:5","ot"
"1SA 1:8","ot"
"1SA 1:9","ot"
"1SA 10:1","ot"
"1SA 10:11","ot"
"1SA 10:12","ot"
"1SA 10:14","ot"
"1SA 10:15","ot"
"1SA 10:16","ot"
"1SA 10:17","ot"
"1SA 10:18","ot"
"1SA 10:2","ot"
"1SA 10:20","ot"
"1SA 10:21","ot"
"1SA 10:24","ot"
"1SA 10:25","ot"
"1SA 10:26","ot"
"1SA 10:9","ot"
"1SA 11:1","ot"
"1SA 11:11","ot"
"1SA 11:12","ot"
"1SA 11:13","ot"
"1SA 11:14","ot"
"1SA 11:15","ot"
"1SA 11:2","ot"
"1SA 11:3","ot"
"1SA 11:4","ot"
"1SA 11:5","ot"
"1SA 11:6","ot"
"1SA 11:7","ot"
"1SA 11:8","ot"
"1SA 12:1","ot"
"1SA 12:11","ot"
"1SA 12:12","ot"
"1SA 12:18","ot"
"1SA 12:19","ot"
"1SA 12:20","ot"
"1SA 12:6","ot"
"1SA 12:8","ot"
"1SA 12:9","ot"
"1SA 13:1","ot"
"1SA 13:10","ot"
"1SA 13:11","ot"
"1SA 13:13","ot"
"1SA 13:15","ot"
"1SA 13:16","ot"
"1SA 13:19","ot"
"1SA 13:2","ot"
"1SA 13:20","ot"
"1SA 13:22","ot"
"1SA 13:3","ot"
"1SA 13:4","ot"
"1SA 13:5","ot"
"1SA 13:6","ot"
"1SA 13:7","ot"
"1SA 13:8","ot"
"1SA 13:9","ot"
"1SA 14:1","ot"
"1SA 14:12","ot"
"1SA 14:13","ot"
"1SA 14:14","ot"
"1SA 14:16","ot"
"1SA 14:17","ot"
"1SA 14:18","ot"
"1SA 14:19","ot"
"1SA 14:2","ot"
"1SA 14:20","ot"
"1SA 14:21","ot"
"1SA 14:22","ot"
"1SA 14:23","ot"
"1SA 14:24","ot"
"1SA 14:27","ot"
"1SA 14:29","ot"
"1SA 14:3","ot"
"1SA 14:33","ot"
"1SA 14:34","ot"
"1SA 14:35","ot"
"1SA 14:36","ot"
"1SA 14:37","ot"
"1SA 14:38","ot"
"1SA 14:39","ot"
"1SA 14:4","ot"
"1SA 14:40","ot"
"1SA 14:41","ot"
"1SA 14:42","ot"
"1SA 14:43","ot"
"1SA 14:44","ot"
"1SA 14:45","ot"
"1SA 14:46","ot"
"1SA 14:47","ot"
"1SA 14:48","ot"
"1SA 14:49","ot"
"1SA 14:50","ot"
"1SA 14:51","ot"
"1SA 14:52","ot"
"1SA 14:6","ot"
"1SA 14:8","ot"
"1SA 15:1","ot"
"1SA 15:10","ot"
"1SA 15:11","ot"
"1SA 15:12","ot"
"1SA 15:13","ot"
"1SA 15:14","ot"
"1SA 15:15","ot"
"1SA 15:16","ot"
"1SA 15:17","ot"
"1SA 15:2","ot"
"1SA 15:20","ot"
"1SA 15:22","ot"
"1SA 15:24","ot"
"1SA 15:26","ot"
"1SA 15:27","ot"
"1SA 15:28","ot"
"1SA 15:29","ot"
"1SA 15:30","ot"
"1SA 15:31","ot"
"1SA 15:32","ot"
"1SA 15:33","ot"
"1SA 15:34","ot"
"1SA 15:35","ot"
"1SA 15:4","ot"
"1SA 15:5","ot"
"1SA 15:6","ot"
"1SA 15:7","ot"
"1SA 15:8","ot"
"1SA 15:9","ot"
"1SA 16:1","ot"
"1SA 16:10","ot"
"1SA 16:11","ot"
"1SA 16:13","ot"
"1SA 16:14","ot"
"1SA 16:15","ot"
"1SA 16:17","ot"
"1SA 16:18","ot"
"1SA 16:19","ot"
"1SA 16:2","ot"
"1SA 16:20","ot"
"1SA 16:21","ot"
"1SA 16:22","ot"
"1SA 16:23","ot"
"1SA 16:3","ot"
"1SA 16:4","ot"
"1SA 16:5","ot"
"1SA 16:6","ot"
"1SA 16:7","ot"
"1SA 16:8","ot"
"1SA 16:9","ot"
"1SA 17:1","ot"
"1SA 17:10","ot"
"1SA 17:11","ot"
"1SA 17:12","ot"
"1SA 17:13","ot"
"1SA 17:14","ot"
"1SA 17:15","ot"
"1SA 17:17","ot"
"1SA 17:19","ot"
"1SA 17:2","ot"
"1SA 17:20","ot"
"1SA 17:21","ot"
"1SA 17:22","ot"
"1SA 17:23","ot"
"1SA 17:24","ot"
"1SA 17:25","ot"
"1SA 17:26","ot"
"1SA 17:28","ot"
"1SA 17:29","ot"
"1SA 17:3","ot"
"1SA 17:31","ot"
"1SA 17:32","ot"
"1SA 17:33","ot"
"1SA 17:34","ot"
"1SA 17:37","ot"
"1SA 17:38","ot"
"1SA 17:39","ot"
"1SA 17:4","ot"
"1SA 17:41","ot"
"1SA 17:42","ot"
"1SA 17:43","ot"
"1SA 17:44","ot"
"1SA 17:45","ot"
"1SA 17:46","ot"
"1SA 17:48","ot"
"1SA 17:49","ot"
"1SA 17:50","ot"
"1SA 17:51","ot"
"1SA 17:52","ot"
"1SA 17:53","ot"
"1SA 17:54","ot"
"1SA 17:55","ot"
"1SA 17:57","ot"
"1SA 17:58","ot"
"1SA 17:8","ot"
"1SA 18:1","ot"
"1SA 18:10","ot"
"1SA 18:11","ot"
"1SA 18:12","ot"
"1SA 18:13","ot"
"1SA 18:14","ot"
"1SA 18:15","ot"
"1SA 18:16","ot"
"1SA 18:17","ot"
"1SA 18:18","ot"
"1SA 18:19","ot"
"1SA 18:2","ot"
"1SA 18:20","ot"
"1SA 18:21","ot"
"1SA 18:22","ot"
"1SA 18:23","ot"
"1SA 18:24","ot"
"1SA 18:25","ot"
"1SA 18:26","ot"
"1SA 18:27","ot"
"1SA 18:28","ot"
"1SA 18:29","ot"
"1SA 18:3","ot"
"1SA 18:30","ot"
"1SA 18:4","ot"
"1SA 18:5","ot"
"1SA 18:6","ot"
"1SA 18:7","ot"
"1SA 18:8","ot"
"1SA 18:9","ot"
"1SA 19:1","ot"
"1SA 19:10","ot"
"1SA 19:11","ot"
"1SA 19:12","ot"
"1SA 19:13","ot"
"1SA 19:14","ot"
"1SA 19:15","ot"
"1SA 19:17","ot"
"1SA 19:18","ot"
"1SA 19:19","ot"
"1SA 19:2","ot"
"1SA 19:20","ot"
"1SA 19:21","ot"
"1SA 19:22","ot"
"1SA 19:24","ot"
"1SA 19:4","ot"
"1SA 19:5","ot"
"1SA 19:6","ot"
"1SA 19:7","ot"
"1SA 19:8","ot"
"1SA 19:9","ot"
"1SA 2:1","ot"
"1SA 2:11","ot"
"1SA 2:12","ot"
"1SA 2:14","ot"
"1SA 2:18","ot"
"1SA 2:20","ot"
"1SA 2:21","ot"
"1SA 2:22","ot"
"1SA 2:26","ot"
"1SA 2:27","ot"
"1SA 2:28","ot"
"1SA 2:29","ot"
"1SA 2:30","ot"
"1SA 2:32","ot"
"1SA 2:34","ot"
"1SA 20:1","ot"
"1SA 20:10","ot"
"1SA 20:11","ot"
"1SA 20:12","ot"
"1SA 20:13","ot"
"1SA 20:15","ot"
"1SA 20:16","ot"
"1SA 20:17","ot"
"1SA 20:18","ot"
"1SA 20:24","ot"
"1SA 20:25","ot"
"1SA 20:26","ot"
"1SA 20:27","ot"
"1SA 20:28","ot"
"1SA 20:3","ot"
"1SA 20:30","ot"
"1SA 20:31","ot"
"1SA 20:32","ot"
"1SA 20:33","ot"
"1SA 20:34","ot"
"1SA 20:35","ot"
"1SA 20:37","ot"
"1SA 20:38","ot"
"1SA 20:39","ot"
"1SA 20:4","ot"
"1SA 20:40","ot"
"1SA 20:41","ot"
"1SA 20:42","ot"
"1SA 20:5","ot"
"1SA 20:6","ot"
"1SA 20:9","ot"
"1SA 21:1","ot"
"1SA 21:10","ot"
"1SA 21:11","ot"
"1SA 21:12","ot"
"1SA 21:14","ot"
"1SA 21:2","ot"
"1SA 21:4","ot"
"1SA 21:5","ot"
"1SA 21:7","ot"
"1SA 21:8","ot"
"1SA 21:9","ot"
"1SA 22:1","ot"
"1SA 22:10","ot"
"1SA 22:11","ot"
"1SA 22:12","ot"
"1SA 22:13","ot"
"1SA 22:14","ot"
"1SA 22:16","ot"
"1SA 22:17","ot"
"1SA 22:18","ot"
"1SA 22:20","ot"
"1SA 22:21","ot"
"1SA 22:22","ot"
"1SA 22:3","ot"
"1SA 22:4","ot"
"1SA 22:5","ot"
"1SA 22:6","ot"
"1SA 22:7","ot"
"1SA 22:8","ot"
"1SA 22:9","ot"
"1SA 23:1","ot"
"1SA 23:10","ot"
"1SA 23:11","ot"
"1SA 23:12","ot"
"1SA 23:13","ot"
"1SA 23:14","ot"
"1SA 23:15","ot"
"1SA 23:16","ot"
"1SA 23:17","ot"
"1SA 23:18","ot"
"1SA 23:19","ot"
"1SA 23:2","ot"
"1SA 23:21","ot"
"1SA 23:23","ot"
"1SA 23:24","ot"
"1SA 23:25","ot"
"1SA 23:26","ot"
"1SA 23:27","ot"
"1SA 23:28","ot"
"1SA 23:29","ot"
"1SA 23:3","ot"
"1SA 23:4","ot"
"1SA 23:5","ot"
"1SA 23:6","ot"
"1SA 23:7","ot"
"1SA 23:8","ot"
"1SA 23:9","ot"
"1SA 24:1","ot"
"1SA 24:14","ot"
"1SA 24:16","ot"
"1SA 24:17","ot"
"1SA 24:2","ot"
"1SA 24:20","ot"
"1SA 24:22","ot"
"1SA 24:3","ot"
"1SA 24:4","ot"
"1SA 24:5","ot"
"1SA 24:7","ot"
"1SA 24:8","ot"
"1SA 24:9","ot"
"1SA 25:1","ot"
"1SA 25:10","ot"
"1SA 25:12","ot"
"1SA 25:13","ot"
"1SA 25:14","ot"
"1SA 25:18","ot"
"1SA 25:19","ot"
"1SA 25:20","ot"
"1SA 25:21","ot"
"1SA 25:22","ot"
"1SA 25:23","ot"
"1SA 25:25","ot"
"1SA 25:26","ot"
"1SA 25:3","ot"
"1SA 25:30","ot"
"1SA 25:32","ot"
"1SA 25:34","ot"
"1SA 25:35","ot"
"1SA 25:36","ot"
"1SA 25:37","ot"
"1SA 25:38","ot"
"1SA 25:39","ot"
"1SA 25:4","ot"
"1SA 25:40","ot"
"1SA 25:42","ot"
"1SA 25:43","ot"
"1SA 25:44","ot"
"1SA 25:5","ot"
"1SA 25:8","ot"
"1SA 25:9","ot"
"1SA 26:1","ot"
"1SA 26:10","ot"
"1SA 26:12","ot"
"1SA 26:13","ot"
"1SA 26:14","ot"
"1SA 26:15","ot"
"1SA 26:17","ot"
"1SA 26:2","ot"
"1SA 26:20","ot"
"1SA 26:21","ot"
"1SA 26:22","ot"
"1SA 26:25","ot"
"1SA 26:3","ot"
"1SA 26:4","ot"
"1SA 26:5","ot"
"1SA 26:6","ot"
"1SA 26:7","ot"
"1SA 26:8","ot"
"1SA 26:9","ot"
"1SA 27:1","ot"
"1SA 27:10","ot"
"1SA 27:11","ot"
"1SA 27:12","ot"
"1SA 27:2","ot"
"1SA 27:3","ot"
"1SA 27:4","ot"
"1SA 27:5","ot"
"1SA 27:6","ot"
"1SA 27:7","ot"
"1SA 27:8","ot"
"1SA 27:9","ot"
"1SA 28:1","ot"
"1SA 28:10","ot"
"1SA 28:11","ot"
"1SA 28:12","ot"
"1SA 28:13","ot"
"1SA 28:14","ot"
"1SA 28:15","ot"
"1SA 28:16","ot"
"1SA 28:17","ot"
"1SA 28:19","ot"
"1SA 28:2","ot"
"1SA 28:20","ot"
"1SA 28:21","ot"
"1SA 28:25","ot"
"1SA 28:3","ot"
"1SA 28:4","ot"
"1SA 28:5","ot"
"1SA 28:6","ot"
"1SA 28:7","ot"
"1SA 28:8","ot"
"1SA 28:9","ot"
"1SA 29:1","ot"
"1SA 29:11","ot"
"1SA 29:2","ot"
"1SA 29:3","ot"
"1SA 29:5","ot"
"1SA 29:6","ot"
"1SA 29:8","ot"
"1SA 29:9","ot"
"1SA 3:1","ot"
"1SA 3:10","ot"
"1SA 3:11","ot"
"1SA 3:12","ot"
"1SA 3:14","ot"
"1SA 3:15","ot"
"1SA 3:16","ot"
"1SA 3:18","ot"
"1SA 3:19","ot"
"1SA 3:2","ot"
"1SA 3:20","ot"
"1SA 3:21","ot"
"1SA 3:3","ot"
"1SA 3:4","ot"
"1SA 3:5","ot"
"1SA 3:6","ot"
"1SA 3:7","ot"
"1SA 3:8","ot"
"1SA 3:9","ot"
"1SA 30:1","ot"
"1SA 30:10","ot"
"1SA 30:11","ot"
"1SA 30:13","ot"
"1SA 30:14","ot"
"1SA 30:15","ot"
"1SA 30:16","ot"
"1SA 30:17","ot"
"1SA 30:18","ot"
"1SA 30:19","ot"
"1SA 30:20","ot"
"1SA 30:21","ot"
"1SA 30:22","ot"
"1SA 30:23","ot"
"1SA 30:25","ot"
"1SA 30:26","ot"
"1SA 30:29","ot"
"1SA 30:3","ot"
"1SA 30:31","ot"
"1SA 30:4","ot"
"1SA 30:5","ot"
"1SA 30:6","ot"
"1SA 30:7","ot"
"1SA 30:8","ot"
"1SA 30:9","ot"
"1SA 31:1","ot"
"1SA 31:11","ot"
"1SA 31:12","ot"
"1SA 31:2","ot"
"1SA 31:3","ot"
"1SA 31:4","ot"
"1SA 31:5","ot"
"1SA 31:6","ot"
"1SA 31:7","ot"
"1SA 31:8","ot"
"1SA 4:1","ot"
"1SA 4:10","ot"
"1SA 4:11","ot"
"1SA 4:12","ot"
"1SA 4:13","ot"
"1SA 4:14","ot"
"1SA 4:15","ot"
"1SA 4:16","ot"
"1SA 4:17","ot"
"1SA 4:18","ot"
"1SA 4:19","ot"
"1SA 4:2","ot"
"1SA 4:21","ot"
"1SA 4:22","ot"
"1SA 4:3","ot"
"1SA 4:4","ot"
"1SA 4:5","ot"
"1SA 5:10","ot"
"1SA 5:11","ot"
"1SA 5:7","ot"
"1SA 5:8","ot"
"1SA 6:14","ot"
"1SA 6:15","ot"
"1SA 6:18","ot"
"1SA 6:3","ot"
"1SA 6:5","ot"
"1SA 7:1","ot"
"1SA 7:10","ot"
"1SA 7:11","ot"
"1SA 7:12","ot"
"1SA 7:13","ot"
"1SA 7:14","ot"
"1SA 7:15","ot"
"1SA 7:16","ot"
"1SA 7:17","ot"
"1SA 7:2","ot"
"1SA 7:3","ot"
"1SA 7:4","ot"
"1SA 7:5","ot"
"1SA 7:6","ot"
"1SA 7:7","ot"
"1SA 7:8","ot"
"1SA 7:9","ot"
"1SA 8:1","ot"
"1SA 8:10","ot"
"1SA 8:19","ot"
"1SA 8:2","ot"
"1SA 8:21","ot"
"1SA 8:22","ot"
"1SA 8:4","ot"
"1SA 8:6","ot"
"1SA 8:7","ot"
"1SA 9:1","ot"
"1SA 9:10","ot"
"1SA 9:14","ot"
"1SA 9:15","ot"
"1SA 9:16","ot"
"1SA 9:17","ot"
"1SA 9:18","ot"
"1SA 9:19","ot"
"1SA 9:2","ot"
"1SA 9:20","ot"
"1SA 9:21","ot"
"1SA 9:22","ot"
"1SA 9:23","ot"
"1SA 9:24","ot"
"1SA 9:25","ot"
"1SA 9:26","ot"
"1SA 9:27","ot"
"1SA 9:3","ot"
"1SA 9:4","ot"
"1SA 9:5","ot"
"1SA 9:7","ot"
"1SA 9:8","ot"
"1SA 9:9","ot"
"1TH 1:1","nt"
"1TH 1:10","nt"
"1TH 1:3","nt"
"1TH 2:14","nt"
"1TH 2:15","nt"
"1TH 2:18","nt"
"1TH 2:19","nt"
"1TH 2:6","nt"
"1TH 3:11","nt"
"1TH 3:13","nt"
"1TH 3:2","nt"
"1TH 3:6","nt"
"1TH 4:1","nt"
"1TH 4:14","nt"
"1TH 4:16","nt"
"1TH 4:2","nt"
"1TH 5:18","nt"
"1TH 5:23","nt"
"1TH 5:28","nt"
"1TH 5:9","nt"
"1TI 1:1","nt"
"1TI 1:12","nt"
"1TI 1:14","nt"
"1TI 1:15","nt"
"1TI 1:16","nt"
"1TI 1:18","nt"
"1TI 1:2","nt"
"1TI 1:20","nt"
"1TI 2:13","nt"
"1TI 2:14","nt"
"1TI 2:5","nt"
"1TI 3:13","nt"
"1TI 4:6","nt"
"1TI 5:11","nt"
"1TI 5:21","nt"
"1TI 6:13","nt"
"1TI 6:14","nt"
"1TI 6:20","nt"
"1TI 6:21","nt"
"1TI 6:3","nt"
"2CH 1:1","ot"
"2CH 1:11","ot"
"2CH 1:13","ot"
"2CH 1:14","ot"
"2CH 1:16","ot"
"2CH 1:17","ot"
"2CH 1:2","ot"
"2CH 1:3","ot"
"2CH 1:4","ot"
"2CH 1:5","ot"
"2CH 1:6","ot"
"2CH 1:7","ot"
"2CH 1:8","ot"
"2CH 1:9","ot"
"2CH 10:1","ot"
"2CH 10:12","ot"
"2CH 10:13","ot"
"2CH 10:15","ot"
"2CH 10:16","ot"
"2CH 10:17","ot"
"2CH 10:18","ot"
"2CH 10:19","ot"
"2CH 10:2","ot"
"2CH 10:3","ot"
"2CH 10:6","ot"
"2CH 11:1","ot"
"2CH 11:10","ot"
"2CH 11:12","ot"
"2CH 11:13","ot"
"2CH 11:14","ot"
"2CH 11:16","ot"
"2CH 11:17","ot"
"2CH 11:18","ot"
"2CH 11:19","ot"
"2CH 11:2","ot"
"2CH 11:20","ot"
"2CH 11:21","ot"
"2CH 11:22","ot"
"2CH 11:23","ot"
"2CH 11:3","ot"
"2CH 11:4","ot"
"2CH 11:5","ot"
"2CH 12:1","ot"
"2CH 12:10","ot"
"2CH 12:12","ot"
"2CH 12:13","ot"
"2CH 12:15","ot"
"2CH 12:16","ot"
"2CH 12:2","ot"
"2CH 12:4","ot"
"2CH 12:5","ot"
"2CH 12:6","ot"
"2CH 12:7","ot"
"2CH 12:9","ot"
"2CH 13:1","ot"
"2CH 13:10","ot"
"2CH 13:12","ot"
"2CH 13:13","ot"
"2CH 13:14","ot"
"2CH 13:15","ot"
"2CH 13:16","ot"
"2CH 13:17","ot"
"2CH 13:18","ot"
"2CH 13:19","ot"
"2CH 13:2","ot"
"2CH 13:20","ot"
"2CH 13:21","ot"
"2CH 13:22","ot"
"2CH 13:3","ot"
"2CH 13:4","ot"
"2CH 13:5","ot"
"2CH 13:6","ot"
"2CH 13:7","ot"
"2CH 13:8","ot"
"2CH 13:9","ot"
"2CH 14:1","ot"
"2CH 14:10","ot"
"2CH 14:11","ot"
"2CH 14:12","ot"
"2CH 14:13","ot"
"2CH 14:2","ot"
"2CH 14:4","ot"
"2CH 14:5","ot"
"2CH 14:6","ot"
"2CH 14:7","ot"
"2CH 14:8","ot"
"2CH 14:9","ot"
"2CH 15:1","ot"
"2CH 15:10","ot"
"2CH 15:13","ot"
"2CH 15:15","ot"
"2CH 15:16","ot"
"2CH 15:17","ot"
"2CH 15:19","ot"
"2CH 15:2","ot"
"2CH 15:3","ot"
"2CH 15:4","ot"
"2CH 15:8","ot"
"2CH 15:9","ot"
"2CH 16:1","ot"
"2CH 16:10","ot"
"2CH 16:11","ot"
"2CH 16:12","ot"
"2CH 16:13","ot"
"2CH 16:14","ot"
"2CH 16:2","ot"
"2CH 16:3","ot"
"2CH 16:4","ot"
"2CH 16:5","ot"
"2CH 16:6","ot"
"2CH 16:7","ot"
"2CH 17:1","ot"
"2CH 17:10","ot"
"2CH 17:11","ot"
"2CH 17:12","ot"
"2CH 17:13","ot"
"2CH 17:14","ot"
"2CH 17:15","ot"
"2CH 17:16","ot"
"2CH 17:17","ot"
"2CH 17:18","ot"
"2CH 17:19","ot"
"2CH 17:2","ot"
"2CH 17:3","ot"
"2CH 17:4","ot"
"2CH 17:5","ot"
"2CH 17:6","ot"
"2CH 17:7","ot"
"2CH 17:8","ot"
"2CH 17:9","ot"
"2CH 18:1","ot"
"2CH 18:10","ot"
"2CH 18:12","ot"
"2CH 18:13","ot"
"2CH 18:14","ot"
"2CH 18:16","ot"
"2CH 18:17","ot"
"2CH 18:19","ot"
"2CH 18:2","ot"
"2CH 18:23","ot"
"2CH 18:24","ot"
"2CH 18:25","ot"
"2CH 18:27","ot"
"2CH 18:28","ot"
"2CH 18:29","ot"
"2CH 18:3","ot"
"2CH 18:30","ot"
"2CH 18:31","ot"
"2CH 18:32","ot"
"2CH 18:33","ot"
"2CH 18:34","ot"
"2CH 18:4","ot"
"2CH 18:5","ot"
"2CH 18:6","ot"
"2CH 18:7","ot"
"2CH 18:8","ot"
"2CH 18:9","ot"
"2CH 19:1","ot"
"2CH 19:11","ot"
"2CH 19:2","ot"
"2CH 19:4","ot"
"2CH 19:5","ot"
"2CH 19:8","ot"
"2CH 2:1","ot"
"2CH 2:11","ot"
"2CH 2:12","ot"
"2CH 2:13","ot"
"2CH 2:14","ot"
"2CH 2:17","ot"
"2CH 2:2","ot"
"2CH 2:3","ot"
"2CH 2:4","ot"
"2CH 2:7","ot"
"2CH 20:1","ot"
"2CH 20:10","ot"
"2CH 20:13","ot"
"2CH 20:14","ot"
"2CH 20:15","ot"
"2CH 20:17","ot"
"2CH 20:18","ot"
"2CH 20:19","ot"
"2CH 20:2","ot"
"2CH 20:20","ot"
"2CH 20:22","ot"
"2CH 20:24","ot"
"2CH 20:25","ot"
"2CH 20:27","ot"
"2CH 20:29","ot"
"2CH 20:3","ot"
"2CH 20:30","ot"
"2CH 20:31","ot"
"2CH 20:32","ot"
"2CH 20:34","ot"
"2CH 20:35","ot"
"2CH 20:37","ot"
"2CH 20:4","ot"
"2CH 20:5","ot"
"2CH 20:7","ot"
"2CH 21:1","ot"
"2CH 21:10","ot"
"2CH 21:11","ot"
"2CH 21:12","ot"
"2CH 21:13","ot"
"2CH 21:16","ot"
"2CH 21:17","ot"
"2CH 21:2","ot"
"2CH 21:20","ot"
"2CH 21:3","ot"
"2CH 21:4","ot"
"2CH 21:5","ot"
"2CH 21:6","ot"
"2CH 21:7","ot"
"2CH 21:8","ot"
"2CH 21:9","ot"
"2CH 22:1","ot"
"2CH 22:10","ot"
"2CH 22:11","ot"
"2CH 22:12","ot"
"2CH 22:2","ot"
"2CH 22:3","ot"
"2CH 22:4","ot"
"2CH 22:5","ot"
"2CH 22:6","ot"
"2CH 22:7","ot"
"2CH 22:8","ot"
"2CH 22:9","ot"
"2CH 23:1","ot"
"2CH 23:11","ot"
"2CH 23:12","ot"
"2CH 23:13","ot"
"2CH 23:14","ot"
"2CH 23:16","ot"
"2CH 23:17","ot"
"2CH 23:18","ot"
"2CH 23:2","ot"
"2CH 23:21","ot"
"2CH 23:3","ot"
"2CH 23:4","ot"
"2CH 23:6","ot"
"2CH 23:7","ot"
"2CH 23:8","ot"
"2CH 23:9","ot"
"2CH 24:1","ot"
"2CH 24:11","ot"
"2CH 24:12","ot"
"2CH 24:14","ot"
"2CH 24:15","ot"
"2CH 24:16","ot"
"2CH 24:17","ot"
"2CH 24:18","ot"
"2CH 24:2","ot"
"2CH 24:20","ot"
"2CH 24:22","ot"
"2CH 24:23","ot"
"2CH 24:24","ot"
"2CH 24:25","ot"
"2CH 24:26","ot"
"2CH 24:27","ot"
"2CH 24:3","ot"
"2CH 24:4","ot"
"2CH 24:5","ot"
"2CH 24:6","ot"
"2CH 24:7","ot"
"2CH 24:9","ot"
"2CH 25:1","ot"
"2CH 25:10","ot"
"2CH 25:11","ot"
"2CH 25:12","ot"
"2CH 25:13","ot"
"2CH 25:14","ot"
"2CH 25:15","ot"
"2CH 25:17","ot"
"2CH 25:18","ot"
"2CH 25:19","ot"
"2CH 25:20","ot"
"2CH 25:21","ot"
"2CH 25:22","ot"
"2CH 25:23","ot"
"2CH 25:24","ot"
"2CH 25:25","ot"
"2CH 25:26","ot"
"2CH 25:27","ot"
"2CH 25:28","ot"
"2CH 25:4","ot"
"2CH 25:5","ot"
"2CH 25:6","ot"
"2CH 25:7","ot"
"2CH 25:9","ot"
"2CH 26:1","ot"
"2CH 26:11","ot"
"2CH 26:14","ot"
"2CH 26:17","ot"
"2CH 26:18","ot"
"2CH 26:19","ot"
"2CH 26:2","ot"
"2CH 26:20","ot"
"2CH 26:21","ot"
"2CH 26:22","ot"
"2CH 26:23","ot"
"2CH 26:3","ot"
"2CH 26:4","ot"
"2CH 26:5","ot"
"2CH 26:8","ot"
"2CH 26:9","ot"
"2CH 27:1","ot"
"2CH 27:2","ot"
"2CH 27:4","ot"
"2CH 27:6","ot"
"2CH 27:7","ot"
"2CH 27:9","ot"
"2CH 28:1","ot"
"2CH 28:10","ot"
"2CH 28:12","ot"
"2CH 28:13","ot"
"2CH 28:16","ot"
"2CH 28:17","ot"
"2CH 28:18","ot"
"2CH 28:19","ot"
"2CH 28:2","ot"
"2CH 28:20","ot"
"2CH 28:21","ot"
"2CH 28:22","ot"
"2CH 28:23","ot"
"2CH 28:24","ot"
"2CH 28:25","ot"
"2CH 28:26","ot"
"2CH 28:27","ot"
"2CH 28:3","ot"
"2CH 28:5","ot"
"2CH 28:6","ot"
"2CH 28:7","ot"
"2CH 28:8","ot"
"2CH 28:9","ot"
"2CH 29:1","ot"
"2CH 29:10","ot"
"2CH 29:12","ot"
"2CH 29:13","ot"
"2CH 29:14","ot"
"2CH 29:16","ot"
"2CH 29:18","ot"
"2CH 29:19","ot"
"2CH 29:2","ot"
"2CH 29:20","ot"
"2CH 29:21","ot"
"2CH 29:24","ot"
"2CH 29:25","ot"
"2CH 29:26","ot"
"2CH 29:27","ot"
"2CH 29:30","ot"
"2CH 29:31","ot"
"2CH 29:34","ot"
"2CH 29:36","ot"
"2CH 29:4","ot"
"2CH 29:5","ot"
"2CH 29:7","ot"
"2CH 29:8","ot"
"2CH 3:1","ot"
"2CH 3:3","ot"
"2CH 30:1","ot"
"2CH 30:10","ot"
"2CH 30:11","ot"
"2CH 30:12","ot"
"2CH 30:15","ot"
"2CH 30:16","ot"
"2CH 30:17","ot"
"2CH 30:18","ot"
"2CH 30:20","ot"
"2CH 30:21","ot"
"2CH 30:22","ot"
"2CH 30:24","ot"
"2CH 30:25","ot"
"2CH 30:26","ot"
"2CH 30:27","ot"
"2CH 30:5","ot"
"2CH 30:6","ot"
"2CH 31:1","ot"
"2CH 31:10","ot"
"2CH 31:11","ot"
"2CH 31:12","ot"
"2CH 31:13","ot"
"2CH 31:14","ot"
"2CH 31:15","ot"
"2CH 31:17","ot"
"2CH 31:19","ot"
"2CH 31:2","ot"
"2CH 31:20","ot"
"2CH 31:4","ot"
"2CH 31:5","ot"
"2CH 31:6","ot"
"2CH 31:8","ot"
"2CH 31:9","ot"
"2CH 32:1","ot"
"2CH 32:10","ot"
"2CH 32:11","ot"
"2CH 32:12","ot"
"2CH 32:15","ot"
"2CH 32:16","ot"
"2CH 32:17","ot"
"2CH 32:2","ot"
"2CH 32:20","ot"
"2CH 32:22","ot"
"2CH 32:23","ot"
"2CH 32:24","ot"
"2CH 32:25","ot"
"2CH 32:26","ot"
"2CH 32:27","ot"
"2CH 32:30","ot"
"2CH 32:32","ot"
"2CH 32:33","ot"
"2CH 32:5","ot"
"2CH 32:8","ot"
"2CH 32:9","ot"
"2CH 33:1","ot"
"2CH 33:10","ot"
"2CH 33:11","ot"
"2CH 33:13","ot"
"2CH 33:14","ot"
"2CH 33:16","ot"
"2CH 33:18","ot"
"2CH 33:2","ot"
"2CH 33:20","ot"
"2CH 33:21","ot"
"2CH 33:22","ot"
"2CH 33:23","ot"
"2CH 33:25","ot"
"2CH 33:3","ot"
"2CH 33:7","ot"
"2CH 33:8","ot"
"2CH 33:9","ot"
"2CH 34:1","ot"
"2CH 34:11","ot"
"2CH 34:12","ot"
"2CH 34:13","ot"
"2CH 34:14","ot"
"2CH 34:15","ot"
"2CH 34:16","ot"
"2CH 34:18","ot"
"2CH 34:2","ot"
"2CH 34:20","ot"
"2CH 34:21","ot"
"2CH 34:22","ot"
"2CH 34:23","ot"
"2CH 34:24","ot"
"2CH 34:26","ot"
"2CH 34:29","ot"
"2CH 34:3","ot"
"2CH 34:30","ot"
"2CH 34:32","ot"
"2CH 34:33","ot"
"2CH 34:5","ot"
"2CH 34:6","ot"
"2CH 34:7","ot"
"2CH 34:8","ot"
"2CH 34:9","ot"
"2CH 35:1","ot"
"2CH 35:10","ot"
"2CH 35:11","ot"
"2CH 35:12","ot"
"2CH 35:14","ot"
"2CH 35:15","ot"
"2CH 35:16","ot"
"2CH 35:17","ot"
"2CH 35:18","ot"
"2CH 35:19","ot"
"2CH 35:20","ot"
"2CH 35:21","ot"
"2CH 35:22","ot"
"2CH 35:23","ot"
"2CH 35:24","ot"
"2CH 35:25","ot"
"2CH 35:26","ot"
"2CH 35:27","ot"
"2CH 35:3","ot"
"2CH 35:4","ot"
"2CH 35:5","ot"
"2CH 35:6","ot"
"2CH 35:7","ot"
"2CH 35:8","ot"
"2CH 35:9","ot"
"2CH 36:1","ot"
"2CH 36:10","ot"
"2CH 36:11","ot"
"2CH 36:12","ot"
"2CH 36:13","ot"
"2CH 36:2","ot"
"2CH 36:21","ot"
"2CH 36:22","ot"
"2CH 36:23","ot"
"2CH 36:4","ot"
"2CH 36:5","ot"
"2CH 36:6","ot"
"2CH 36:7","ot"
"2CH 36:8","ot"
"2CH 36:9","ot"
"2CH 4:11","ot"
"2CH 4:16","ot"
"2CH 4:18","ot"
"2CH 4:19","ot"
"2CH 5:1","ot"
"2CH 5:10","ot"
"2CH 5:12","ot"
"2CH 5:2","ot"
"2CH 5:3","ot"
"2CH 5:4","ot"
"2CH 5:5","ot"
"2CH 5:6","ot"
"2CH 6:1","ot"
"2CH 6:10","ot"
"2CH 6:11","ot"
"2CH 6:12","ot"
"2CH 6:13","ot"
"2CH 6:14","ot"
"2CH 6:15","ot"
"2CH 6:16","ot"
"2CH 6:17","ot"
"2CH 6:21","ot"
"2CH 6:24","ot"
"2CH 6:25","ot"
"2CH 6:27","ot"
"2CH 6:29","ot"
"2CH 6:3","ot"
"2CH 6:32","ot"
"2CH 6:33","ot"
"2CH 6:4","ot"
"2CH 6:42","ot"
"2CH 6:5","ot"
"2CH 6:6","ot"
"2CH 6:7","ot"
"2CH 6:8","ot"
"2CH 7:1","ot"
"2CH 7:10","ot"
"2CH 7:11","ot"
"2CH 7:12","ot"
"2CH 7:17","ot"
"2CH 7:18","ot"
"2CH 7:3","ot"
"2CH 7:5","ot"
"2CH 7:6","ot"
"2CH 7:7","ot"
"2CH 7:8","ot"
"2CH 8:1","ot"
"2CH 8:10","ot"
"2CH 8:11","ot"
"2CH 8:12","ot"
"2CH 8:13","ot"
"2CH 8:14","ot"
"2CH 8:15","ot"
"2CH 8:16","ot"
"2CH 8:17","ot"
"2CH 8:18","ot"
"2CH 8:2","ot"
"2CH 8:3","ot"
"2CH 8:6","ot"
"2CH 8:7","ot"
"2CH 8:8","ot"
"2CH 8:9","ot"
"2CH 9:1","ot"
"2CH 9:10","ot"
"2CH 9:11","ot"
"2CH 9:12","ot"
"2CH 9:13","ot"
"2CH 9:14","ot"
"2CH 9:15","ot"
"2CH 9:2","ot"
"2CH 9:20","ot"
"2CH 9:21","ot"
"2CH 9:22","ot"
"2CH 9:23","ot"
"2CH 9:25","ot"
"2CH 9:28","ot"
"2CH 9:29","ot"
"2CH 9:3","ot"
"2CH 9:30","ot"
"2CH 9:31","ot"
"2CH 9:8","ot"
"2CH 9:9","ot"
"2CO 1:1","nt"
"2CO 1:14","nt"
"2CO 1:19","nt"
"2CO 1:2","nt"
"2CO 1:21","nt"
"2CO 1:3","nt"
"2CO 1:5","nt"
"2CO 10:1","nt"
"2CO 10:14","nt"
"2CO 10:5","nt"
"2CO 10:7","nt"
"2CO 11:10","nt"
"2CO 11:13","nt"
"2CO 11:2","nt"
"2CO 11:22","nt"
"2CO 11:23","nt"
"2CO 11:3","nt"
"2CO 11:31","nt"
"2CO 11:32","nt"
"2CO 11:4","nt"
"2CO 12:10","nt"
"2CO 12:18","nt"
"2CO 12:19","nt"
"2CO 12:2","nt"
"2CO 12:9","nt"
"2CO 13:13","nt"
"2CO 13:14","nt"
"2CO 13:3","nt"
"2CO 13:5","nt"
"2CO 2:10","nt"
"2CO 2:12","nt"
"2CO 2:13","nt"
"2CO 2:14","nt"
"2CO 2:15","nt"
"2CO 2:17","nt"
"2CO 3:13","nt"
"2CO 3:14","nt"
"2CO 3:15","nt"
"2CO 3:3","nt"
"2CO 3:4","nt"
"2CO 3:7","nt"
"2CO 4:10","nt"
"2CO 4:11","nt"
"2CO 4:14","nt"
"2CO 4:4","nt"
"2CO 4:5","nt"
"2CO 4:6","nt"
"2CO 5:10","nt"
"2CO 5:14","nt"
"2CO 5:16","nt"
"2CO 5:17","nt"
"2CO 5:18","nt"
"2CO 5:19","nt"
"2CO 5:20","nt"
"2CO 6:15","nt"
"2CO 7:13","nt"
"2CO 7:14","nt"
"2CO 7:6","nt"
"2CO 8:16","nt"
"2CO 8:23","nt"
"2CO 8:6","nt"
"2CO 8:9","nt"
"2CO 9:13","nt"
"2JN 1:3","nt"
"2JN 1:7","nt"
"2JN 1:9","nt"
"2KI 1:1","ot"
"2KI 1:10","ot"
"2KI 1:12","ot"
"2KI 1:13","ot"
"2KI 1:15","ot"
"2KI 1:16","ot"
"2KI 1:17","ot"
"2KI 1:18","ot"
"2KI 1:2","ot"
"2KI 1:3","ot"
"2KI 1:4","ot"
"2KI 1:6","ot"
"2KI 1:8","ot"
"2KI 10:1","ot"
"2KI 10:10","ot"
"2KI 10:11","ot"
"2KI 10:13","ot"
"2KI 10:15","ot"
"2KI 10:17","ot"
"2KI 10:18","ot"
"2KI 10:19","ot"
"2KI 10:20","ot"
"2KI 10:21","ot"
"2KI 10:23","ot"
"2KI 10:24","ot"
"2KI 10:25","ot"
"2KI 10:28","ot"
"2KI 10:29","ot"
"2KI 10:30","ot"
"2KI 10:31","ot"
"2KI 10:32","ot"
"2KI 10:33","ot"
"2KI 10:34","ot"
"2KI 10:35","ot"
"2KI 10:36","ot"
"2KI 10:5","ot"
"2KI 11:1","ot"
"2KI 11:10","ot"
"2KI 11:13","ot"
"2KI 11:14","ot"
"2KI 11:15","ot"
"2KI 11:17","ot"
"2KI 11:18","ot"
"2KI 11:2","ot"
"2KI 11:20","ot"
"2KI 11:21","ot"
"2KI 11:3","ot"
"2KI 11:4","ot"
"2KI 11:9","ot"
"2KI 12:1","ot"
"2KI 12:17","ot"
"2KI 12:18","ot"
"2KI 12:19","ot"
"2KI 12:2","ot"
"2KI 12:20","ot"
"2KI 12:21","ot"
"2KI 12:4","ot"
"2KI 12:6","ot"
"2KI 12:7","ot"
"2KI 12:9","ot"
"2KI 13:1","ot"
"2KI 13:10","ot"
"2KI 13:11","ot"
"2KI 13:12","ot"
"2KI 13:13","ot"
"2KI 13:14","ot"
"2KI 13:15","ot"
"2KI 13:16","ot"
"2KI 13:17","ot"
"2KI 13:18","ot"
"2KI 13:2","ot"
"2KI 13:20","ot"
"2KI 13:21","ot"
"2KI 13:22","ot"
"2KI 13:23","ot"
"2KI 13:24","ot"
"2KI 13:25","ot"
"2KI 13:3","ot"
"2KI 13:4","ot"
"2KI 13:5","ot"
"2KI 13:6","ot"
"2KI 13:7","ot"
"2KI 13:8","ot"
"2KI 13:9","ot"
"2KI 14:1","ot"
"2KI 14:10","ot"
"2KI 14:11","ot"
"2KI 14:12","ot"
"2KI 14:13","ot"
"2KI 14:15","ot"
"2KI 14:16","ot"
"2KI 14:17","ot"
"2KI 14:18","ot"
"2KI 14:2","ot"
"2KI 14:20","ot"
"2KI 14:21","ot"
"2KI 14:22","ot"
"2KI 14:23","ot"
"2KI 14:24","ot"
"2KI 14:25","ot"
"2KI 14:26","ot"
"2KI 14:27","ot"
"2KI 14:28","ot"
"2KI 14:29","ot"
"2KI 14:3","ot"
"2KI 14:6","ot"
"2KI 14:8","ot"
"2KI 14:9","ot"
"2KI 15:1","ot"
"2KI 15:10","ot"
"2KI 15:11","ot"
"2KI 15:12","ot"
"2KI 15:13","ot"
"2KI 15:14","ot"
"2KI 15:15","ot"
"2KI 15:16","ot"
"2KI 15:17","ot"
"2KI 15:18","ot"
"2KI 15:19","ot"
"2KI 15:2","ot"
"2KI 15:20","ot"
"2KI 15:21","ot"
"2KI 15:22","ot"
"2KI 15:23","ot"
"2KI 15:24","ot"
"2KI 15:25","ot"
"2KI 15:26","ot"
"2KI 15:27","ot"
"2KI 15:28","ot"
"2KI 15:29","ot"
"2KI 15:3","ot"
"2KI 15:30","ot"
"2KI 15:31","ot"
"2KI 15:32","ot"
"2KI 15:33","ot"
"2KI 15:34","ot"
"2KI 15:36","ot"
"2KI 15:37","ot"
"2KI 15:38","ot"
"2KI 15:5","ot"
"2KI 15:6","ot"
"2KI 15:7","ot"
"2KI 15:8","ot"
"2KI 15:9","ot"
"2KI 16:1","ot"
"2KI 16:10","ot"
"2KI 16:11","ot"
"2KI 16:15","ot"
"2KI 16:16","ot"
"2KI 16:17","ot"
"2KI 16:19","ot"
"2KI 16:2","ot"
"2KI 16:20","ot"
"2KI 16:3","ot"
"2KI 16:5","ot"
"2KI 16:6","ot"
"2KI 16:7","ot"
"2KI 16:8","ot"
"2KI 16:9","ot"
"2KI 17:1","ot"
"2KI 17:13","ot"
"2KI 17:18","ot"
"2KI 17:19","ot"
"2KI 17:2","ot"
"2KI 17:20","ot"
"2KI 17:21","ot"
"2KI 17:22","ot"
"2KI 17:23","ot"
"2KI 17:24","ot"
"2KI 17:3","ot"
"2KI 17:34","ot"
"2KI 17:4","ot"
"2KI 17:6","ot"
"2KI 17:7","ot"
"2KI 17:8","ot"
"2KI 17:9","ot"
"2KI 18:1","ot"
"2KI 18:10","ot"
"2KI 18:11","ot"
"2KI 18:12","ot"
"2KI 18:13","ot"
"2KI 18:14","ot"
"2KI 18:15","ot"
"2KI 18:16","ot"
"2KI 18:17","ot"
"2KI 18:18","ot"
"2KI 18:19","ot"
"2KI 18:2","ot"
"2KI 18:22","ot"
"2KI 18:26","ot"
"2KI 18:29","ot"
"2KI 18:3","ot"
"2KI 18:30","ot"
"2KI 18:31","ot"
"2KI 18:32","ot"
"2KI 18:37","ot"
"2KI 18:4","ot"
"2KI 18:5","ot"
"2KI 18:6","ot"
"2KI 18:9","ot"
"2KI 19:1","ot"
"2KI 19:10","ot"
"2KI 19:14","ot"
"2KI 19:15","ot"
"2KI 19:16","ot"
"2KI 19:2","ot"
"2KI 19:20","ot"
"2KI 19:22","ot"
"2KI 19:3","ot"
"2KI 19:30","ot"
"2KI 19:34","ot"
"2KI 19:36","ot"
"2KI 19:37","ot"
"2KI 19:5","ot"
"2KI 19:6","ot"
"2KI 19:9","ot"
"2KI 2:1","ot"
"2KI 2:11","ot"
"2KI 2:12","ot"
"2KI 2:13","ot"
"2KI 2:14","ot"
"2KI 2:15","ot"
"2KI 2:19","ot"
"2KI 2:2","ot"
"2KI 2:22","ot"
"2KI 2:3","ot"
"2KI 2:4","ot"
"2KI 2:5","ot"
"2KI 2:6","ot"
"2KI 2:8","ot"
"2KI 2:9","ot"
"2KI 20:1","ot"
"2KI 20:10","ot"
"2KI 20:11","ot"
"2KI 20:12","ot"
"2KI 20:13","ot"
"2KI 20:14","ot"
"2KI 20:15","ot"
"2KI 20:16","ot"
"2KI 20:19","ot"
"2KI 20:20","ot"
"2KI 20:21","ot"
"2KI 20:3","ot"
"2KI 20:4","ot"
"2KI 20:5","ot"
"2KI 20:6","ot"
"2KI 20:7","ot"
"2KI 20:8","ot"
"2KI 20:9","ot"
"2KI 21:1","ot"
"2KI 21:11","ot"
"2KI 21:12","ot"
"2KI 21:13","ot"
"2KI 21:16","ot"
"2KI 21:17","ot"
"2KI 21:18","ot"
"2KI 21:19","ot"
"2KI 21:2","ot"
"2KI 21:20","ot"
"2KI 21:23","ot"
"2KI 21:24","ot"
"2KI 21:25","ot"
"2KI 21:26","ot"
"2KI 21:3","ot"
"2KI 21:7","ot"
"2KI 21:8","ot"
"2KI 21:9","ot"
"2KI 22:1","ot"
"2KI 22:10","ot"
"2KI 22:12","ot"
"2KI 22:13","ot"
"2KI 22:14","ot"
"2KI 22:15","ot"
"2KI 22:16","ot"
"2KI 22:18","ot"
"2KI 22:2","ot"
"2KI 22:3","ot"
"2KI 22:4","ot"
"2KI 22:8","ot"
"2KI 22:9","ot"
"2KI 23:1","ot"
"2KI 23:11","ot"
"2KI 23:12","ot"
"2KI 23:13","ot"
"2KI 23:15","ot"
"2KI 23:16","ot"
"2KI 23:17","ot"
"2KI 23:19","ot"
"2KI 23:2","ot"
"2KI 23:22","ot"
"2KI 23:23","ot"
"2KI 23:24","ot"
"2KI 23:25","ot"
"2KI 23:26","ot"
"2KI 23:27","ot"
"2KI 23:28","ot"
"2KI 23:29","ot"
"2KI 23:30","ot"
"2KI 23:31","ot"
"2KI 23:33","ot"
"2KI 23:34","ot"
"2KI 23:35","ot"
"2KI 23:36","ot"
"2KI 23:4","ot"
"2KI 23:5","ot"
"2KI 23:8","ot"
"2KI 24:1","ot"
"2KI 24:10","ot"
"2KI 24:11","ot"
"2KI 24:12","ot"
"2KI 24:13","ot"
"2KI 24:15","ot"
"2KI 24:17","ot"
"2KI 24:18","ot"
"2KI 24:19","ot"
"2KI 24:2","ot"
"2KI 24:20","ot"
"2KI 24:3","ot"
"2KI 24:5","ot"
"2KI 24:6","ot"
"2KI 24:8","ot"
"2KI 25:1","ot"
"2KI 25:11","ot"
"2KI 25:16","ot"
"2KI 25:18","ot"
"2KI 25:2","ot"
"2KI 25:20","ot"
"2KI 25:21","ot"
"2KI 25:22","ot"
"2KI 25:23","ot"
"2KI 25:24","ot"
"2KI 25:25","ot"
"2KI 25:27","ot"
"2KI 25:7","ot"
"2KI 25:8","ot"
"2KI 3:1","ot"
"2KI 3:10","ot"
"2KI 3:11","ot"
"2KI 3:12","ot"
"2KI 3:13","ot"
"2KI 3:14","ot"
"2KI 3:24","ot"
"2KI 3:27","ot"
"2KI 3:3","ot"
"2KI 3:4","ot"
"2KI 3:5","ot"
"2KI 3:6","ot"
"2KI 3:7","ot"
"2KI 3:9","ot"
"2KI 4:1","ot"
"2KI 4:12","ot"
"2KI 4:14","ot"
"2KI 4:17","ot"
"2KI 4:2","ot"
"2KI 4:25","ot"
"2KI 4:27","ot"
"2KI 4:29","ot"
"2KI 4:31","ot"
"2KI 4:32","ot"
"2KI 4:36","ot"
"2KI 4:38","ot"
"2KI 4:8","ot"
"2KI 5:1","ot"
"2KI 5:10","ot"
"2KI 5:11","ot"
"2KI 5:12","ot"
"2KI 5:15","ot"
"2KI 5:17","ot"
"2KI 5:2","ot"
"2KI 5:20","ot"
"2KI 5:21","ot"
"2KI 5:22","ot"
"2KI 5:23","ot"
"2KI 5:25","ot"
"2KI 5:27","ot"
"2KI 5:4","ot"
"2KI 5:5","ot"
"2KI 5:6","ot"
"2KI 5:7","ot"
"2KI 5:8","ot"
"2KI 5:9","ot"
"2KI 6:1","ot"
"2KI 6:10","ot"
"2KI 6:11","ot"
"2KI 6:12","ot"
"2KI 6:17","ot"
"2KI 6:18","ot"
"2KI 6:19","ot"
"2KI 6:20","ot"
"2KI 6:21","ot"
"2KI 6:23","ot"
"2KI 6:24","ot"
"2KI 6:26","ot"
"2KI 6:31","ot"
"2KI 6:32","ot"
"2KI 6:8","ot"
"2KI 6:9","ot"
"2KI 7:1","ot"
"2KI 7:13","ot"
"2KI 7:6","ot"
"2KI 8:1","ot"
"2KI 8:10","ot"
"2KI 8:12","ot"
"2KI 8:13","ot"
"2KI 8:14","ot"
"2KI 8:15","ot"
"2KI 8:16","ot"
"2KI 8:18","ot"
"2KI 8:19","ot"
"2KI 8:20","ot"
"2KI 8:21","ot"
"2KI 8:22","ot"
"2KI 8:23","ot"
"2KI 8:24","ot"
"2KI 8:25","ot"
"2KI 8:26","ot"
"2KI 8:27","ot"
"2KI 8:28","ot"
"2KI 8:29","ot"
"2KI 8:4","ot"
"2KI 8:5","ot"
"2KI 8:7","ot"
"2KI 8:8","ot"
"2KI 8:9","ot"
"2KI 9:1","ot"
"2KI 9:10","ot"
"2KI 9:11","ot"
"2KI 9:12","ot"
"2KI 9:13","ot"
"2KI 9:14","ot"
"2KI 9:15","ot"
"2KI 9:16","ot"
"2KI 9:17","ot"
"2KI 9:18","ot"
"2KI 9:19","ot"
"2KI 9:2","ot"
"2KI 9:20","ot"
"2KI 9:21","ot"
"2KI 9:22","ot"
"2KI 9:23","ot"
"2KI 9:24","ot"
"2KI 9:25","ot"
"2KI 9:26","ot"
"2KI 9:27","ot"
"2KI 9:28","ot"
"2KI 9:29","ot"
"2KI 9:3","ot"
"2KI 9:30","ot"
"2KI 9:31","ot"
"2KI 9:36","ot"
"2KI 9:37","ot"
"2KI 9:5","ot"
"2KI 9:6","ot"
"2KI 9:7","ot"
"2KI 9:8","ot"
"2KI 9:9","ot"
"2PE 1:1","nt"
"2PE 1:11","nt"
"2PE 1:14","nt"
"2PE 1:16","nt"
"2PE 1:2","nt"
"2PE 1:8","nt"
"2PE 2:15","nt"
"2PE 2:20","nt"
"2PE 2:5","nt"
"2PE 2:7","nt"
"2PE 3:15","nt"
"2PE 3:18","nt"
"2SA 1:1","ot"
"2SA 1:11","ot"
"2SA 1:12","ot"
"2SA 1:13","ot"
"2SA 1:14","ot"
"2SA 1:15","ot"
"2SA 1:16","ot"
"2SA 1:17","ot"
"2SA 1:18","ot"
"2SA 1:19","ot"
"2SA 1:2","ot"
"2SA 1:21","ot"
"2SA 1:22","ot"
"2SA 1:23","ot"
"2SA 1:24","ot"
"2SA 1:25","ot"
"2SA 1:26","ot"
"2SA 1:3","ot"
"2SA 1:4","ot"
"2SA 1:5","ot"
"2SA 1:6","ot"
"2SA 10:1","ot"
"2SA 10:10","ot"
"2SA 10:13","ot"
"2SA 10:14","ot"
"2SA 10:15","ot"
"2SA 10:16","ot"
"2SA 10:17","ot"
"2SA 10:18","ot"
"2SA 10:19","ot"
"2SA 10:2","ot"
"2SA 10:3","ot"
"2SA 10:4","ot"
"2SA 10:5","ot"
"2SA 10:6","ot"
"2SA 10:7","ot"
"2SA 10:9","ot"
"2SA 11:1","ot"
"2SA 11:10","ot"
"2SA 11:11","ot"
"2SA 11:12","ot"
"2SA 11:13","ot"
"2SA 11:14","ot"
"2SA 11:15","ot"
"2SA 11:16","ot"
"2SA 11:17","ot"
"2SA 11:18","ot"
"2SA 11:2","ot"
"2SA 11:21","ot"
"2SA 11:22","ot"
"2SA 11:23","ot"
"2SA 11:24","ot"
"2SA 11:25","ot"
"2SA 11:26","ot"
"2SA 11:27","ot"
"2SA 11:3","ot"
"2SA 11:4","ot"
"2SA 11:5","ot"
"2SA 11:6","ot"
"2SA 11:7","ot"
"2SA 11:8","ot"
"2SA 11:9","ot"
"2SA 12:1","ot"
"2SA 12:10","ot"
"2SA 12:12","ot"
"2SA 12:13","ot"
"2SA 12:15","ot"
"2SA 12:16","ot"
"2SA 12:18","ot"
"2SA 12:19","ot"
"2SA 12:20","ot"
"2SA 12:24","ot"
"2SA 12:25","ot"
"2SA 12:26","ot"
"2SA 12:27","ot"
"2SA 12:29","ot"
"2SA 12:30","ot"
"2SA 12:31","ot"
"2SA 12:5","ot"
"2SA 12:7","ot"
"2SA 12:8","ot"
"2SA 12:9","ot"
"2SA 13:1","ot"
"2SA 13:10","ot"
"2SA 13:12","ot"
"2SA 13:13","ot"
"2SA 13:15","ot"
"2SA 13:19","ot"
"2SA 13:2","ot"
"2SA 13:20","ot"
"2SA 13:21","ot"
"2SA 13:22","ot"
"2SA 13:23","ot"
"2SA 13:24","ot"
"2SA 13:25","ot"
"2SA 13:26","ot"
"2SA 13:27","ot"
"2SA 13:28","ot"
"2SA 13:29","ot"
"2SA 13:3","ot"
"2SA 13:30","ot"
"2SA 13:32","ot"
"2SA 13:33","ot"
"2SA 13:34","ot"
"2SA 13:35","ot"
"2SA 13:37","ot"
"2SA 13:38","ot"
"2SA 13:39","ot"
"2SA 13:4","ot"
"2SA 13:5","ot"
"2SA 13:6","ot"
"2SA 13:7","ot"
"2SA 13:8","ot"
"2SA 13:9","ot"
"2SA 14:1","ot"
"2SA 14:19","ot"
"2SA 14:2","ot"
"2SA 14:20","ot"
"2SA 14:21","ot"
"2SA 14:22","ot"
"2SA 14:23","ot"
"2SA 14:24","ot"
"2SA 14:25","ot"
"2SA 14:27","ot"
"2SA 14:28","ot"
"2SA 14:29","ot"
"2SA 14:3","ot"
"2SA 14:30","ot"
"2SA 14:31","ot"
"2SA 14:32","ot"
"2SA 14:33","ot"
"2SA 15:1","ot"
"2SA 15:10","ot"
"2SA 15:11","ot"
"2SA 15:12","ot"
"2SA 15:13","ot"
"2SA 15:14","ot"
"2SA 15:19","ot"
"2SA 15:2","ot"
"2SA 15:21","ot"
"2SA 15:22","ot"
"2SA 15:24","ot"
"2SA 15:25","ot"
"2SA 15:27","ot"
"2SA 15:29","ot"
"2SA 15:3","ot"
"2SA 15:30","ot"
"2SA 15:31","ot"
"2SA 15:32","ot"
"2SA 15:33","ot"
"2SA 15:34","ot"
"2SA 15:35","ot"
"2SA 15:36","ot"
"2SA 15:37","ot"
"2SA 15:4","ot"
"2SA 15:6","ot"
"2SA 15:7","ot"
"2SA 16:1","ot"
"2SA 16:10","ot"
"2SA 16:11","ot"
"2SA 16:13","ot"
"2SA 16:15","ot"
"2SA 16:16","ot"
"2SA 16:17","ot"
"2SA 16:18","ot"
"2SA 16:2","ot"
"2SA 16:20","ot"
"2SA 16:21","ot"
"2SA 16:22","ot"
"2SA 16:23","ot"
"2SA 16:3","ot"
"2SA 16:4","ot"
"2SA 16:5","ot"
"2SA 16:6","ot"
"2SA 16:7","ot"
"2SA 16:8","ot"
"2SA 16:9","ot"
"2SA 17:1","ot"
"2SA 17:10","ot"
"2SA 17:11","ot"
"2SA 17:13","ot"
"2SA 17:14","ot"
"2SA 17:15","ot"
"2SA 17:16","ot"
"2SA 17:17","ot"
"2SA 17:18","ot"
"2SA 17:20","ot"
"2SA 17:21","ot"
"2SA 17:22","ot"
"2SA 17:23","ot"
"2SA 17:24","ot"
"2SA 17:25","ot"
"2SA 17:26","ot"
"2SA 17:27","ot"
"2SA 17:29","ot"
"2SA 17:4","ot"
"2SA 17:5","ot"
"2SA 17:6","ot"
"2SA 17:7","ot"
"2SA 17:8","ot"
"2SA 17:9","ot"
"2SA 18:1","ot"
"2SA 18:10","ot"
"2SA 18:11","ot"
"2SA 18:12","ot"
"2SA 18:14","ot"
"2SA 18:15","ot"
"2SA 18:16","ot"
"2SA 18:17","ot"
"2SA 18:18","ot"
"2SA 18:19","ot"
"2SA 18:2","ot"
"2SA 18:20","ot"
"2SA 18:21","ot"
"2SA 18:22","ot"
"2SA 18:23","ot"
"2SA 18:24","ot"
"2SA 18:27","ot"
"2SA 18:28","ot"
"2SA 18:29","ot"
"2SA 18:32","ot"
"2SA 18:33","ot"
"2SA 18:5","ot"
"2SA 18:6","ot"
"2SA 18:7","ot"
"2SA 18:9","ot"
"2SA 19:1","ot"
"2SA 19:10","ot"
"2SA 19:11","ot"
"2SA 19:13","ot"
"2SA 19:14","ot"
"2SA 19:15","ot"
"2SA 19:16","ot"
"2SA 19:17","ot"
"2SA 19:18","ot"
"2SA 19:20","ot"
"2SA 19:21","ot"
"2SA 19:22","ot"
"2SA 19:23","ot"
"2SA 19:24","ot"
"2SA 19:25","ot"
"2SA 19:29","ot"
"2SA 19:30","ot"
"2SA 19:31","ot"
"2SA 19:32","ot"
"2SA 19:33","ot"
"2SA 19:34","ot"
"2SA 19:37","ot"
"2SA 19:38","ot"
"2SA 19:39","ot"
"2SA 19:4","ot"
"2SA 19:40","ot"
"2SA 19:41","ot"
"2SA 19:42","ot"
"2SA 19:43","ot"
"2SA 19:5","ot"
"2SA 19:6","ot"
"2SA 19:8","ot"
"2SA 19:9","ot"
"2SA 2:1","ot"
"2SA 2:10","ot"
"2SA 2:11","ot"
"2SA 2:12","ot"
"2SA 2:13","ot"
"2SA 2:14","ot"
"2SA 2:15","ot"
"2SA 2:17","ot"
"2SA 2:18","ot"
"2SA 2:19","ot"
"2SA 2:2","ot"
"2SA 2:20","ot"
"2SA 2:21","ot"
"2SA 2:22","ot"
"2SA 2:23","ot"
"2SA 2:24","ot"
"2SA 2:25","ot"
"2SA 2:26","ot"
"2SA 2:27","ot"
"2SA 2:28","ot"
"2SA 2:29","ot"
"2SA 2:3","ot"
"2SA 2:30","ot"
"2SA 2:31","ot"
"2SA 2:32","ot"
"2SA 2:4","ot"
"2SA 2:5","ot"
"2SA 2:7","ot"
"2SA 2:8","ot"
"2SA 2:9","ot"
"2SA 20:1","ot"
"2SA 20:10","ot"
"2SA 20:11","ot"
"2SA 20:12","ot"
"2SA 20:13","ot"
"2SA 20:14","ot"
"2SA 20:15","ot"
"2SA 20:16","ot"
"2SA 20:17","ot"
"2SA 20:19","ot"
"2SA 20:2","ot"
"2SA 20:20","ot"
"2SA 20:21","ot"
"2SA 20:22","ot"
"2SA 20:23","ot"
"2SA 20:24","ot"
"2SA 20:25","ot"
"2SA 20:26","ot"
"2SA 20:3","ot"
"2SA 20:4","ot"
"2SA 20:5","ot"
"2SA 20:6","ot"
"2SA 20:7","ot"
"2SA 20:8","ot"
"2SA 20:9","ot"
"2SA 21:1","ot"
"2SA 21:10","ot"
"2SA 21:11","ot"
"2SA 21:12","ot"
"2SA 21:13","ot"
"2SA 21:14","ot"
"2SA 21:15","ot"
"2SA 21:16","ot"
"2SA 21:17","ot"
"2SA 21:18","ot"
"2SA 21:19","ot"
"2SA 21:2","ot"
"2SA 21:21","ot"
"2SA 21:22","ot"
"2SA 21:3","ot"
"2SA 21:4","ot"
"2SA 21:5","ot"
"2SA 21:6","ot"
"2SA 21:7","ot"
"2SA 21:8","ot"
"2SA 22:1","ot"
"2SA 22:51","ot"
"2SA 23:1","ot"
"2SA 23:11","ot"
"2SA 23:13","ot"
"2SA 23:14","ot"
"2SA 23:15","ot"
"2SA 23:16","ot"
"2SA 23:18","ot"
"2SA 23:20","ot"
"2SA 23:22","ot"
"2SA 23:23","ot"
"2SA 23:24","ot"
"2SA 23:25","ot"
"2SA 23:26","ot"
"2SA 23:27","ot"
"2SA 23:28","ot"
"2SA 23:29","ot"
"2SA 23:3","ot"
"2SA 23:30","ot"
"2SA 23:31","ot"
"2SA 23:32","ot"
"2SA 23:33","ot"
"2SA 23:34","ot"
"2SA 23:35","ot"
"2SA 23:36","ot"
"2SA 23:37","ot"
"2SA 23:38","ot"
"2SA 23:39","ot"
"2SA 23:8","ot"
"2SA 23:9","ot"
"2SA 24:1","ot"
"2SA 24:10","ot"
"2SA 24:11","ot"
"2SA 24:12","ot"
"2SA 24:13","ot"
"2SA 24:14","ot"
"2SA 24:15","ot"
"2SA 24:16","ot"
"2SA 24:17","ot"
"2SA 24:18","ot"
"2SA 24:19","ot"
"2SA 24:2","ot"
"2SA 24:20","ot"
"2SA 24:21","ot"
"2SA 24:22","ot"
"2SA 24:23","ot"
"2SA 24:24","ot"
"2SA 24:25","ot"
"2SA 24:3","ot"
"2SA 24:4","ot"
"2SA 24:5","ot"
"2SA 24:7","ot"
"2SA 24:9","ot"
"2SA 3:1","ot"
"2SA 3:10","ot"
"2SA 3:11","ot"
"2SA 3:12","ot"
"2SA 3:13","ot"
"2SA 3:14","ot"
"2SA 3:15","ot"
"2SA 3:16","ot"
"2SA 3:17","ot"
"2SA 3:18","ot"
"2SA 3:19","ot"
"2SA 3:2","ot"
"2SA 3:20","ot"
"2SA 3:21","ot"
"2SA 3:22","ot"
"2SA 3:23","ot"
"2SA 3:24","ot"
"2SA 3:25","ot"
"2SA 3:26","ot"
"2SA 3:27","ot"
"2SA 3:28","ot"
"2SA 3:29","ot"
"2SA 3:3","ot"
"2SA 3:30","ot"
"2SA 3:31","ot"
"2SA 3:32","ot"
"2SA 3:33","ot"
"2SA 3:35","ot"
"2SA 3:37","ot"
"2SA 3:38","ot"
"2SA 3:39","ot"
"2SA 3:4","ot"
"2SA 3:5","ot"
"2SA 3:6","ot"
"2SA 3:7","ot"
"2SA 3:8","ot"
"2SA 3:9","ot"
"2SA 4:1","ot"
"2SA 4:10","ot"
"2SA 4:12","ot"
"2SA 4:2","ot"
"2SA 4:4","ot"
"2SA 4:5","ot"
"2SA 4:6","ot"
"2SA 4:8","ot"
"2SA 4:9","ot"
"2SA 5:1","ot"
"2SA 5:10","ot"
"2SA 5:11","ot"
"2SA 5:12","ot"
"2SA 5:13","ot"
"2SA 5:14","ot"
"2SA 5:15","ot"
"2SA 5:16","ot"
"2SA 5:17","ot"
"2SA 5:19","ot"
"2SA 5:2","ot"
"2SA 5:20","ot"
"2SA 5:21","ot"
"2SA 5:23","ot"
"2SA 5:25","ot"
"2SA 5:3","ot"
"2SA 5:4","ot"
"2SA 5:5","ot"
"2SA 5:6","ot"
"2SA 5:7","ot"
"2SA 5:8","ot"
"2SA 5:9","ot"
"2SA 6:1","ot"
"2SA 6:10","ot"
"2SA 6:11","ot"
"2SA 6:12","ot"
"2SA 6:14","ot"
"2SA 6:15","ot"
"2SA 6:16","ot"
"2SA 6:17","ot"
"2SA 6:18","ot"
"2SA 6:19","ot"
"2SA 6:2","ot"
"2SA 6:20","ot"
"2SA 6:21","ot"
"2SA 6:23","ot"
"2SA 6:3","ot"
"2SA 6:4","ot"
"2SA 6:5","ot"
"2SA 6:6","ot"
"2SA 6:7","ot"
"2SA 6:8","ot"
"2SA 6:9","ot"
"2SA 7:10","ot"
"2SA 7:11","ot"
"2SA 7:15","ot"
"2SA 7:17","ot"
"2SA 7:18","ot"
"2SA 7:2","ot"
"2SA 7:20","ot"
"2SA 7:23","ot"
"2SA 7:24","ot"
"2SA 7:26","ot"
"2SA 7:27","ot"
"2SA 7:3","ot"
"2SA 7:4","ot"
"2SA 7:5","ot"
"2SA 7:6","ot"
"2SA 7:7","ot"
"2SA 7:8","ot"
"2SA 8:1","ot"
"2SA 8:10","ot"
"2SA 8:11","ot"
"2SA 8:12","ot"
"2SA 8:13","ot"
"2SA 8:14","ot"
"2SA 8:15","ot"
"2SA 8:16","ot"
"2SA 8:17","ot"
"2SA 8:18","ot"
"2SA 8:2","ot"
"2SA 8:3","ot"
"2SA 8:4","ot"
"2SA 8:5","ot"
"2SA 8:6","ot"
"2SA 8:7","ot"
"2SA 8:8","ot"
"2SA 8:9","ot"
"2SA 9:1","ot"
"2SA 9:10","ot"
"2SA 9:11","ot"
"2SA 9:12","ot"
"2SA 9:13","ot"
"2SA 9:2","ot"
"2SA 9:3","ot"
"2SA 9:4","ot"
"2SA 9:5","ot"
"2SA 9:6","ot"
"2SA 9:7","ot"
"2SA 9:9","ot"
"2TH 1:1","nt"
"2TH 1:12","nt"
"2TH 1:2","nt"
"2TH 1:7","nt"
"2TH 1:8","nt"
"2TH 2:1","nt"
"2TH 2:14","nt"
"2TH 2:16","nt"
"2TH 3:12","nt"
"2TH 3:17","nt"
"2TH 3:18","nt"
"2TH 3:5","nt"
"2TH 3:6","nt"
"2TI 1:1","nt"
"2TI 1:10","nt"
"2TI 1:13","nt"
"2TI 1:15","nt"
"2TI 1:16","nt"
"2TI 1:2","nt"
"2TI 1:5","nt"
"2TI 1:9","nt"
"2TI 2:1","nt"
"2TI 2:10","nt"
"2TI 2:17","nt"
"2TI 2:3","nt"
"2TI 2:8","nt"
"2TI 3:12","nt"
"2TI 3:15","nt"
"2TI 3:8","nt"
"2TI 4:1","nt"
"2TI 4:10","nt"
"2TI 4:11","nt"
"2TI 4:12","nt"
"2TI 4:13","nt"
"2TI 4:14","nt"
"2TI 4:19","nt"
"2TI 4:20","nt"
"2TI 4:21","nt"
"2TI 4:22","nt"
"3JN 1:1","nt"
"3JN 1:12","nt"
"3JN 1:9","nt"
"ACT 1:1","nt"
"ACT 1:11","nt"
"ACT 1:13","nt"
"ACT 1:14","nt"
"ACT 1:15","nt"
"ACT 1:16","nt"
"ACT 1:21","nt"
"ACT 1:22","nt"
"ACT 1:23","nt"
"ACT 1:25","nt"
"ACT 1:26","nt"
"ACT 1:5","nt"
"ACT 10:1","nt"
"ACT 10:13","nt"
"ACT 10:14","nt"
"ACT 10:17","nt"
"ACT 10:18","nt"
"ACT 10:19","nt"
"ACT 10:21","nt"
"ACT 10:22","nt"
"ACT 10:22-24","nt"
"ACT 10:23","nt"
"ACT 10:24","nt"
"ACT 10:25","nt"
"ACT 10:26","nt"
"ACT 10:3","nt"
"ACT 10:30","nt"
"ACT 10:31","nt"
"ACT 10:32","nt"
"ACT 10:34","nt"
"ACT 10:36","nt"
"ACT 10:37","nt"
"ACT 10:38","nt"
"ACT 10:44","nt"
"ACT 10:45","nt"
"ACT 10:46","nt"
"ACT 10:5","nt"
"ACT 10:6","nt"
"ACT 10:7","nt"
"ACT 10:9","nt"
"ACT 11:13","nt"
"ACT 11:16","nt"
"ACT 11:17","nt"
"ACT 11:19","nt"
"ACT 11:2","nt"
"ACT 11:20","nt"
"ACT 11:22","nt"
"ACT 11:25","nt"
"ACT 11:28","nt"
"ACT 11:30","nt"
"ACT 11:4","nt"
"ACT 11:7","nt"
"ACT 12:1","nt"
"ACT 12:1-2","nt"
"ACT 12:1-4","nt"
"ACT 12:11","nt"
"ACT 12:12","nt"
"ACT 12:13","nt"
"ACT 12:14","nt"
"ACT 12:16","nt"
"ACT 12:17","nt"
"ACT 12:18","nt"
"ACT 12:19","nt"
"ACT 12:2","nt"
"ACT 12:20","nt"
"ACT 12:21","nt"
"ACT 12:25","nt"
"ACT 12:3","nt"
"ACT 12:3-4","nt"
"ACT 12:5","nt"
"ACT 12:6","nt"
"ACT 12:7","nt"
"ACT 13:1","nt"
"ACT 13:13","nt"
"ACT 13:16","nt"
"ACT 13:2","nt"
"ACT 13:2-5","nt"
"ACT 13:20","nt"
"ACT 13:21","nt"
"ACT 13:22","nt"
"ACT 13:23","nt"
"ACT 13:24","nt"
"ACT 13:25","nt"
"ACT 13:26","nt"
"ACT 13:28","nt"
"ACT 13:33","nt"
"ACT 13:34","nt"
"ACT 13:36","nt"
"ACT 13:38","nt"
"ACT 13:39","nt"
"ACT 13:43","nt"
"ACT 13:45","nt"
"ACT 13:46","nt"
"ACT 13:5","nt"
"ACT 13:50","nt"
"ACT 13:6","nt"
"ACT 13:7","nt"
"ACT 13:7-8","nt"
"ACT 13:8","nt"
"ACT 13:9","nt"
"ACT 14:11","nt"
"ACT 14:12","nt"
"ACT 14:14","nt"
"ACT 14:19","nt"
"ACT 14:20","nt"
"ACT 14:9","nt"
"ACT 15:1","nt"
"ACT 15:11","nt"
"ACT 15:12","nt"
"ACT 15:13","nt"
"ACT 15:14","nt"
"ACT 15:16","nt"
"ACT 15:2","nt"
"ACT 15:21","nt"
"ACT 15:22","nt"
"ACT 15:25","nt"
"ACT 15:26","nt"
"ACT 15:27","nt"
"ACT 15:32","nt"
"ACT 15:34","nt"
"ACT 15:35","nt"
"ACT 15:36","nt"
"ACT 15:37","nt"
"ACT 15:38","nt"
"ACT 15:39","nt"
"ACT 15:40","nt"
"ACT 15:40-41","nt"
"ACT 15:5","nt"
"ACT 15:7","nt"
"ACT 16:1","nt"
"ACT 16:14","nt"
"ACT 16:14-15","nt"
"ACT 16:17","nt"
"ACT 16:18","nt"
"ACT 16:19","nt"
"ACT 16:25","nt"
"ACT 16:28","nt"
"ACT 16:29","nt"
"ACT 16:3","nt"
"ACT 16:31","nt"
"ACT 16:36","nt"
"ACT 16:37","nt"
"ACT 16:40","nt"
"ACT 16:7","nt"
"ACT 16:9","nt"
"ACT 17:10","nt"
"ACT 17:13","nt"
"ACT 17:14","nt"
"ACT 17:15","nt"
"ACT 17:16","nt"
"ACT 17:18","nt"
"ACT 17:2","nt"
"ACT 17:22","nt"
"ACT 17:3","nt"
"ACT 17:33","nt"
"ACT 17:34","nt"
"ACT 17:4","nt"
"ACT 17:5","nt"
"ACT 17:5-7","nt"
"ACT 17:6","nt"
"ACT 17:7","nt"
"ACT 17:9","nt"
"ACT 18:1","nt"
"ACT 18:12","nt"
"ACT 18:12-16","nt"
"ACT 18:14","nt"
"ACT 18:17","nt"
"ACT 18:18","nt"
"ACT 18:2","nt"
"ACT 18:2-3","nt"
"ACT 18:24","nt"
"ACT 18:25","nt"
"ACT 18:26","nt"
"ACT 18:28","nt"
"ACT 18:5","nt"
"ACT 18:7","nt"
"ACT 18:8","nt"
"ACT 18:9","nt"
"ACT 19:1","nt"
"ACT 19:11","nt"
"ACT 19:13","nt"
"ACT 19:14","nt"
"ACT 19:15","nt"
"ACT 19:17","nt"
"ACT 19:21","nt"
"ACT 19:22","nt"
"ACT 19:24","nt"
"ACT 19:24-29","nt"
"ACT 19:26","nt"
"ACT 19:29","nt"
"ACT 19:3","nt"
"ACT 19:30","nt"
"ACT 19:33","nt"
"ACT 19:38","nt"
"ACT 19:4","nt"
"ACT 19:5","nt"
"ACT 19:6","nt"
"ACT 19:9","nt"
"ACT 2:14","nt"
"ACT 2:16","nt"
"ACT 2:22","nt"
"ACT 2:25","nt"
"ACT 2:29","nt"
"ACT 2:31","nt"
"ACT 2:32","nt"
"ACT 2:34","nt"
"ACT 2:36","nt"
"ACT 2:37","nt"
"ACT 2:38","nt"
"ACT 20:1","nt"
"ACT 20:10","nt"
"ACT 20:13","nt"
"ACT 20:16","nt"
"ACT 20:21","nt"
"ACT 20:24","nt"
"ACT 20:35","nt"
"ACT 20:37","nt"
"ACT 20:4","nt"
"ACT 20:7","nt"
"ACT 20:9","nt"
"ACT 21:10","nt"
"ACT 21:11","nt"
"ACT 21:13","nt"
"ACT 21:16","nt"
"ACT 21:18","nt"
"ACT 21:21","nt"
"ACT 21:26","nt"
"ACT 21:29","nt"
"ACT 21:30","nt"
"ACT 21:32","nt"
"ACT 21:37","nt"
"ACT 21:39","nt"
"ACT 21:4","nt"
"ACT 21:40","nt"
"ACT 21:8","nt"
"ACT 22:12","nt"
"ACT 22:13","nt"
"ACT 22:20","nt"
"ACT 22:24","nt"
"ACT 22:25","nt"
"ACT 22:28","nt"
"ACT 22:3","nt"
"ACT 22:30","nt"
"ACT 22:7","nt"
"ACT 22:8","nt"
"ACT 23:1","nt"
"ACT 23:10","nt"
"ACT 23:11","nt"
"ACT 23:12","nt"
"ACT 23:14","nt"
"ACT 23:16","nt"
"ACT 23:17","nt"
"ACT 23:18","nt"
"ACT 23:2","nt"
"ACT 23:20","nt"
"ACT 23:24","nt"
"ACT 23:26","nt"
"ACT 23:3","nt"
"ACT 23:31","nt"
"ACT 23:33","nt"
"ACT 23:35","nt"
"ACT 23:5","nt"
"ACT 23:6","nt"
"ACT 24:1","nt"
"ACT 24:10","nt"
"ACT 24:2","nt"
"ACT 24:22","nt"
"ACT 24:23","nt"
"ACT 24:24","nt"
"ACT 24:25","nt"
"ACT 24:26","nt"
"ACT 24:27","nt"
"ACT 24:3","nt"
"ACT 24:7","nt"
"ACT 25:1","nt"
"ACT 25:10","nt"
"ACT 25:11","nt"
"ACT 25:12","nt"
"ACT 25:13","nt"
"ACT 25:14","nt"
"ACT 25:19","nt"
"ACT 25:2","nt"
"ACT 25:21","nt"
"ACT 25:22","nt"
"ACT 25:23","nt"
"ACT 25:24","nt"
"ACT 25:25","nt"
"ACT 25:26","nt"
"ACT 25:4","nt"
"ACT 25:6","nt"
"ACT 25:7","nt"
"ACT 25:8","nt"
"ACT 25:9","nt"
"ACT 26:1","nt"
"ACT 26:14","nt"
"ACT 26:15","nt"
"ACT 26:19","nt"
"ACT 26:2","nt"
"ACT 26:22","nt"
"ACT 26:23","nt"
"ACT 26:24","nt"
"ACT 26:25","nt"
"ACT 26:27","nt"
"ACT 26:28","nt"
"ACT 26:29","nt"
"ACT 26:30","nt"
"ACT 26:32","nt"
"ACT 26:7","nt"
"ACT 26:9","nt"
"ACT 27:1","nt"
"ACT 27:11","nt"
"ACT 27:2","nt"
"ACT 27:21","nt"
"ACT 27:24","nt"
"ACT 27:3","nt"
"ACT 27:31","nt"
"ACT 27:33","nt"
"ACT 27:43","nt"
"ACT 27:9","nt"
"ACT 28:15","nt"
"ACT 28:16","nt"
"ACT 28:17","nt"
"ACT 28:19","nt"
"ACT 28:23","nt"
"ACT 28:25","nt"
"ACT 28:3","nt"
"ACT 28:30","nt"
"ACT 28:31","nt"
"ACT 28:7","nt"
"ACT 28:8","nt"
"ACT 3:1","nt"
"ACT 3:11","nt"
"ACT 3:12","nt"
"ACT 3:13","nt"
"ACT 3:18","nt"
"ACT 3:20","nt"
"ACT 3:22","nt"
"ACT 3:24","nt"
"ACT 3:25","nt"
"ACT 3:3","nt"
"ACT 3:4","nt"
"ACT 3:6","nt"
"ACT 4:10","nt"
"ACT 4:13","nt"
"ACT 4:18","nt"
"ACT 4:19","nt"
"ACT 4:2","nt"
"ACT 4:25","nt"
"ACT 4:27","nt"
"ACT 4:30","nt"
"ACT 4:33","nt"
"ACT 4:36","nt"
"ACT 4:6","nt"
"ACT 4:8","nt"
"ACT 5:1","nt"
"ACT 5:15","nt"
"ACT 5:29","nt"
"ACT 5:3","nt"
"ACT 5:30","nt"
"ACT 5:34","nt"
"ACT 5:36","nt"
"ACT 5:37","nt"
"ACT 5:40","nt"
"ACT 5:42","nt"
"ACT 5:5","nt"
"ACT 5:8","nt"
"ACT 5:9","nt"
"ACT 6:11","nt"
"ACT 6:14","nt"
"ACT 6:5","nt"
"ACT 6:8","nt"
"ACT 6:9","nt"
"ACT 7:12","nt"
"ACT 7:13","nt"
"ACT 7:14","nt"
"ACT 7:15","nt"
"ACT 7:16","nt"
"ACT 7:17","nt"
"ACT 7:18","nt"
"ACT 7:2","nt"
"ACT 7:20","nt"
"ACT 7:22","nt"
"ACT 7:29","nt"
"ACT 7:31","nt"
"ACT 7:32","nt"
"ACT 7:35","nt"
"ACT 7:37","nt"
"ACT 7:40","nt"
"ACT 7:44","nt"
"ACT 7:45","nt"
"ACT 7:46","nt"
"ACT 7:47","nt"
"ACT 7:55","nt"
"ACT 7:58","nt"
"ACT 7:59","nt"
"ACT 7:8","nt"
"ACT 7:9","nt"
"ACT 8:1","nt"
"ACT 8:12","nt"
"ACT 8:13","nt"
"ACT 8:14","nt"
"ACT 8:16","nt"
"ACT 8:18","nt"
"ACT 8:2","nt"
"ACT 8:20","nt"
"ACT 8:24","nt"
"ACT 8:26","nt"
"ACT 8:28","nt"
"ACT 8:29","nt"
"ACT 8:3","nt"
"ACT 8:30","nt"
"ACT 8:31","nt"
"ACT 8:34","nt"
"ACT 8:35","nt"
"ACT 8:37","nt"
"ACT 8:38","nt"
"ACT 8:39","nt"
"ACT 8:40","nt"
"ACT 8:5","nt"
"ACT 8:6","nt"
"ACT 8:9","nt"
"ACT 9:1","nt"
"ACT 9:10","nt"
"ACT 9:11","nt"
"ACT 9:12","nt"
"ACT 9:13","nt"
"ACT 9:17","nt"
"ACT 9:19","nt"
"ACT 9:20","nt"
"ACT 9:22","nt"
"ACT 9:24","nt"
"ACT 9:26","nt"
"ACT 9:27","nt"
"ACT 9:32","nt"
"ACT 9:33","nt"
"ACT 9:34","nt"
"ACT 9:36","nt"
"ACT 9:38","nt"
"ACT 9:39","nt"
"ACT 9:4","nt"
"ACT 9:40","nt"
"ACT 9:43","nt"
"ACT 9:5","nt"
"ACT 9:8","nt"
"AMO 1:1","ot"
"AMO 1:4","ot"
"AMO 2:11","ot"
"AMO 2:4","ot"
"AMO 2:5","ot"
"AMO 2:6","ot"
"AMO 3:1","ot"
"AMO 3:12","ot"
"AMO 3:13","ot"
"AMO 3:14","ot"
"AMO 4:12","ot"
"AMO 4:5","ot"
"AMO 5:1","ot"
"AMO 5:15","ot"
"AMO 5:2","ot"
"AMO 5:25","ot"
"AMO 5:3","ot"
"AMO 5:4","ot"
"AMO 5:6","ot"
"AMO 6:1","ot"
"AMO 6:14","ot"
"AMO 6:5","ot"
"AMO 6:6","ot"
"AMO 6:8","ot"
"AMO 7:10","ot"
"AMO 7:11","ot"
"AMO 7:12","ot"
"AMO 7:14","ot"
"AMO 7:15","ot"
"AMO 7:16","ot"
"AMO 7:17","ot"
"AMO 7:2","ot"
"AMO 7:5","ot"
"AMO 7:8","ot"
"AMO 7:9","ot"
"AMO 8:2","ot"
"AMO 8:7","ot"
"AMO 9:11","ot"
"AMO 9:14","ot"
"AMO 9:7","ot"
"AMO 9:8","ot"
"AMO 9:9","ot"
"COL 1:1","nt"
"COL 1:2","nt"
"COL 1:23","nt"
"COL 1:24","nt"
"COL 1:27","nt"
"COL 1:28","nt"
"COL 1:3","nt"
"COL 1:4","nt"
"COL 1:7","nt"
"COL 2:11","nt"
"COL 2:17","nt"
"COL 2:2","nt"
"COL 2:20","nt"
"COL 2:5","nt"
"COL 2:6","nt"
"COL 2:8","nt"
"COL 3:1","nt"
"COL 3:11","nt"
"COL 3:16","nt"
"COL 3:17","nt"
"COL 3:24","nt"
"COL 3:3","nt"
"COL 3:4","nt"
"COL 4:10","nt"
"COL 4:10-11","nt"
"COL 4:11","nt"
"COL 4:12","nt"
"COL 4:14","nt"
"COL 4:15","nt"
"COL 4:17","nt"
"COL 4:18","nt"
"COL 4:3","nt"
"COL 4:7","nt"
"COL 4:9","nt"
"DAN 1:1","ot"
"DAN 1:10","ot"
"DAN 1:11","ot"
"DAN 1:17","ot"
"DAN 1:18","ot"
"DAN 1:19","ot"
"DAN 1:2","ot"
"DAN 1:21","ot"
"DAN 1:3","ot"
"DAN 1:6","ot"
"DAN 1:7","ot"
"DAN 1:8","ot"
"DAN 1:9","ot"
"DAN 10:1","ot"
"DAN 10:11","ot"
"DAN 10:12","ot"
"DAN 10:2","ot"
"DAN 10:7","ot"
"DAN 11:1","ot"
"DAN 12:4","ot"
"DAN 12:5","ot"
"DAN 12:9","ot"
"DAN 2:1","ot"
"DAN 2:13","ot"
"DAN 2:14","ot"
"DAN 2:15","ot"
"DAN 2:16","ot"
"DAN 2:17","ot"
"DAN 2:18","ot"
"DAN 2:19","ot"
"DAN 2:20","ot"
"DAN 2:24","ot"
"DAN 2:25","ot"
"DAN 2:26","ot"
"DAN 2:27","ot"
"DAN 2:28","ot"
"DAN 2:46","ot"
"DAN 2:47","ot"
"DAN 2:48","ot"
"DAN 2:49","ot"
"DAN 3:1","ot"
"DAN 3:12","ot"
"DAN 3:13","ot"
"DAN 3:14","ot"
"DAN 3:16","ot"
"DAN 3:19","ot"
"DAN 3:2","ot"
"DAN 3:20","ot"
"DAN 3:22","ot"
"DAN 3:23","ot"
"DAN 3:24","ot"
"DAN 3:26","ot"
"DAN 3:28","ot"
"DAN 3:29","ot"
"DAN 3:3","ot"
"DAN 3:30","ot"
"DAN 3:5","ot"
"DAN 3:7","ot"
"DAN 3:8","ot"
"DAN 3:9","ot"
"DAN 4:1","ot"
"DAN 4:18","ot"
"DAN 4:19","ot"
"DAN 4:28","ot"
"DAN 4:31","ot"
"DAN 4:33","ot"
"DAN 4:34","ot"
"DAN 4:37","ot"
"DAN 4:4","ot"
"DAN 4:8","ot"
"DAN 4:9","ot"
"DAN 5:1","ot"
"DAN 5:11","ot"
"DAN 5:12","ot"
"DAN 5:13","ot"
"DAN 5:17","ot"
"DAN 5:18","ot"
"DAN 5:2","ot"
"DAN 5:22","ot"
"DAN 5:29","ot"
"DAN 5:30","ot"
"DAN 5:31","ot"
"DAN 5:9","ot"
"DAN 6:1","ot"
"DAN 6:10","ot"
"DAN 6:11","ot"
"DAN 6:13","ot"
"DAN 6:14","ot"
"DAN 6:16","ot"
"DAN 6:17","ot"
"DAN 6:2","ot"
"DAN 6:20","ot"
"DAN 6:21","ot"
"DAN 6:23","ot"
"DAN 6:24","ot"
"DAN 6:25","ot"
"DAN 6:26","ot"
"DAN 6:27","ot"
"DAN 6:28","ot"
"DAN 6:3","ot"
"DAN 6:4","ot"
"DAN 6:5","ot"
"DAN 6:6","ot"
"DAN 6:9","ot"
"DAN 7:1","ot"
"DAN 7:15","ot"
"DAN 7:2","ot"
"DAN 7:28","ot"
"DAN 8:1","ot"
"DAN 8:15","ot"
"DAN 8:27","ot"
"DAN 9:1","ot"
"DAN 9:11","ot"
"DAN 9:13","ot"
"DAN 9:2","ot"
"DAN 9:20","ot"
"DAN 9:22","ot"
"DAN 9:7","ot"
"DEU 1:1","ot"
"DEU 1:28","ot"
"DEU 1:3","ot"
"DEU 1:36","ot"
"DEU 1:38","ot"
"DEU 1:4","ot"
"DEU 1:5","ot"
"DEU 1:8","ot"
"DEU 10:12","ot"
"DEU 10:6","ot"
"DEU 10:8","ot"
"DEU 10:9","ot"
"DEU 11:6","ot"
"DEU 12:12","ot"
"DEU 12:18","ot"
"DEU 12:19","ot"
"DEU 13:11","ot"
"DEU 14:27","ot"
"DEU 14:29","ot"
"DEU 16:11","ot"
"DEU 16:14","ot"
"DEU 17:12","ot"
"DEU 17:18","ot"
"DEU 17:20","ot"
"DEU 17:4","ot"
"DEU 17:9","ot"
"DEU 18:1","ot"
"DEU 18:6","ot"
"DEU 18:7","ot"
"DEU 19:13","ot"
"DEU 2:10","ot"
"DEU 2:11","ot"
"DEU 2:12","ot"
"DEU 2:19","ot"
"DEU 2:21","ot"
"DEU 2:22","ot"
"DEU 2:24","ot"
"DEU 2:26","ot"
"DEU 2:29","ot"
"DEU 2:30","ot"
"DEU 2:31","ot"
"DEU 2:32","ot"
"DEU 2:4","ot"
"DEU 2:5","ot"
"DEU 2:8","ot"
"DEU 2:9","ot"
"DEU 20:17","ot"
"DEU 20:3","ot"
"DEU 21:21","ot"
"DEU 21:5","ot"
"DEU 21:8","ot"
"DEU 22:19","ot"
"DEU 22:21","ot"
"DEU 22:22","ot"
"DEU 23:17","ot"
"DEU 23:4","ot"
"DEU 23:5","ot"
"DEU 24:7","ot"
"DEU 24:8","ot"
"DEU 24:9","ot"
"DEU 25:10","ot"
"DEU 25:6","ot"
"DEU 25:7","ot"
"DEU 26:11","ot"
"DEU 26:12","ot"
"DEU 26:13","ot"
"DEU 26:15","ot"
"DEU 27:1","ot"
"DEU 27:11","ot"
"DEU 27:12","ot"
"DEU 27:13","ot"
"DEU 27:14","ot"
"DEU 27:9","ot"
"DEU 29:1","ot"
"DEU 29:10","ot"
"DEU 29:13","ot"
"DEU 29:2","ot"
"DEU 29:21","ot"
"DEU 29:7","ot"
"DEU 29:8","ot"
"DEU 3:1","ot"
"DEU 3:10","ot"
"DEU 3:11","ot"
"DEU 3:12","ot"
"DEU 3:13","ot"
"DEU 3:14","ot"
"DEU 3:15","ot"
"DEU 3:16","ot"
"DEU 3:18","ot"
"DEU 3:2","ot"
"DEU 3:21","ot"
"DEU 3:28","ot"
"DEU 3:3","ot"
"DEU 3:4","ot"
"DEU 3:6","ot"
"DEU 30:20","ot"
"DEU 31:1","ot"
"DEU 31:10","ot"
"DEU 31:11","ot"
"DEU 31:14","ot"
"DEU 31:16","ot"
"DEU 31:19","ot"
"DEU 31:22","ot"
"DEU 31:23","ot"
"DEU 31:24","ot"
"DEU 31:25","ot"
"DEU 31:3","ot"
"DEU 31:30","ot"
"DEU 31:4","ot"
"DEU 31:7","ot"
"DEU 31:9","ot"
"DEU 32:15","ot"
"DEU 32:44","ot"
"DEU 32:45","ot"
"DEU 32:48","ot"
"DEU 32:49","ot"
"DEU 32:50","ot"
"DEU 32:51","ot"
"DEU 32:52","ot"
"DEU 32:8","ot"
"DEU 32:9","ot"
"DEU 33:1","ot"
"DEU 33:10","ot"
"DEU 33:12","ot"
"DEU 33:13","ot"
"DEU 33:16","ot"
"DEU 33:17","ot"
"DEU 33:18","ot"
"DEU 33:20","ot"
"DEU 33:21","ot"
"DEU 33:23","ot"
"DEU 33:24","ot"
"DEU 33:26","ot"
"DEU 33:28","ot"
"DEU 33:29","ot"
"DEU 33:4","ot"
"DEU 33:5","ot"
"DEU 33:6","ot"
"DEU 33:7","ot"
"DEU 33:8","ot"
"DEU 34:1","ot"
"DEU 34:10","ot"
"DEU 34:12","ot"
"DEU 34:2","ot"
"DEU 34:4","ot"
"DEU 34:5","ot"
"DEU 34:7","ot"
"DEU 34:8","ot"
"DEU 34:9","ot"
"DEU 4:1","ot"
"DEU 4:41","ot"
"DEU 4:43","ot"
"DEU 4:44","ot"
"DEU 4:45","ot"
"DEU 4:46","ot"
"DEU 4:47","ot"
"DEU 5:1","ot"
"DEU 6:10","ot"
"DEU 6:3","ot"
"DEU 6:4","ot"
"DEU 7:1","ot"
"DEU 9:1","ot"
"DEU 9:2","ot"
"DEU 9:20","ot"
"DEU 9:27","ot"
"DEU 9:5","ot"
"ECC 1:1","ot"
"ECC 1:12","ot"
"EPH 1:1","nt"
"EPH 1:12","nt"
"EPH 1:15","nt"
"EPH 1:17","nt"
"EPH 1:2","nt"
"EPH 1:20","nt"
"EPH 1:3","nt"
"EPH 1:5","nt"
"EPH 2:10","nt"
"EPH 2:12","nt"
"EPH 2:13","nt"
"EPH 2:20","nt"
"EPH 2:5","nt"
"EPH 2:6","nt"
"EPH 2:7","nt"
"EPH 3:1","nt"
"EPH 3:11","nt"
"EPH 3:17","nt"
"EPH 3:19","nt"
"EPH 3:21","nt"
"EPH 3:4","nt"
"EPH 3:6","nt"
"EPH 3:8","nt"
"EPH 4:12","nt"
"EPH 4:13","nt"
"EPH 4:15","nt"
"EPH 4:20","nt"
"EPH 4:21","nt"
"EPH 4:32","nt"
"EPH 4:7","nt"
"EPH 5:14","nt"
"EPH 5:2","nt"
"EPH 5:20","nt"
"EPH 5:21","nt"
"EPH 5:23","nt"
"EPH 5:24","nt"
"EPH 5:25","nt"
"EPH 5:32","nt"
"EPH 5:5","nt"
"EPH 6:21","nt"
"EPH 6:23","nt"
"EPH 6:24","nt"
"EPH 6:5","nt"
"EPH 6:6","nt"
"EST 1:1","ot"
"EST 1:10","ot"
"EST 1:11","ot"
"EST 1:12","ot"
"EST 1:14","ot"
"EST 1:15","ot"
"EST 1:16","ot"
"EST 1:17","ot"
"EST 1:19","ot"
"EST 1:2","ot"
"EST 1:21","ot"
"EST 1:9","ot"
"EST 10:1","ot"
"EST 10:2","ot"
"EST 10:3","ot"
"EST 2:1","ot"
"EST 2:10","ot"
"EST 2:11","ot"
"EST 2:12","ot"
"EST 2:14","ot"
"EST 2:15","ot"
"EST 2:16","ot"
"EST 2:17","ot"
"EST 2:18","ot"
"EST 2:19","ot"
"EST 2:20","ot"
"EST 2:21","ot"
"EST 2:22","ot"
"EST 2:3","ot"
"EST 2:4","ot"
"EST 2:5","ot"
"EST 2:6","ot"
"EST 2:7","ot"
"EST 2:8","ot"
"EST 3:1","ot"
"EST 3:10","ot"
"EST 3:11","ot"
"EST 3:12","ot"
"EST 3:13","ot"
"EST 3:15","ot"
"EST 3:2","ot"
"EST 3:3","ot"
"EST 3:4","ot"
"EST 3:5","ot"
"EST 3:6","ot"
"EST 3:7","ot"
"EST 3:8","ot"
"EST 4:1","ot"
"EST 4:10","ot"
"EST 4:12","ot"
"EST 4:13","ot"
"EST 4:14","ot"
"EST 4:15","ot"
"EST 4:16","ot"
"EST 4:17","ot"
"EST 4:3","ot"
"EST 4:4","ot"
"EST 4:5","ot"
"EST 4:6","ot"
"EST 4:7","ot"
"EST 4:8","ot"
"EST 4:9","ot"
"EST 5:1","ot"
"EST 5:10","ot"
"EST 5:11","ot"
"EST 5:12","ot"
"EST 5:13","ot"
"EST 5:14","ot"
"EST 5:2","ot"
"EST 5:3","ot"
"EST 5:4","ot"
"EST 5:5","ot"
"EST 5:6","ot"
"EST 5:7","ot"
"EST 5:8","ot"
"EST 5:9","ot"
"EST 6:10","ot"
"EST 6:11","ot"
"EST 6:12","ot"
"EST 6:13","ot"
"EST 6:14","ot"
"EST 6:2","ot"
"EST 6:3","ot"
"EST 6:4","ot"
"EST 6:5","ot"
"EST 6:6","ot"
"EST 6:7","ot"
"EST 7:1","ot"
"EST 7:10","ot"
"EST 7:2","ot"
"EST 7:3","ot"
"EST 7:5","ot"
"EST 7:6","ot"
"EST 7:7","ot"
"EST 7:8","ot"
"EST 7:9","ot"
"EST 8:1","ot"
"EST 8:10","ot"
"EST 8:11","ot"
"EST 8:12","ot"
"EST 8:13","ot"
"EST 8:15","ot"
"EST 8:16","ot"
"EST 8:17","ot"
"EST 8:2","ot"
"EST 8:3","ot"
"EST 8:4","ot"
"EST 8:5","ot"
"EST 8:7","ot"
"EST 8:8","ot"
"EST 8:9","ot"
"EST 9:1","ot"
"EST 9:10","ot"
"EST 9:12","ot"
"EST 9:13","ot"
"EST 9:14","ot"
"EST 9:15","ot"
"EST 9:16","ot"
"EST 9:18","ot"
"EST 9:19","ot"
"EST 9:2","ot"
"EST 9:20","ot"
"EST 9:22","ot"
"EST 9:23","ot"
"EST 9:24","ot"
"EST 9:25","ot"
"EST 9:27","ot"
"EST 9:28","ot"
"EST 9:29","ot"
"EST 9:3","ot"
"EST 9:30","ot"
"EST 9:31","ot"
"EST 9:32","ot"
"EST 9:4","ot"
"EST 9:5","ot"
"EST 9:6","ot"
"EST 9:7","ot"
"EST 9:8","ot"
"EST 9:9","ot"
"EXO 1:1","ot"
"EXO 1:12","ot"
"EXO 1:13","ot"
"EXO 1:15","ot"
"EXO 1:2","ot"
"EXO 1:3","ot"
"EXO 1:4","ot"
"EXO 1:5","ot"
"EXO 1:6","ot"
"EXO 1:7","ot"
"EXO 1:8","ot"
"EXO 1:9","ot"
"EXO 10:1","ot"
"EXO 10:12","ot"
"EXO 10:13","ot"
"EXO 10:16","ot"
"EXO 10:20","ot"
"EXO 10:21","ot"
"EXO 10:22","ot"
"EXO 10:23","ot"
"EXO 10:24","ot"
"EXO 10:25","ot"
"EXO 10:29","ot"
"EXO 10:3","ot"
"EXO 10:8","ot"
"EXO 10:9","ot"
"EXO 11:1","ot"
"EXO 11:10","ot"
"EXO 11:3","ot"
"EXO 11:4","ot"
"EXO 11:7","ot"
"EXO 11:9","ot"
"EXO 12:1","ot"
"EXO 12:15","ot"
"EXO 12:19","ot"
"EXO 12:21","ot"
"EXO 12:27","ot"
"EXO 12:28","ot"
"EXO 12:3","ot"
"EXO 12:31","ot"
"EXO 12:35","ot"
"EXO 12:37","ot"
"EXO 12:40","ot"
"EXO 12:42","ot"
"EXO 12:43","ot"
"EXO 12:47","ot"
"EXO 12:50","ot"
"EXO 12:51","ot"
"EXO 12:6","ot"
"EXO 13:1","ot"
"EXO 13:18","ot"
"EXO 13:19","ot"
"EXO 13:2","ot"
"EXO 13:3","ot"
"EXO 13:5","ot"
"EXO 14:1","ot"
"EXO 14:10","ot"
"EXO 14:11","ot"
"EXO 14:13","ot"
"EXO 14:15","ot"
"EXO 14:16","ot"
"EXO 14:19","ot"
"EXO 14:2","ot"
"EXO 14:20","ot"
"EXO 14:21","ot"
"EXO 14:22","ot"
"EXO 14:25","ot"
"EXO 14:26","ot"
"EXO 14:27","ot"
"EXO 14:29","ot"
"EXO 14:3","ot"
"EXO 14:30","ot"
"EXO 14:31","ot"
"EXO 14:5","ot"
"EXO 14:8","ot"
"EXO 15:1","ot"
"EXO 15:19","ot"
"EXO 15:20","ot"
"EXO 15:21","ot"
"EXO 15:22","ot"
"EXO 15:24","ot"
"EXO 16:1","ot"
"EXO 16:10","ot"
"EXO 16:11","ot"
"EXO 16:12","ot"
"EXO 16:15","ot"
"EXO 16:17","ot"
"EXO 16:19","ot"
"EXO 16:2","ot"
"EXO 16:20","ot"
"EXO 16:22","ot"
"EXO 16:24","ot"
"EXO 16:25","ot"
"EXO 16:28","ot"
"EXO 16:3","ot"
"EXO 16:31","ot"
"EXO 16:32","ot"
"EXO 16:33","ot"
"EXO 16:34","ot"
"EXO 16:35","ot"
"EXO 16:4","ot"
"EXO 16:6","ot"
"EXO 16:8","ot"
"EXO 16:9","ot"
"EXO 17:1","ot"
"EXO 17:10","ot"
"EXO 17:11","ot"
"EXO 17:12","ot"
"EXO 17:13","ot"
"EXO 17:14","ot"
"EXO 17:15","ot"
"EXO 17:2","ot"
"EXO 17:3","ot"
"EXO 17:4","ot"
"EXO 17:5","ot"
"EXO 17:6","ot"
"EXO 17:7","ot"
"EXO 17:8","ot"
"EXO 17:9","ot"
"EXO 18:1","ot"
"EXO 18:10","ot"
"EXO 18:12","ot"
"EXO 18:13","ot"
"EXO 18:14","ot"
"EXO 18:15","ot"
"EXO 18:17","ot"
"EXO 18:2","ot"
"EXO 18:24","ot"
"EXO 18:25","ot"
"EXO 18:26","ot"
"EXO 18:27","ot"
"EXO 18:3","ot"
"EXO 18:4","ot"
"EXO 18:5","ot"
"EXO 18:6","ot"
"EXO 18:7","ot"
"EXO 18:8","ot"
"EXO 18:9","ot"
"EXO 19:1","ot"
"EXO 19:10","ot"
"EXO 19:14","ot"
"EXO 19:17","ot"
"EXO 19:19","ot"
"EXO 19:2","ot"
"EXO 19:20","ot"
"EXO 19:21","ot"
"EXO 19:23","ot"
"EXO 19:24","ot"
"EXO 19:25","ot"
"EXO 19:3","ot"
"EXO 19:6","ot"
"EXO 19:7","ot"
"EXO 19:8","ot"
"EXO 19:9","ot"
"EXO 2:1","ot"
"EXO 2:10","ot"
"EXO 2:11","ot"
"EXO 2:14","ot"
"EXO 2:15","ot"
"EXO 2:17","ot"
"EXO 2:18","ot"
"EXO 2:21","ot"
"EXO 2:22","ot"
"EXO 2:23","ot"
"EXO 2:24","ot"
"EXO 2:25","ot"
"EXO 20:19","ot"
"EXO 20:20","ot"
"EXO 20:21","ot"
"EXO 20:22","ot"
"EXO 23:23","ot"
"EXO 23:28","ot"
"EXO 24:1","ot"
"EXO 24:10","ot"
"EXO 24:11","ot"
"EXO 24:12","ot"
"EXO 24:13","ot"
"EXO 24:14","ot"
"EXO 24:15","ot"
"EXO 24:16","ot"
"EXO 24:17","ot"
"EXO 24:18","ot"
"EXO 24:2","ot"
"EXO 24:3","ot"
"EXO 24:4","ot"
"EXO 24:5","ot"
"EXO 24:6","ot"
"EXO 24:8","ot"
"EXO 24:9","ot"
"EXO 25:1","ot"
"EXO 25:2","ot"
"EXO 25:22","ot"
"EXO 27:20","ot"
"EXO 27:21","ot"
"EXO 28:1","ot"
"EXO 28:11","ot"
"EXO 28:12","ot"
"EXO 28:2","ot"
"EXO 28:21","ot"
"EXO 28:29","ot"
"EXO 28:3","ot"
"EXO 28:30","ot"
"EXO 28:35","ot"
"EXO 28:38","ot"
"EXO 28:4","ot"
"EXO 28:40","ot"
"EXO 28:41","ot"
"EXO 28:43","ot"
"EXO 28:9","ot"
"EXO 29:10","ot"
"EXO 29:15","ot"
"EXO 29:19","ot"
"EXO 29:20","ot"
"EXO 29:21","ot"
"EXO 29:24","ot"
"EXO 29:26","ot"
"EXO 29:27","ot"
"EXO 29:28","ot"
"EXO 29:29","ot"
"EXO 29:32","ot"
"EXO 29:35","ot"
"EXO 29:4","ot"
"EXO 29:43","ot"
"EXO 29:44","ot"
"EXO 29:45","ot"
"EXO 29:5","ot"
"EXO 29:9","ot"
"EXO 3:1","ot"
"EXO 3:10","ot"
"EXO 3:11","ot"
"EXO 3:13","ot"
"EXO 3:14","ot"
"EXO 3:15","ot"
"EXO 3:16","ot"
"EXO 3:17","ot"
"EXO 3:18","ot"
"EXO 3:3","ot"
"EXO 3:4","ot"
"EXO 3:6","ot"
"EXO 3:8","ot"
"EXO 3:9","ot"
"EXO 30:10","ot"
"EXO 30:11","ot"
"EXO 30:12","ot"
"EXO 30:16","ot"
"EXO 30:17","ot"
"EXO 30:19","ot"
"EXO 30:22","ot"
"EXO 30:30","ot"
"EXO 30:31","ot"
"EXO 30:34","ot"
"EXO 30:7","ot"
"EXO 30:8","ot"
"EXO 31:1","ot"
"EXO 31:10","ot"
"EXO 31:12","ot"
"EXO 31:13","ot"
"EXO 31:16","ot"
"EXO 31:17","ot"
"EXO 31:18","ot"
"EXO 31:2","ot"
"EXO 31:6","ot"
"EXO 32:1","ot"
"EXO 32:11","ot"
"EXO 32:13","ot"
"EXO 32:15","ot"
"EXO 32:17","ot"
"EXO 32:19","ot"
"EXO 32:2","ot"
"EXO 32:20","ot"
"EXO 32:21","ot"
"EXO 32:22","ot"
"EXO 32:23","ot"
"EXO 32:25","ot"
"EXO 32:26","ot"
"EXO 32:27","ot"
"EXO 32:28","ot"
"EXO 32:29","ot"
"EXO 32:3","ot"
"EXO 32:30","ot"
"EXO 32:31","ot"
"EXO 32:33","ot"
"EXO 32:35","ot"
"EXO 32:4","ot"
"EXO 32:5","ot"
"EXO 32:7","ot"
"EXO 32:8","ot"
"EXO 32:9","ot"
"EXO 33:1","ot"
"EXO 33:11","ot"
"EXO 33:12","ot"
"EXO 33:17","ot"
"EXO 33:2","ot"
"EXO 33:5","ot"
"EXO 33:6","ot"
"EXO 33:7","ot"
"EXO 33:8","ot"
"EXO 33:9","ot"
"EXO 34:1","ot"
"EXO 34:11","ot"
"EXO 34:23","ot"
"EXO 34:27","ot"
"EXO 34:29","ot"
"EXO 34:30","ot"
"EXO 34:31","ot"
"EXO 34:32","ot"
"EXO 34:33","ot"
"EXO 34:34","ot"
"EXO 34:35","ot"
"EXO 34:4","ot"
"EXO 34:8","ot"
"EXO 35:1","ot"
"EXO 35:19","ot"
"EXO 35:20","ot"
"EXO 35:29","ot"
"EXO 35:30","ot"
"EXO 35:34","ot"
"EXO 35:4","ot"
"EXO 36:1","ot"
"EXO 36:2","ot"
"EXO 36:3","ot"
"EXO 36:5","ot"
"EXO 36:6","ot"
"EXO 37:1","ot"
"EXO 38:21","ot"
"EXO 38:22","ot"
"EXO 38:23","ot"
"EXO 39:1","ot"
"EXO 39:14","ot"
"EXO 39:21","ot"
"EXO 39:26","ot"
"EXO 39:27","ot"
"EXO 39:29","ot"
"EXO 39:31","ot"
"EXO 39:32","ot"
"EXO 39:33","ot"
"EXO 39:41","ot"
"EXO 39:42","ot"
"EXO 39:43","ot"
"EXO 39:5","ot"
"EXO 39:6","ot"
"EXO 39:7","ot"
"EXO 4:1","ot"
"EXO 4:10","ot"
"EXO 4:14","ot"
"EXO 4:18","ot"
"EXO 4:19","ot"
"EXO 4:20","ot"
"EXO 4:21","ot"
"EXO 4:22","ot"
"EXO 4:25","ot"
"EXO 4:27","ot"
"EXO 4:28","ot"
"EXO 4:29","ot"
"EXO 4:3","ot"
"EXO 4:30","ot"
"EXO 4:31","ot"
"EXO 4:4","ot"
"EXO 4:5","ot"
"EXO 40:1","ot"
"EXO 40:12","ot"
"EXO 40:13","ot"
"EXO 40:16","ot"
"EXO 40:18","ot"
"EXO 40:19","ot"
"EXO 40:21","ot"
"EXO 40:23","ot"
"EXO 40:25","ot"
"EXO 40:27","ot"
"EXO 40:29","ot"
"EXO 40:31","ot"
"EXO 40:32","ot"
"EXO 40:33","ot"
"EXO 40:35","ot"
"EXO 40:36","ot"
"EXO 40:38","ot"
"EXO 5:1","ot"
"EXO 5:14","ot"
"EXO 5:15","ot"
"EXO 5:19","ot"
"EXO 5:2","ot"
"EXO 5:20","ot"
"EXO 5:22","ot"
"EXO 5:4","ot"
"EXO 6:1","ot"
"EXO 6:10","ot"
"EXO 6:11","ot"
"EXO 6:12","ot"
"EXO 6:13","ot"
"EXO 6:14","ot"
"EXO 6:15","ot"
"EXO 6:16","ot"
"EXO 6:17","ot"
"EXO 6:18","ot"
"EXO 6:19","ot"
"EXO 6:2","ot"
"EXO 6:20","ot"
"EXO 6:21","ot"
"EXO 6:22","ot"
"EXO 6:23","ot"
"EXO 6:24","ot"
"EXO 6:25","ot"
"EXO 6:26","ot"
"EXO 6:27","ot"
"EXO 6:28","ot"
"EXO 6:29","ot"
"EXO 6:3","ot"
"EXO 6:30","ot"
"EXO 6:5","ot"
"EXO 6:6","ot"
"EXO 6:8","ot"
"EXO 6:9","ot"
"EXO 7:1","ot"
"EXO 7:10","ot"
"EXO 7:12","ot"
"EXO 7:14","ot"
"EXO 7:19","ot"
"EXO 7:2","ot"
"EXO 7:20","ot"
"EXO 7:4","ot"
"EXO 7:5","ot"
"EXO 7:6","ot"
"EXO 7:7","ot"
"EXO 7:8","ot"
"EXO 7:9","ot"
"EXO 8:1","ot"
"EXO 8:12","ot"
"EXO 8:13","ot"
"EXO 8:16","ot"
"EXO 8:17","ot"
"EXO 8:20","ot"
"EXO 8:25","ot"
"EXO 8:26","ot"
"EXO 8:29","ot"
"EXO 8:30","ot"
"EXO 8:31","ot"
"EXO 8:5","ot"
"EXO 8:6","ot"
"EXO 8:8","ot"
"EXO 8:9","ot"
"EXO 9:1","ot"
"EXO 9:10","ot"
"EXO 9:11","ot"
"EXO 9:12","ot"
"EXO 9:13","ot"
"EXO 9:22","ot"
"EXO 9:23","ot"
"EXO 9:26","ot"
"EXO 9:27","ot"
"EXO 9:29","ot"
"EXO 9:33","ot"
"EXO 9:35","ot"
"EXO 9:4","ot"
"EXO 9:6","ot"
"EXO 9:7","ot"
"EXO 9:8","ot"
"EZE 1:2","ot"
"EZE 1:3","ot"
"EZE 10:19","ot"
"EZE 10:20","ot"
"EZE 11:1","ot"
"EZE 11:10","ot"
"EZE 11:11","ot"
"EZE 11:13","ot"
"EZE 11:15","ot"
"EZE 11:17","ot"
"EZE 11:22","ot"
"EZE 11:5","ot"
"EZE 12:10","ot"
"EZE 12:19","ot"
"EZE 12:22","ot"
"EZE 12:23","ot"
"EZE 12:24","ot"
"EZE 12:27","ot"
"EZE 12:6","ot"
"EZE 12:9","ot"
"EZE 13:16","ot"
"EZE 13:2","ot"
"EZE 13:4","ot"
"EZE 13:5","ot"
"EZE 13:9","ot"
"EZE 14:1","ot"
"EZE 14:11","ot"
"EZE 14:14","ot"
"EZE 14:20","ot"
"EZE 14:4","ot"
"EZE 14:5","ot"
"EZE 14:6","ot"
"EZE 14:7","ot"
"EZE 14:9","ot"
"EZE 16:3","ot"
"EZE 16:45","ot"
"EZE 17:17","ot"
"EZE 17:2","ot"
"EZE 17:23","ot"
"EZE 18:15","ot"
"EZE 18:2","ot"
"EZE 18:25","ot"
"EZE 18:29","ot"
"EZE 18:3","ot"
"EZE 18:30","ot"
"EZE 18:31","ot"
"EZE 18:6","ot"
"EZE 19:1","ot"
"EZE 19:9","ot"
"EZE 2:3","ot"
"EZE 20:1","ot"
"EZE 20:13","ot"
"EZE 20:27","ot"
"EZE 20:3","ot"
"EZE 20:30","ot"
"EZE 20:31","ot"
"EZE 20:38","ot"
"EZE 20:39","ot"
"EZE 20:40","ot"
"EZE 20:42","ot"
"EZE 20:44","ot"
"EZE 20:5","ot"
"EZE 21:12","ot"
"EZE 21:2","ot"
"EZE 21:20","ot"
"EZE 21:25","ot"
"EZE 21:3","ot"
"EZE 22:18","ot"
"EZE 22:6","ot"
"EZE 23:42","ot"
"EZE 24:21","ot"
"EZE 24:24","ot"
"EZE 25:12","ot"
"EZE 25:14","ot"
"EZE 25:3","ot"
"EZE 25:6","ot"
"EZE 25:8","ot"
"EZE 26:7","ot"
"EZE 27:10","ot"
"EZE 27:17","ot"
"EZE 27:21","ot"
"EZE 27:6","ot"
"EZE 28:24","ot"
"EZE 28:25","ot"
"EZE 28:3","ot"
"EZE 29:16","ot"
"EZE 29:18","ot"
"EZE 29:19","ot"
"EZE 29:2","ot"
"EZE 29:21","ot"
"EZE 29:3","ot"
"EZE 29:6","ot"
"EZE 3:1","ot"
"EZE 3:17","ot"
"EZE 3:4","ot"
"EZE 3:5","ot"
"EZE 3:7","ot"
"EZE 30:10","ot"
"EZE 30:21","ot"
"EZE 30:22","ot"
"EZE 30:24","ot"
"EZE 30:25","ot"
"EZE 30:5","ot"
"EZE 31:18","ot"
"EZE 31:2","ot"
"EZE 32:2","ot"
"EZE 32:31","ot"
"EZE 32:32","ot"
"EZE 33:10","ot"
"EZE 33:11","ot"
"EZE 33:20","ot"
"EZE 33:24","ot"
"EZE 33:28","ot"
"EZE 33:7","ot"
"EZE 34:13","ot"
"EZE 34:14","ot"
"EZE 34:2","ot"
"EZE 34:23","ot"
"EZE 34:24","ot"
"EZE 34:30","ot"
"EZE 35:12","ot"
"EZE 35:15","ot"
"EZE 35:5","ot"
"EZE 36:1","ot"
"EZE 36:10","ot"
"EZE 36:12","ot"
"EZE 36:17","ot"
"EZE 36:21","ot"
"EZE 36:22","ot"
"EZE 36:32","ot"
"EZE 36:37","ot"
"EZE 36:4","ot"
"EZE 36:6","ot"
"EZE 36:8","ot"
"EZE 37:11","ot"
"EZE 37:12","ot"
"EZE 37:16","ot"
"EZE 37:19","ot"
"EZE 37:21","ot"
"EZE 37:22","ot"
"EZE 37:24","ot"
"EZE 37:25","ot"
"EZE 37:28","ot"
"EZE 38:14","ot"
"EZE 38:16","ot"
"EZE 38:17","ot"
"EZE 38:18","ot"
"EZE 38:19","ot"
"EZE 38:6","ot"
"EZE 38:8","ot"
"EZE 39:11","ot"
"EZE 39:12","ot"
"EZE 39:17","ot"
"EZE 39:2","ot"
"EZE 39:22","ot"
"EZE 39:23","ot"
"EZE 39:25","ot"
"EZE 39:29","ot"
"EZE 39:4","ot"
"EZE 39:7","ot"
"EZE 39:9","ot"
"EZE 4:13","ot"
"EZE 4:3","ot"
"EZE 4:4","ot"
"EZE 4:5","ot"
"EZE 4:6","ot"
"EZE 40:2","ot"
"EZE 40:4","ot"
"EZE 40:46","ot"
"EZE 43:10","ot"
"EZE 43:19","ot"
"EZE 43:2","ot"
"EZE 43:7","ot"
"EZE 44:10","ot"
"EZE 44:12","ot"
"EZE 44:15","ot"
"EZE 44:2","ot"
"EZE 44:22","ot"
"EZE 44:28","ot"
"EZE 44:29","ot"
"EZE 44:6","ot"
"EZE 44:9","ot"
"EZE 45:15","ot"
"EZE 45:16","ot"
"EZE 45:17","ot"
"EZE 45:5","ot"
"EZE 45:6","ot"
"EZE 45:8","ot"
"EZE 45:9","ot"
"EZE 47:13","ot"
"EZE 47:18","ot"
"EZE 47:21","ot"
"EZE 47:22","ot"
"EZE 48:11","ot"
"EZE 48:12","ot"
"EZE 48:13","ot"
"EZE 48:19","ot"
"EZE 48:2","ot"
"EZE 48:22","ot"
"EZE 48:23","ot"
"EZE 48:24","ot"
"EZE 48:25","ot"
"EZE 48:26","ot"
"EZE 48:27","ot"
"EZE 48:28","ot"
"EZE 48:29","ot"
"EZE 48:3","ot"
"EZE 48:31","ot"
"EZE 48:32","ot"
"EZE 48:33","ot"
"EZE 48:34","ot"
"EZE 48:4","ot"
"EZE 48:5","ot"
"EZE 48:6","ot"
"EZE 48:7","ot"
"EZE 48:8","ot"
"EZE 5:4","ot"
"EZE 6:11","ot"
"EZE 6:2","ot"
"EZE 6:3","ot"
"EZE 6:5","ot"
"EZE 7:2","ot"
"EZE 8:1","ot"
"EZE 8:10","ot"
"EZE 8:11","ot"
"EZE 8:12","ot"
"EZE 8:17","ot"
"EZE 8:4","ot"
"EZE 8:6","ot"
"EZE 9:3","ot"
"EZE 9:8","ot"
"EZE 9:9","ot"
"EZR 1:1","ot"
"EZR 1:11","ot"
"EZR 1:2","ot"
"EZR 1:3","ot"
"EZR 1:5","ot"
"EZR 1:7","ot"
"EZR 1:8","ot"
"EZR 10:1","ot"
"EZR 10:10","ot"
"EZR 10:15","ot"
"EZR 10:16","ot"
"EZR 10:18","ot"
"EZR 10:2","ot"
"EZR 10:20","ot"
"EZR 10:21","ot"
"EZR 10:22","ot"
"EZR 10:23","ot"
"EZR 10:24","ot"
"EZR 10:25","ot"
"EZR 10:26","ot"
"EZR 10:27","ot"
"EZR 10:28","ot"
"EZR 10:29","ot"
"EZR 10:30","ot"
"EZR 10:31","ot"
"EZR 10:32","ot"
"EZR 10:33","ot"
"EZR 10:34","ot"
"EZR 10:35","ot"
"EZR 10:36","ot"
"EZR 10:37","ot"
"EZR 10:38","ot"
"EZR 10:39","ot"
"EZR 10:40","ot"
"EZR 10:41","ot"
"EZR 10:42","ot"
"EZR 10:43","ot"
"EZR 10:5","ot"
"EZR 10:6","ot"
"EZR 10:7","ot"
"EZR 10:9","ot"
"EZR 2:1","ot"
"EZR 2:10","ot"
"EZR 2:11","ot"
"EZR 2:12","ot"
"EZR 2:13","ot"
"EZR 2:14","ot"
"EZR 2:15","ot"
"EZR 2:16","ot"
"EZR 2:17","ot"
"EZR 2:18","ot"
"EZR 2:19","ot"
"EZR 2:2","ot"
"EZR 2:3","ot"
"EZR 2:31","ot"
"EZR 2:32","ot"
"EZR 2:36","ot"
"EZR 2:37","ot"
"EZR 2:38","ot"
"EZR 2:39","ot"
"EZR 2:4","ot"
"EZR 2:40","ot"
"EZR 2:41","ot"
"EZR 2:42","ot"
"EZR 2:43","ot"
"EZR 2:44","ot"
"EZR 2:45","ot"
"EZR 2:46","ot"
"EZR 2:47","ot"
"EZR 2:48","ot"
"EZR 2:49","ot"
"EZR 2:5","ot"
"EZR 2:50","ot"
"EZR 2:51","ot"
"EZR 2:52","ot"
"EZR 2:53","ot"
"EZR 2:54","ot"
"EZR 2:55","ot"
"EZR 2:56","ot"
"EZR 2:57","ot"
"EZR 2:58","ot"
"EZR 2:59","ot"
"EZR 2:6","ot"
"EZR 2:60","ot"
"EZR 2:61","ot"
"EZR 2:7","ot"
"EZR 2:70","ot"
"EZR 2:8","ot"
"EZR 2:9","ot"
"EZR 3:1","ot"
"EZR 3:10","ot"
"EZR 3:11","ot"
"EZR 3:12","ot"
"EZR 3:2","ot"
"EZR 3:7","ot"
"EZR 3:8","ot"
"EZR 3:9","ot"
"EZR 4:1","ot"
"EZR 4:10","ot"
"EZR 4:11","ot"
"EZR 4:12","ot"
"EZR 4:17","ot"
"EZR 4:2","ot"
"EZR 4:23","ot"
"EZR 4:24","ot"
"EZR 4:3","ot"
"EZR 4:4","ot"
"EZR 4:5","ot"
"EZR 4:6","ot"
"EZR 4:7","ot"
"EZR 4:8","ot"
"EZR 4:9","ot"
"EZR 5:1","ot"
"EZR 5:11","ot"
"EZR 5:12","ot"
"EZR 5:13","ot"
"EZR 5:14","ot"
"EZR 5:16","ot"
"EZR 5:17","ot"
"EZR 5:2","ot"
"EZR 5:3","ot"
"EZR 5:5","ot"
"EZR 5:6","ot"
"EZR 5:7","ot"
"EZR 6:1","ot"
"EZR 6:12","ot"
"EZR 6:13","ot"
"EZR 6:14","ot"
"EZR 6:15","ot"
"EZR 6:16","ot"
"EZR 6:17","ot"
"EZR 6:18","ot"
"EZR 6:20","ot"
"EZR 6:21","ot"
"EZR 6:22","ot"
"EZR 6:3","ot"
"EZR 6:5","ot"
"EZR 6:6","ot"
"EZR 6:7","ot"
"EZR 6:8","ot"
"EZR 7:1","ot"
"EZR 7:10","ot"
"EZR 7:11","ot"
"EZR 7:12","ot"
"EZR 7:13","ot"
"EZR 7:15","ot"
"EZR 7:2","ot"
"EZR 7:21","ot"
"EZR 7:24","ot"
"EZR 7:25","ot"
"EZR 7:28","ot"
"EZR 7:3","ot"
"EZR 7:4","ot"
"EZR 7:5","ot"
"EZR 7:6","ot"
"EZR 7:7","ot"
"EZR 8:1","ot"
"EZR 8:10","ot"
"EZR 8:11","ot"
"EZR 8:12","ot"
"EZR 8:13","ot"
"EZR 8:14","ot"
"EZR 8:15","ot"
"EZR 8:16","ot"
"EZR 8:17","ot"
"EZR 8:18","ot"
"EZR 8:19","ot"
"EZR 8:2","ot"
"EZR 8:20","ot"
"EZR 8:24","ot"
"EZR 8:25","ot"
"EZR 8:29","ot"
"EZR 8:3","ot"
"EZR 8:30","ot"
"EZR 8:33","ot"
"EZR 8:35","ot"
"EZR 8:4","ot"
"EZR 8:5","ot"
"EZR 8:6","ot"
"EZR 8:7","ot"
"EZR 8:8","ot"
"EZR 8:9","ot"
"EZR 9:1","ot"
"EZR 9:15","ot"
"EZR 9:4","ot"
"GAL 1:1","nt"
"GAL 1:10","nt"
"GAL 1:12","nt"
"GAL 1:18","nt"
"GAL 1:19","nt"
"GAL 1:22","nt"
"GAL 1:3","nt"
"GAL 1:6","nt"
"GAL 1:7","nt"
"GAL 2:1","nt"
"GAL 2:11","nt"
"GAL 2:12","nt"
"GAL 2:13","nt"
"GAL 2:14","nt"
"GAL 2:16","nt"
"GAL 2:17","nt"
"GAL 2:20","nt"
"GAL 2:21","nt"
"GAL 2:3","nt"
"GAL 2:4","nt"
"GAL 2:7","nt"
"GAL 2:8","nt"
"GAL 2:9","nt"
"GAL 3:1","nt"
"GAL 3:13","nt"
"GAL 3:14","nt"
"GAL 3:16","nt"
"GAL 3:18","nt"
"GAL 3:22","nt"
"GAL 3:24","nt"
"GAL 3:26","nt"
"GAL 3:27","nt"
"GAL 3:28","nt"
"GAL 3:29","nt"
"GAL 3:6","nt"
"GAL 3:7","nt"
"GAL 3:8","nt"
"GAL 3:9","nt"
"GAL 4:14","nt"
"GAL 4:19","nt"
"GAL 4:22","nt"
"GAL 4:24","nt"
"GAL 4:25","nt"
"GAL 4:28","nt"
"GAL 5:1","nt"
"GAL 5:2","nt"
"GAL 5:24","nt"
"GAL 5:4","nt"
"GAL 5:6","nt"
"GAL 6:12","nt"
"GAL 6:14","nt"
"GAL 6:17","nt"
"GAL 6:18","nt"
"GAL 6:2","nt"
"GEN 10:1","ot"
"GEN 10:13","ot"
"GEN 10:15","ot"
"GEN 10:2","ot"
"GEN 10:20","ot"
"GEN 10:21","ot"
"GEN 10:22","ot"
"GEN 10:23","ot"
"GEN 10:24","ot"
"GEN 10:25","ot"
"GEN 10:26","ot"
"GEN 10:27","ot"
"GEN 10:28","ot"
"GEN 10:29","ot"
"GEN 10:3","ot"
"GEN 10:31","ot"
"GEN 10:32","ot"
"GEN 10:4","ot"
"GEN 10:6","ot"
"GEN 10:7","ot"
"GEN 10:8","ot"
"GEN 10:9","ot"
"GEN 11:10","ot"
"GEN 11:11","ot"
"GEN 11:12","ot"
"GEN 11:13","ot"
"GEN 11:14","ot"
"GEN 11:15","ot"
"GEN 11:16","ot"
"GEN 11:17","ot"
"GEN 11:18","ot"
"GEN 11:19","ot"
"GEN 11:20","ot"
"GEN 11:21","ot"
"GEN 11:22","ot"
"GEN 11:23","ot"
"GEN 11:24","ot"
"GEN 11:25","ot"
"GEN 11:26","ot"
"GEN 11:27","ot"
"GEN 11:28","ot"
"GEN 11:29","ot"
"GEN 11:30","ot"
"GEN 11:31","ot"
"GEN 11:32","ot"
"GEN 12:1","ot"
"GEN 12:10","ot"
"GEN 12:11","ot"
"GEN 12:14","ot"
"GEN 12:16","ot"
"GEN 12:17","ot"
"GEN 12:18","ot"
"GEN 12:4","ot"
"GEN 12:5","ot"
"GEN 12:6","ot"
"GEN 12:7","ot"
"GEN 12:9","ot"
"GEN 13:1","ot"
"GEN 13:10","ot"
"GEN 13:11","ot"
"GEN 13:12","ot"
"GEN 13:14","ot"
"GEN 13:18","ot"
"GEN 13:2","ot"
"GEN 13:4","ot"
"GEN 13:5","ot"
"GEN 13:7","ot"
"GEN 13:8","ot"
"GEN 14:1","ot"
"GEN 14:12","ot"
"GEN 14:13","ot"
"GEN 14:14","ot"
"GEN 14:16","ot"
"GEN 14:17","ot"
"GEN 14:18","ot"
"GEN 14:19","ot"
"GEN 14:2","ot"
"GEN 14:21","ot"
"GEN 14:22","ot"
"GEN 14:23","ot"
"GEN 14:24","ot"
"GEN 14:4","ot"
"GEN 14:5","ot"
"GEN 14:6","ot"
"GEN 14:9","ot"
"GEN 15:1","ot"
"GEN 15:11","ot"
"GEN 15:12","ot"
"GEN 15:13","ot"
"GEN 15:18","ot"
"GEN 15:2","ot"
"GEN 15:20","ot"
"GEN 15:3","ot"
"GEN 16:1","ot"
"GEN 16:11","ot"
"GEN 16:15","ot"
"GEN 16:16","ot"
"GEN 16:2","ot"
"GEN 16:3","ot"
"GEN 16:4","ot"
"GEN 16:5","ot"
"GEN 16:6","ot"
"GEN 16:8","ot"
"GEN 17:1","ot"
"GEN 17:15","ot"
"GEN 17:17","ot"
"GEN 17:18","ot"
"GEN 17:19","ot"
"GEN 17:20","ot"
"GEN 17:21","ot"
"GEN 17:22","ot"
"GEN 17:23","ot"
"GEN 17:24","ot"
"GEN 17:25","ot"
"GEN 17:26","ot"
"GEN 17:3","ot"
"GEN 17:5","ot"
"GEN 17:9","ot"
"GEN 18:10","ot"
"GEN 18:11","ot"
"GEN 18:12","ot"
"GEN 18:13","ot"
"GEN 18:14","ot"
"GEN 18:15","ot"
"GEN 18:16","ot"
"GEN 18:17","ot"
"GEN 18:18","ot"
"GEN 18:19","ot"
"GEN 18:22","ot"
"GEN 18:23","ot"
"GEN 18:27","ot"
"GEN 18:33","ot"
"GEN 18:6","ot"
"GEN 18:7","ot"
"GEN 18:9","ot"
"GEN 19:1","ot"
"GEN 19:10","ot"
"GEN 19:12","ot"
"GEN 19:14","ot"
"GEN 19:15","ot"
"GEN 19:18","ot"
"GEN 19:23","ot"
"GEN 19:27","ot"
"GEN 19:29","ot"
"GEN 19:30","ot"
"GEN 19:36","ot"
"GEN 19:37","ot"
"GEN 19:38","ot"
"GEN 19:5","ot"
"GEN 19:6","ot"
"GEN 19:9","ot"
"GEN 2:19","ot"
"GEN 2:20","ot"
"GEN 2:21","ot"
"GEN 2:23","ot"
"GEN 20:1","ot"
"GEN 20:10","ot"
"GEN 20:11","ot"
"GEN 20:14","ot"
"GEN 20:15","ot"
"GEN 20:16","ot"
"GEN 20:17","ot"
"GEN 20:18","ot"
"GEN 20:2","ot"
"GEN 20:3","ot"
"GEN 20:4","ot"
"GEN 20:8","ot"
"GEN 20:9","ot"
"GEN 21:1","ot"
"GEN 21:10","ot"
"GEN 21:11","ot"
"GEN 21:12","ot"
"GEN 21:14","ot"
"GEN 21:17","ot"
"GEN 21:2","ot"
"GEN 21:22","ot"
"GEN 21:24","ot"
"GEN 21:25","ot"
"GEN 21:26","ot"
"GEN 21:27","ot"
"GEN 21:28","ot"
"GEN 21:29","ot"
"GEN 21:3","ot"
"GEN 21:32","ot"
"GEN 21:34","ot"
"GEN 21:4","ot"
"GEN 21:5","ot"
"GEN 21:6","ot"
"GEN 21:7","ot"
"GEN 21:8","ot"
"GEN 21:9","ot"
"GEN 22:1","ot"
"GEN 22:10","ot"
"GEN 22:11","ot"
"GEN 22:13","ot"
"GEN 22:14","ot"
"GEN 22:15","ot"
"GEN 22:19","ot"
"GEN 22:2","ot"
"GEN 22:20","ot"
"GEN 22:21","ot"
"GEN 22:22","ot"
"GEN 22:23","ot"
"GEN 22:24","ot"
"GEN 22:3","ot"
"GEN 22:4","ot"
"GEN 22:5","ot"
"GEN 22:6","ot"
"GEN 22:7","ot"
"GEN 22:8","ot"
"GEN 22:9","ot"
"GEN 23:1","ot"
"GEN 23:10","ot"
"GEN 23:12","ot"
"GEN 23:13","ot"
"GEN 23:14","ot"
"GEN 23:16","ot"
"GEN 23:17","ot"
"GEN 23:18","ot"
"GEN 23:19","ot"
"GEN 23:2","ot"
"GEN 23:20","ot"
"GEN 23:3","ot"
"GEN 23:5","ot"
"GEN 23:7","ot"
"GEN 23:8","ot"
"GEN 24:1","ot"
"GEN 24:10","ot"
"GEN 24:12","ot"
"GEN 24:14","ot"
"GEN 24:15","ot"
"GEN 24:2","ot"
"GEN 24:24","ot"
"GEN 24:27","ot"
"GEN 24:29","ot"
"GEN 24:30","ot"
"GEN 24:34","ot"
"GEN 24:36","ot"
"GEN 24:4","ot"
"GEN 24:42","ot"
"GEN 24:45","ot"
"GEN 24:47","ot"
"GEN 24:48","ot"
"GEN 24:50","ot"
"GEN 24:51","ot"
"GEN 24:52","ot"
"GEN 24:53","ot"
"GEN 24:58","ot"
"GEN 24:59","ot"
"GEN 24:6","ot"
"GEN 24:60","ot"
"GEN 24:61","ot"
"GEN 24:62","ot"
"GEN 24:63","ot"
"GEN 24:64","ot"
"GEN 24:66","ot"
"GEN 24:67","ot"
"GEN 24:9","ot"
"GEN 25:1","ot"
"GEN 25:10","ot"
"GEN 25:11","ot"
"GEN 25:12","ot"
"GEN 25:13","ot"
"GEN 25:14","ot"
"GEN 25:15","ot"
"GEN 25:16","ot"
"GEN 25:17","ot"
"GEN 25:19","ot"
"GEN 25:2","ot"
"GEN 25:20","ot"
"GEN 25:21","ot"
"GEN 25:25","ot"
"GEN 25:26","ot"
"GEN 25:27","ot"
"GEN 25:28","ot"
"GEN 25:29","ot"
"GEN 25:3","ot"
"GEN 25:30","ot"
"GEN 25:31","ot"
"GEN 25:32","ot"
"GEN 25:33","ot"
"GEN 25:34","ot"
"GEN 25:4","ot"
"GEN 25:5","ot"
"GEN 25:6","ot"
"GEN 25:7","ot"
"GEN 25:8","ot"
"GEN 25:9","ot"
"GEN 26:1","ot"
"GEN 26:10","ot"
"GEN 26:11","ot"
"GEN 26:12","ot"
"GEN 26:15","ot"
"GEN 26:16","ot"
"GEN 26:17","ot"
"GEN 26:18","ot"
"GEN 26:19","ot"
"GEN 26:20","ot"
"GEN 26:24","ot"
"GEN 26:25","ot"
"GEN 26:26","ot"
"GEN 26:27","ot"
"GEN 26:3","ot"
"GEN 26:31","ot"
"GEN 26:32","ot"
"GEN 26:34","ot"
"GEN 26:35","ot"
"GEN 26:5","ot"
"GEN 26:6","ot"
"GEN 26:7","ot"
"GEN 26:8","ot"
"GEN 26:9","ot"
"GEN 27:1","ot"
"GEN 27:11","ot"
"GEN 27:15","ot"
"GEN 27:17","ot"
"GEN 27:19","ot"
"GEN 27:20","ot"
"GEN 27:21","ot"
"GEN 27:22","ot"
"GEN 27:23","ot"
"GEN 27:24","ot"
"GEN 27:26","ot"
"GEN 27:30","ot"
"GEN 27:32","ot"
"GEN 27:33","ot"
"GEN 27:34","ot"
"GEN 27:36","ot"
"GEN 27:37","ot"
"GEN 27:38","ot"
"GEN 27:39","ot"
"GEN 27:41","ot"
"GEN 27:42","ot"
"GEN 27:43","ot"
"GEN 27:46","ot"
"GEN 27:5","ot"
"GEN 27:6","ot"
"GEN 28:1","ot"
"GEN 28:10","ot"
"GEN 28:13","ot"
"GEN 28:16","ot"
"GEN 28:18","ot"
"GEN 28:2","ot"
"GEN 28:20","ot"
"GEN 28:4","ot"
"GEN 28:5","ot"
"GEN 28:6","ot"
"GEN 28:7","ot"
"GEN 28:8","ot"
"GEN 28:9","ot"
"GEN 29:1","ot"
"GEN 29:10","ot"
"GEN 29:11","ot"
"GEN 29:12","ot"
"GEN 29:13","ot"
"GEN 29:14","ot"
"GEN 29:15","ot"
"GEN 29:16","ot"
"GEN 29:17","ot"
"GEN 29:18","ot"
"GEN 29:19","ot"
"GEN 29:20","ot"
"GEN 29:21","ot"
"GEN 29:22","ot"
"GEN 29:23","ot"
"GEN 29:24","ot"
"GEN 29:25","ot"
"GEN 29:26","ot"
"GEN 29:28","ot"
"GEN 29:29","ot"
"GEN 29:30","ot"
"GEN 29:31","ot"
"GEN 29:32","ot"
"GEN 29:33","ot"
"GEN 29:34","ot"
"GEN 29:35","ot"
"GEN 29:4","ot"
"GEN 29:5","ot"
"GEN 29:6","ot"
"GEN 29:9","ot"
"GEN 3:17","ot"
"GEN 3:20","ot"
"GEN 3:21","ot"
"GEN 3:8","ot"
"GEN 3:9","ot"
"GEN 30:1","ot"
"GEN 30:10","ot"
"GEN 30:11","ot"
"GEN 30:12","ot"
"GEN 30:13","ot"
"GEN 30:14","ot"
"GEN 30:15","ot"
"GEN 30:16","ot"
"GEN 30:17","ot"
"GEN 30:18","ot"
"GEN 30:19","ot"
"GEN 30:2","ot"
"GEN 30:20","ot"
"GEN 30:21","ot"
"GEN 30:22","ot"
"GEN 30:24","ot"
"GEN 30:25","ot"
"GEN 30:27","ot"
"GEN 30:3","ot"
"GEN 30:31","ot"
"GEN 30:34","ot"
"GEN 30:36","ot"
"GEN 30:37","ot"
"GEN 30:4","ot"
"GEN 30:40","ot"
"GEN 30:41","ot"
"GEN 30:42","ot"
"GEN 30:5","ot"
"GEN 30:6","ot"
"GEN 30:7","ot"
"GEN 30:8","ot"
"GEN 30:9","ot"
"GEN 31:1","ot"
"GEN 31:11","ot"
"GEN 31:12","ot"
"GEN 31:14","ot"
"GEN 31:17","ot"
"GEN 31:18","ot"
"GEN 31:19","ot"
"GEN 31:2","ot"
"GEN 31:20","ot"
"GEN 31:22","ot"
"GEN 31:24","ot"
"GEN 31:25","ot"
"GEN 31:26","ot"
"GEN 31:29","ot"
"GEN 31:3","ot"
"GEN 31:31","ot"
"GEN 31:32","ot"
"GEN 31:33","ot"
"GEN 31:34","ot"
"GEN 31:36","ot"
"GEN 31:4","ot"
"GEN 31:42","ot"
"GEN 31:43","ot"
"GEN 31:45","ot"
"GEN 31:46","ot"
"GEN 31:47","ot"
"GEN 31:48","ot"
"GEN 31:51","ot"
"GEN 31:53","ot"
"GEN 31:54","ot"
"GEN 31:55","ot"
"GEN 32:1","ot"
"GEN 32:11","ot"
"GEN 32:13","ot"
"GEN 32:17","ot"
"GEN 32:18","ot"
"GEN 32:19","ot"
"GEN 32:2","ot"
"GEN 32:20","ot"
"GEN 32:24","ot"
"GEN 32:25","ot"
"GEN 32:27","ot"
"GEN 32:28","ot"
"GEN 32:29","ot"
"GEN 32:3","ot"
"GEN 32:30","ot"
"GEN 32:32","ot"
"GEN 32:4","ot"
"GEN 32:6","ot"
"GEN 32:7","ot"
"GEN 32:8","ot"
"GEN 32:9","ot"
"GEN 33:1","ot"
"GEN 33:10","ot"
"GEN 33:15","ot"
"GEN 33:16","ot"
"GEN 33:17","ot"
"GEN 33:18","ot"
"GEN 33:19","ot"
"GEN 33:2","ot"
"GEN 33:4","ot"
"GEN 33:7","ot"
"GEN 33:9","ot"
"GEN 34:1","ot"
"GEN 34:11","ot"
"GEN 34:13","ot"
"GEN 34:18","ot"
"GEN 34:19","ot"
"GEN 34:2","ot"
"GEN 34:20","ot"
"GEN 34:24","ot"
"GEN 34:25","ot"
"GEN 34:26","ot"
"GEN 34:27","ot"
"GEN 34:3","ot"
"GEN 34:30","ot"
"GEN 34:4","ot"
"GEN 34:5","ot"
"GEN 34:6","ot"
"GEN 34:7","ot"
"GEN 34:8","ot"
"GEN 35:1","ot"
"GEN 35:10","ot"
"GEN 35:12","ot"
"GEN 35:14","ot"
"GEN 35:15","ot"
"GEN 35:16","ot"
"GEN 35:18","ot"
"GEN 35:19","ot"
"GEN 35:2","ot"
"GEN 35:20","ot"
"GEN 35:21","ot"
"GEN 35:22","ot"
"GEN 35:23","ot"
"GEN 35:24","ot"
"GEN 35:25","ot"
"GEN 35:26","ot"
"GEN 35:27","ot"
"GEN 35:28","ot"
"GEN 35:29","ot"
"GEN 35:4","ot"
"GEN 35:5","ot"
"GEN 35:6","ot"
"GEN 35:8","ot"
"GEN 35:9","ot"
"GEN 36:1","ot"
"GEN 36:10","ot"
"GEN 36:11","ot"
"GEN 36:12","ot"
"GEN 36:13","ot"
"GEN 36:14","ot"
"GEN 36:15","ot"
"GEN 36:16","ot"
"GEN 36:17","ot"
"GEN 36:18","ot"
"GEN 36:19","ot"
"GEN 36:2","ot"
"GEN 36:20","ot"
"GEN 36:21","ot"
"GEN 36:22","ot"
"GEN 36:23","ot"
"GEN 36:24","ot"
"GEN 36:25","ot"
"GEN 36:26","ot"
"GEN 36:27","ot"
"GEN 36:28","ot"
"GEN 36:29","ot"
"GEN 36:3","ot"
"GEN 36:30","ot"
"GEN 36:31","ot"
"GEN 36:32","ot"
"GEN 36:33","ot"
"GEN 36:34","ot"
"GEN 36:35","ot"
"GEN 36:36","ot"
"GEN 36:37","ot"
"GEN 36:38","ot"
"GEN 36:39","ot"
"GEN 36:4","ot"
"GEN 36:40","ot"
"GEN 36:41","ot"
"GEN 36:42","ot"
"GEN 36:43","ot"
"GEN 36:5","ot"
"GEN 36:6","ot"
"GEN 36:8","ot"
"GEN 36:9","ot"
"GEN 37:1","ot"
"GEN 37:13","ot"
"GEN 37:17","ot"
"GEN 37:2","ot"
"GEN 37:21","ot"
"GEN 37:22","ot"
"GEN 37:23","ot"
"GEN 37:25","ot"
"GEN 37:26","ot"
"GEN 37:27","ot"
"GEN 37:28","ot"
"GEN 37:29","ot"
"GEN 37:3","ot"
"GEN 37:31","ot"
"GEN 37:33","ot"
"GEN 37:34","ot"
"GEN 37:36","ot"
"GEN 37:5","ot"
"GEN 38:1","ot"
"GEN 38:11","ot"
"GEN 38:12","ot"
"GEN 38:13","ot"
"GEN 38:14","ot"
"GEN 38:15","ot"
"GEN 38:2","ot"
"GEN 38:20","ot"
"GEN 38:22","ot"
"GEN 38:23","ot"
"GEN 38:24","ot"
"GEN 38:26","ot"
"GEN 38:29","ot"
"GEN 38:3","ot"
"GEN 38:30","ot"
"GEN 38:4","ot"
"GEN 38:5","ot"
"GEN 38:6","ot"
"GEN 38:7","ot"
"GEN 38:8","ot"
"GEN 38:9","ot"
"GEN 39:1","ot"
"GEN 39:10","ot"
"GEN 39:2","ot"
"GEN 39:20","ot"
"GEN 39:21","ot"
"GEN 39:22","ot"
"GEN 39:4","ot"
"GEN 39:5","ot"
"GEN 39:6","ot"
"GEN 39:7","ot"
"GEN 4:1","ot"
"GEN 4:13","ot"
"GEN 4:15","ot"
"GEN 4:16","ot"
"GEN 4:17","ot"
"GEN 4:18","ot"
"GEN 4:19","ot"
"GEN 4:2","ot"
"GEN 4:20","ot"
"GEN 4:21","ot"
"GEN 4:22","ot"
"GEN 4:23","ot"
"GEN 4:24","ot"
"GEN 4:25","ot"
"GEN 4:26","ot"
"GEN 4:3","ot"
"GEN 4:4","ot"
"GEN 4:5","ot"
"GEN 4:6","ot"
"GEN 4:8","ot"
"GEN 4:9","ot"
"GEN 40:12","ot"
"GEN 40:16","ot"
"GEN 40:18","ot"
"GEN 40:22","ot"
"GEN 40:23","ot"
"GEN 40:3","ot"
"GEN 40:4","ot"
"GEN 40:6","ot"
"GEN 40:8","ot"
"GEN 40:9","ot"
"GEN 41:14","ot"
"GEN 41:15","ot"
"GEN 41:16","ot"
"GEN 41:17","ot"
"GEN 41:25","ot"
"GEN 41:39","ot"
"GEN 41:41","ot"
"GEN 41:42","ot"
"GEN 41:44","ot"
"GEN 41:45","ot"
"GEN 41:46","ot"
"GEN 41:49","ot"
"GEN 41:50","ot"
"GEN 41:51","ot"
"GEN 41:52","ot"
"GEN 41:54","ot"
"GEN 41:55","ot"
"GEN 41:56","ot"
"GEN 41:57","ot"
"GEN 42:1","ot"
"GEN 42:14","ot"
"GEN 42:18","ot"
"GEN 42:22","ot"
"GEN 42:23","ot"
"GEN 42:24","ot"
"GEN 42:25","ot"
"GEN 42:29","ot"
"GEN 42:3","ot"
"GEN 42:36","ot"
"GEN 42:37","ot"
"GEN 42:4","ot"
"GEN 42:5","ot"
"GEN 42:6","ot"
"GEN 42:7","ot"
"GEN 42:8","ot"
"GEN 42:9","ot"
"GEN 43:11","ot"
"GEN 43:14","ot"
"GEN 43:15","ot"
"GEN 43:16","ot"
"GEN 43:17","ot"
"GEN 43:18","ot"
"GEN 43:19","ot"
"GEN 43:23","ot"
"GEN 43:24","ot"
"GEN 43:25","ot"
"GEN 43:26","ot"
"GEN 43:29","ot"
"GEN 43:3","ot"
"GEN 43:30","ot"
"GEN 43:34","ot"
"GEN 43:6","ot"
"GEN 43:8","ot"
"GEN 44:12","ot"
"GEN 44:14","ot"
"GEN 44:15","ot"
"GEN 44:16","ot"
"GEN 44:18","ot"
"GEN 44:2","ot"
"GEN 44:4","ot"
"GEN 45:1","ot"
"GEN 45:12","ot"
"GEN 45:14","ot"
"GEN 45:16","ot"
"GEN 45:17","ot"
"GEN 45:21","ot"
"GEN 45:22","ot"
"GEN 45:25","ot"
"GEN 45:26","ot"
"GEN 45:27","ot"
"GEN 45:28","ot"
"GEN 45:3","ot"
"GEN 45:4","ot"
"GEN 45:9","ot"
"GEN 46:1","ot"
"GEN 46:10","ot"
"GEN 46:11","ot"
"GEN 46:12","ot"
"GEN 46:13","ot"
"GEN 46:14","ot"
"GEN 46:15","ot"
"GEN 46:16","ot"
"GEN 46:17","ot"
"GEN 46:18","ot"
"GEN 46:19","ot"
"GEN 46:2","ot"
"GEN 46:20","ot"
"GEN 46:21","ot"
"GEN 46:22","ot"
"GEN 46:23","ot"
"GEN 46:24","ot"
"GEN 46:25","ot"
"GEN 46:26","ot"
"GEN 46:27","ot"
"GEN 46:28","ot"
"GEN 46:29","ot"
"GEN 46:30","ot"
"GEN 46:31","ot"
"GEN 46:4","ot"
"GEN 46:5","ot"
"GEN 46:6","ot"
"GEN 46:8","ot"
"GEN 46:9","ot"
"GEN 47:1","ot"
"GEN 47:10","ot"
"GEN 47:11","ot"
"GEN 47:12","ot"
"GEN 47:14","ot"
"GEN 47:15","ot"
"GEN 47:16","ot"
"GEN 47:17","ot"
"GEN 47:20","ot"
"GEN 47:23","ot"
"GEN 47:26","ot"
"GEN 47:27","ot"
"GEN 47:28","ot"
"GEN 47:29","ot"
"GEN 47:31","ot"
"GEN 47:5","ot"
"GEN 47:7","ot"
"GEN 47:8","ot"
"GEN 47:9","ot"
"GEN 48:1","ot"
"GEN 48:10","ot"
"GEN 48:11","ot"
"GEN 48:12","ot"
"GEN 48:13","ot"
"GEN 48:14","ot"
"GEN 48:15","ot"
"GEN 48:16","ot"
"GEN 48:17","ot"
"GEN 48:18","ot"
"GEN 48:2","ot"
"GEN 48:20","ot"
"GEN 48:21","ot"
"GEN 48:3","ot"
"GEN 48:5","ot"
"GEN 48:7","ot"
"GEN 48:8","ot"
"GEN 48:9","ot"
"GEN 49:1","ot"
"GEN 49:10","ot"
"GEN 49:13","ot"
"GEN 49:14","ot"
"GEN 49:16","ot"
"GEN 49:17","ot"
"GEN 49:19","ot"
"GEN 49:2","ot"
"GEN 49:20","ot"
"GEN 49:21","ot"
"GEN 49:22","ot"
"GEN 49:24","ot"
"GEN 49:26","ot"
"GEN 49:27","ot"
"GEN 49:28","ot"
"GEN 49:29","ot"
"GEN 49:3","ot"
"GEN 49:30","ot"
"GEN 49:31","ot"
"GEN 49:32","ot"
"GEN 49:33","ot"
"GEN 49:5","ot"
"GEN 49:7","ot"
"GEN 49:8","ot"
"GEN 49:9","ot"
"GEN 5:1","ot"
"GEN 5:10","ot"
"GEN 5:11","ot"
"GEN 5:12","ot"
"GEN 5:13","ot"
"GEN 5:14","ot"
"GEN 5:15","ot"
"GEN 5:16","ot"
"GEN 5:17","ot"
"GEN 5:18","ot"
"GEN 5:19","ot"
"GEN 5:2","ot"
"GEN 5:20","ot"
"GEN 5:21","ot"
"GEN 5:22","ot"
"GEN 5:23","ot"
"GEN 5:24","ot"
"GEN 5:25","ot"
"GEN 5:26","ot"
"GEN 5:27","ot"
"GEN 5:28","ot"
"GEN 5:29","ot"
"GEN 5:3","ot"
"GEN 5:30","ot"
"GEN 5:31","ot"
"GEN 5:32","ot"
"GEN 5:4","ot"
"GEN 5:5","ot"
"GEN 5:6","ot"
"GEN 5:7","ot"
"GEN 5:8","ot"
"GEN 5:9","ot"
"GEN 50:1","ot"
"GEN 50:13","ot"
"GEN 50:14","ot"
"GEN 50:15","ot"
"GEN 50:16","ot"
"GEN 50:17","ot"
"GEN 50:19","ot"
"GEN 50:2","ot"
"GEN 50:22","ot"
"GEN 50:23","ot"
"GEN 50:24","ot"
"GEN 50:25","ot"
"GEN 50:26","ot"
"GEN 50:4","ot"
"GEN 50:7","ot"
"GEN 50:8","ot"
"GEN 6:10","ot"
"GEN 6:13","ot"
"GEN 6:22","ot"
"GEN 6:8","ot"
"GEN 6:9","ot"
"GEN 7:1","ot"
"GEN 7:11","ot"
"GEN 7:13","ot"
"GEN 7:15","ot"
"GEN 7:23","ot"
"GEN 7:5","ot"
"GEN 7:6","ot"
"GEN 7:7","ot"
"GEN 7:9","ot"
"GEN 8:1","ot"
"GEN 8:11","ot"
"GEN 8:13","ot"
"GEN 8:15","ot"
"GEN 8:18","ot"
"GEN 8:20","ot"
"GEN 8:6","ot"
"GEN 9:1","ot"
"GEN 9:17","ot"
"GEN 9:18","ot"
"GEN 9:19","ot"
"GEN 9:20","ot"
"GEN 9:22","ot"
"GEN 9:23","ot"
"GEN 9:24","ot"
"GEN 9:25","ot"
"GEN 9:26","ot"
"GEN 9:27","ot"
"GEN 9:28","ot"
"GEN 9:29","ot"
"GEN 9:8","ot"
"HAB 1:1","ot"
"HAB 3:1","ot"
"HAG 1:1","ot"
"HAG 1:12","ot"
"HAG 1:13","ot"
"HAG 1:14","ot"
"HAG 1:15","ot"
"HAG 1:3","ot"
"HAG 2:1","ot"
"HAG 2:10","ot"
"HAG 2:13","ot"
"HAG 2:14","ot"
"HAG 2:2","ot"
"HAG 2:20","ot"
"HAG 2:21","ot"
"HAG 2:23","ot"
"HAG 2:4","ot"
"HEB 10:10","nt"
"HEB 10:19","nt"
"HEB 10:28","nt"
"HEB 11:11","nt"
"HEB 11:17","nt"
"HEB 11:18","nt"
"HEB 11:20","nt"
"HEB 11:21","nt"
"HEB 11:22","nt"
"HEB 11:23","nt"
"HEB 11:24","nt"
"HEB 11:26","nt"
"HEB 11:31","nt"
"HEB 11:32","nt"
"HEB 11:4","nt"
"HEB 11:5","nt"
"HEB 11:7","nt"
"HEB 11:8","nt"
"HEB 11:9","nt"
"HEB 12:16","nt"
"HEB 12:2","nt"
"HEB 12:21","nt"
"HEB 12:24","nt"
"HEB 13:12","nt"
"HEB 13:20","nt"
"HEB 13:21","nt"
"HEB 13:23","nt"
"HEB 13:25","nt"
"HEB 13:8","nt"
"HEB 2:16","nt"
"HEB 2:9","nt"
"HEB 3:1","nt"
"HEB 3:14","nt"
"HEB 3:16","nt"
"HEB 3:2","nt"
"HEB 3:3","nt"
"HEB 3:5","nt"
"HEB 3:6","nt"
"HEB 4:14","nt"
"HEB 4:7","nt"
"HEB 4:8","nt"
"HEB 5:10","nt"
"HEB 5:4","nt"
"HEB 5:5","nt"
"HEB 5:6","nt"
"HEB 6:1","nt"
"HEB 6:13","nt"
"HEB 6:20","nt"
"HEB 7:1","nt"
"HEB 7:10","nt"
"HEB 7:11","nt"
"HEB 7:14","nt"
"HEB 7:15","nt"
"HEB 7:17","nt"
"HEB 7:2","nt"
"HEB 7:21","nt"
"HEB 7:22","nt"
"HEB 7:4","nt"
"HEB 7:5","nt"
"HEB 7:6","nt"
"HEB 7:9","nt"
"HEB 8:5","nt"
"HEB 8:8","nt"
"HEB 9:11","nt"
"HEB 9:14","nt"
"HEB 9:19","nt"
"HEB 9:24","nt"
"HEB 9:28","nt"
"HEB 9:4","nt"
"HOS 1:1","ot"
"HOS 1:10","ot"
"HOS 1:11","ot"
"HOS 1:2","ot"
"HOS 1:3","ot"
"HOS 1:4","ot"
"HOS 1:5","ot"
"HOS 1:6","ot"
"HOS 1:7","ot"
"HOS 1:8","ot"
"HOS 1:9","ot"
"HOS 10:1","ot"
"HOS 10:11","ot"
"HOS 10:14","ot"
"HOS 10:15","ot"
"HOS 10:6","ot"
"HOS 10:8","ot"
"HOS 10:9","ot"
"HOS 11:1","ot"
"HOS 11:12","ot"
"HOS 11:3","ot"
"HOS 11:8","ot"
"HOS 11:9","ot"
"HOS 12:1","ot"
"HOS 12:12","ot"
"HOS 12:13","ot"
"HOS 12:14","ot"
"HOS 12:2","ot"
"HOS 12:8","ot"
"HOS 13:1","ot"
"HOS 13:12","ot"
"HOS 13:9","ot"
"HOS 14:1","ot"
"HOS 14:5","ot"
"HOS 14:8","ot"
"HOS 3:1","ot"
"HOS 3:4","ot"
"HOS 3:5","ot"
"HOS 4:1","ot"
"HOS 4:15","ot"
"HOS 4:16","ot"
"HOS 4:17","ot"
"HOS 5:1","ot"
"HOS 5:10","ot"
"HOS 5:11","ot"
"HOS 5:12","ot"
"HOS 5:13","ot"
"HOS 5:14","ot"
"HOS 5:3","ot"
"HOS 5:5","ot"
"HOS 5:8","ot"
"HOS 5:9","ot"
"HOS 6:10","ot"
"HOS 6:11","ot"
"HOS 6:4","ot"
"HOS 6:7","ot"
"HOS 7:1","ot"
"HOS 7:10","ot"
"HOS 7:11","ot"
"HOS 7:8","ot"
"HOS 8:11","ot"
"HOS 8:14","ot"
"HOS 8:2","ot"
"HOS 8:3","ot"
"HOS 8:6","ot"
"HOS 8:8","ot"
"HOS 8:9","ot"
"HOS 9:1","ot"
"HOS 9:10","ot"
"HOS 9:11","ot"
"HOS 9:13","ot"
"HOS 9:16","ot"
"HOS 9:3","ot"
"HOS 9:7","ot"
"HOS 9:8","ot"
"ISA 1:1","ot"
"ISA 1:24","ot"
"ISA 1:3","ot"
"ISA 1:4","ot"
"ISA 10:17","ot"
"ISA 10:20","ot"
"ISA 10:21","ot"
"ISA 10:22","ot"
"ISA 10:26","ot"
"ISA 10:29","ot"
"ISA 11:1","ot"
"ISA 11:10","ot"
"ISA 11:12","ot"
"ISA 11:13","ot"
"ISA 11:16","ot"
"ISA 12:6","ot"
"ISA 13:1","ot"
"ISA 14:1","ot"
"ISA 14:2","ot"
"ISA 14:28","ot"
"ISA 16:5","ot"
"ISA 17:3","ot"
"ISA 17:4","ot"
"ISA 17:6","ot"
"ISA 17:7","ot"
"ISA 17:9","ot"
"ISA 19:17","ot"
"ISA 19:24","ot"
"ISA 19:25","ot"
"ISA 2:1","ot"
"ISA 2:3","ot"
"ISA 2:5","ot"
"ISA 2:6","ot"
"ISA 20:1","ot"
"ISA 20:2","ot"
"ISA 20:3","ot"
"ISA 21:10","ot"
"ISA 21:16","ot"
"ISA 21:17","ot"
"ISA 22:15","ot"
"ISA 22:20","ot"
"ISA 22:21","ot"
"ISA 22:22","ot"
"ISA 22:8","ot"
"ISA 22:9","ot"
"ISA 24:15","ot"
"ISA 26:1","ot"
"ISA 27:12","ot"
"ISA 27:6","ot"
"ISA 27:9","ot"
"ISA 28:1","ot"
"ISA 28:3","ot"
"ISA 29:1","ot"
"ISA 29:19","ot"
"ISA 29:22","ot"
"ISA 29:23","ot"
"ISA 3:1","ot"
"ISA 3:8","ot"
"ISA 30:11","ot"
"ISA 30:12","ot"
"ISA 30:15","ot"
"ISA 30:29","ot"
"ISA 31:1","ot"
"ISA 31:6","ot"
"ISA 36:1","ot"
"ISA 36:11","ot"
"ISA 36:14","ot"
"ISA 36:15","ot"
"ISA 36:16","ot"
"ISA 36:18","ot"
"ISA 36:2","ot"
"ISA 36:22","ot"
"ISA 36:3","ot"
"ISA 36:4","ot"
"ISA 36:7","ot"
"ISA 37:1","ot"
"ISA 37:10","ot"
"ISA 37:14","ot"
"ISA 37:15","ot"
"ISA 37:16","ot"
"ISA 37:17","ot"
"ISA 37:2","ot"
"ISA 37:21","ot"
"ISA 37:23","ot"
"ISA 37:3","ot"
"ISA 37:31","ot"
"ISA 37:35","ot"
"ISA 37:37","ot"
"ISA 37:38","ot"
"ISA 37:5","ot"
"ISA 37:6","ot"
"ISA 37:9","ot"
"ISA 38:1","ot"
"ISA 38:2","ot"
"ISA 38:21","ot"
"ISA 38:22","ot"
"ISA 38:3","ot"
"ISA 38:4","ot"
"ISA 38:5","ot"
"ISA 38:8","ot"
"ISA 38:9","ot"
"ISA 39:1","ot"
"ISA 39:2","ot"
"ISA 39:3","ot"
"ISA 39:4","ot"
"ISA 39:5","ot"
"ISA 39:8","ot"
"ISA 4:2","ot"
"ISA 40:27","ot"
"ISA 40:9","ot"
"ISA 41:14","ot"
"ISA 41:16","ot"
"ISA 41:17","ot"
"ISA 41:20","ot"
"ISA 41:21","ot"
"ISA 41:8","ot"
"ISA 42:11","ot"
"ISA 42:24","ot"
"ISA 43:1","ot"
"ISA 43:14","ot"
"ISA 43:15","ot"
"ISA 43:22","ot"
"ISA 43:28","ot"
"ISA 43:3","ot"
"ISA 44:1","ot"
"ISA 44:2","ot"
"ISA 44:21","ot"
"ISA 44:23","ot"
"ISA 44:26","ot"
"ISA 44:28","ot"
"ISA 44:5","ot"
"ISA 44:6","ot"
"ISA 45:1","ot"
"ISA 45:11","ot"
"ISA 45:14","ot"
"ISA 45:15","ot"
"ISA 45:17","ot"
"ISA 45:19","ot"
"ISA 45:25","ot"
"ISA 45:3","ot"
"ISA 45:4","ot"
"ISA 46:13","ot"
"ISA 46:3","ot"
"ISA 47:4","ot"
"ISA 48:1","ot"
"ISA 48:12","ot"
"ISA 48:17","ot"
"ISA 48:2","ot"
"ISA 48:20","ot"
"ISA 49:26","ot"
"ISA 49:3","ot"
"ISA 49:5","ot"
"ISA 49:6","ot"
"ISA 49:7","ot"
"ISA 5:19","ot"
"ISA 5:24","ot"
"ISA 5:3","ot"
"ISA 5:7","ot"
"ISA 51:2","ot"
"ISA 52:12","ot"
"ISA 54:5","ot"
"ISA 54:9","ot"
"ISA 55:3","ot"
"ISA 55:5","ot"
"ISA 56:8","ot"
"ISA 58:1","ot"
"ISA 58:14","ot"
"ISA 59:20","ot"
"ISA 6:1","ot"
"ISA 60:14","ot"
"ISA 60:16","ot"
"ISA 60:7","ot"
"ISA 60:9","ot"
"ISA 63:11","ot"
"ISA 63:12","ot"
"ISA 63:16","ot"
"ISA 63:7","ot"
"ISA 65:9","ot"
"ISA 66:19","ot"
"ISA 66:20","ot"
"ISA 66:21","ot"
"ISA 7:1","ot"
"ISA 7:10","ot"
"ISA 7:12","ot"
"ISA 7:13","ot"
"ISA 7:14","ot"
"ISA 7:17","ot"
"ISA 7:2","ot"
"ISA 7:3","ot"
"ISA 7:4","ot"
"ISA 7:5","ot"
"ISA 7:6","ot"
"ISA 7:8","ot"
"ISA 7:9","ot"
"ISA 8:1","ot"
"ISA 8:14","ot"
"ISA 8:17","ot"
"ISA 8:18","ot"
"ISA 8:2","ot"
"ISA 8:3","ot"
"ISA 8:6","ot"
"ISA 8:8","ot"
"ISA 9:1","ot"
"ISA 9:11","ot"
"ISA 9:12","ot"
"ISA 9:14","ot"
"ISA 9:21","ot"
"ISA 9:7","ot"
"ISA 9:8","ot"
"ISA 9:9","ot"
"JAS 1:1","nt"
"JAS 2:1","nt"
"JAS 2:21","nt"
"JAS 2:23","nt"
"JAS 2:25","nt"
"JAS 5:11","nt"
"JAS 5:17","nt"
"JDG 1:1","ot"
"JDG 1:10","ot"
"JDG 1:12","ot"
"JDG 1:13","ot"
"JDG 1:14","ot"
"JDG 1:15","ot"
"JDG 1:16","ot"
"JDG 1:17","ot"
"JDG 1:18","ot"
"JDG 1:19","ot"
"JDG 1:2","ot"
"JDG 1:20","ot"
"JDG 1:21","ot"
"JDG 1:22","ot"
"JDG 1:23","ot"
"JDG 1:26","ot"
"JDG 1:27","ot"
"JDG 1:28","ot"
"JDG 1:29","ot"
"JDG 1:3","ot"
"JDG 1:30","ot"
"JDG 1:31","ot"
"JDG 1:32","ot"
"JDG 1:33","ot"
"JDG 1:35","ot"
"JDG 1:4","ot"
"JDG 1:5","ot"
"JDG 1:6","ot"
"JDG 1:7","ot"
"JDG 1:8","ot"
"JDG 1:9","ot"
"JDG 10:1","ot"
"JDG 10:10","ot"
"JDG 10:11","ot"
"JDG 10:15","ot"
"JDG 10:16","ot"
"JDG 10:17","ot"
"JDG 10:2","ot"
"JDG 10:3","ot"
"JDG 10:5","ot"
"JDG 10:6","ot"
"JDG 10:7","ot"
"JDG 10:8","ot"
"JDG 10:9","ot"
"JDG 11:1","ot"
"JDG 11:10","ot"
"JDG 11:11","ot"
"JDG 11:12","ot"
"JDG 11:13","ot"
"JDG 11:14","ot"
"JDG 11:15","ot"
"JDG 11:16","ot"
"JDG 11:17","ot"
"JDG 11:19","ot"
"JDG 11:2","ot"
"JDG 11:20","ot"
"JDG 11:21","ot"
"JDG 11:23","ot"
"JDG 11:25","ot"
"JDG 11:26","ot"
"JDG 11:27","ot"
"JDG 11:28","ot"
"JDG 11:29","ot"
"JDG 11:3","ot"
"JDG 11:30","ot"
"JDG 11:32","ot"
"JDG 11:33","ot"
"JDG 11:34","ot"
"JDG 11:39","ot"
"JDG 11:4","ot"
"JDG 11:40","ot"
"JDG 11:5","ot"
"JDG 11:6","ot"
"JDG 11:7","ot"
"JDG 11:8","ot"
"JDG 11:9","ot"
"JDG 12:1","ot"
"JDG 12:10","ot"
"JDG 12:11","ot"
"JDG 12:12","ot"
"JDG 12:13","ot"
"JDG 12:14","ot"
"JDG 12:15","ot"
"JDG 12:2","ot"
"JDG 12:4","ot"
"JDG 12:5","ot"
"JDG 12:6","ot"
"JDG 12:7","ot"
"JDG 12:8","ot"
"JDG 12:9","ot"
"JDG 13:1","ot"
"JDG 13:11","ot"
"JDG 13:12","ot"
"JDG 13:13","ot"
"JDG 13:15","ot"
"JDG 13:16","ot"
"JDG 13:17","ot"
"JDG 13:19","ot"
"JDG 13:2","ot"
"JDG 13:20","ot"
"JDG 13:21","ot"
"JDG 13:22","ot"
"JDG 13:24","ot"
"JDG 13:5","ot"
"JDG 13:8","ot"
"JDG 13:9","ot"
"JDG 14:1","ot"
"JDG 14:10","ot"
"JDG 14:12","ot"
"JDG 14:15","ot"
"JDG 14:16","ot"
"JDG 14:20","ot"
"JDG 14:3","ot"
"JDG 14:4","ot"
"JDG 14:5","ot"
"JDG 14:7","ot"
"JDG 15:1","ot"
"JDG 15:10","ot"
"JDG 15:11","ot"
"JDG 15:12","ot"
"JDG 15:16","ot"
"JDG 15:20","ot"
"JDG 15:3","ot"
"JDG 15:4","ot"
"JDG 15:6","ot"
"JDG 15:7","ot"
"JDG 15:9","ot"
"JDG 16:1","ot"
"JDG 16:10","ot"
"JDG 16:12","ot"
"JDG 16:13","ot"
"JDG 16:14","ot"
"JDG 16:18","ot"
"JDG 16:2","ot"
"JDG 16:20","ot"
"JDG 16:23","ot"
"JDG 16:25","ot"
"JDG 16:26","ot"
"JDG 16:27","ot"
"JDG 16:28","ot"
"JDG 16:29","ot"
"JDG 16:3","ot"
"JDG 16:30","ot"
"JDG 16:31","ot"
"JDG 16:4","ot"
"JDG 16:6","ot"
"JDG 16:7","ot"
"JDG 16:9","ot"
"JDG 17:1","ot"
"JDG 17:10","ot"
"JDG 17:11","ot"
"JDG 17:12","ot"
"JDG 17:13","ot"
"JDG 17:4","ot"
"JDG 17:5","ot"
"JDG 17:6","ot"
"JDG 17:7","ot"
"JDG 17:8","ot"
"JDG 17:9","ot"
"JDG 18:1","ot"
"JDG 18:12","ot"
"JDG 18:13","ot"
"JDG 18:15","ot"
"JDG 18:18","ot"
"JDG 18:19","ot"
"JDG 18:2","ot"
"JDG 18:22","ot"
"JDG 18:23","ot"
"JDG 18:26","ot"
"JDG 18:27","ot"
"JDG 18:29","ot"
"JDG 18:3","ot"
"JDG 18:30","ot"
"JDG 18:31","ot"
"JDG 18:4","ot"
"JDG 19:1","ot"
"JDG 19:12","ot"
"JDG 19:14","ot"
"JDG 19:16","ot"
"JDG 19:18","ot"
"JDG 19:2","ot"
"JDG 19:29","ot"
"JDG 19:30","ot"
"JDG 2:10","ot"
"JDG 2:11","ot"
"JDG 2:14","ot"
"JDG 2:20","ot"
"JDG 2:21","ot"
"JDG 2:22","ot"
"JDG 2:23","ot"
"JDG 2:4","ot"
"JDG 2:6","ot"
"JDG 2:7","ot"
"JDG 2:8","ot"
"JDG 2:9","ot"
"JDG 20:1","ot"
"JDG 20:10","ot"
"JDG 20:11","ot"
"JDG 20:12","ot"
"JDG 20:13","ot"
"JDG 20:14","ot"
"JDG 20:15","ot"
"JDG 20:17","ot"
"JDG 20:18","ot"
"JDG 20:19","ot"
"JDG 20:2","ot"
"JDG 20:20","ot"
"JDG 20:21","ot"
"JDG 20:22","ot"
"JDG 20:23","ot"
"JDG 20:24","ot"
"JDG 20:25","ot"
"JDG 20:26","ot"
"JDG 20:27","ot"
"JDG 20:28","ot"
"JDG 20:29","ot"
"JDG 20:3","ot"
"JDG 20:30","ot"
"JDG 20:31","ot"
"JDG 20:32","ot"
"JDG 20:33","ot"
"JDG 20:34","ot"
"JDG 20:35","ot"
"JDG 20:36","ot"
"JDG 20:38","ot"
"JDG 20:39","ot"
"JDG 20:4","ot"
"JDG 20:40","ot"
"JDG 20:41","ot"
"JDG 20:42","ot"
"JDG 20:43","ot"
"JDG 20:44","ot"
"JDG 20:46","ot"
"JDG 20:48","ot"
"JDG 20:6","ot"
"JDG 20:7","ot"
"JDG 21:1","ot"
"JDG 21:13","ot"
"JDG 21:14","ot"
"JDG 21:15","ot"
"JDG 21:16","ot"
"JDG 21:17","ot"
"JDG 21:18","ot"
"JDG 21:20","ot"
"JDG 21:21","ot"
"JDG 21:23","ot"
"JDG 21:24","ot"
"JDG 21:25","ot"
"JDG 21:3","ot"
"JDG 21:5","ot"
"JDG 21:6","ot"
"JDG 21:8","ot"
"JDG 3:1","ot"
"JDG 3:10","ot"
"JDG 3:11","ot"
"JDG 3:12","ot"
"JDG 3:13","ot"
"JDG 3:14","ot"
"JDG 3:15","ot"
"JDG 3:16","ot"
"JDG 3:17","ot"
"JDG 3:2","ot"
"JDG 3:20","ot"
"JDG 3:21","ot"
"JDG 3:23","ot"
"JDG 3:26","ot"
"JDG 3:27","ot"
"JDG 3:30","ot"
"JDG 3:31","ot"
"JDG 3:4","ot"
"JDG 3:5","ot"
"JDG 3:7","ot"
"JDG 3:8","ot"
"JDG 3:9","ot"
"JDG 4:1","ot"
"JDG 4:10","ot"
"JDG 4:11","ot"
"JDG 4:12","ot"
"JDG 4:13","ot"
"JDG 4:14","ot"
"JDG 4:15","ot"
"JDG 4:16","ot"
"JDG 4:17","ot"
"JDG 4:18","ot"
"JDG 4:2","ot"
"JDG 4:21","ot"
"JDG 4:22","ot"
"JDG 4:23","ot"
"JDG 4:24","ot"
"JDG 4:3","ot"
"JDG 4:4","ot"
"JDG 4:5","ot"
"JDG 4:6","ot"
"JDG 4:7","ot"
"JDG 4:8","ot"
"JDG 4:9","ot"
"JDG 5:1","ot"
"JDG 5:11","ot"
"JDG 5:12","ot"
"JDG 5:14","ot"
"JDG 5:15","ot"
"JDG 5:16","ot"
"JDG 5:17","ot"
"JDG 5:18","ot"
"JDG 5:2","ot"
"JDG 5:20","ot"
"JDG 5:24","ot"
"JDG 5:26","ot"
"JDG 5:28","ot"
"JDG 5:3","ot"
"JDG 5:30","ot"
"JDG 5:5","ot"
"JDG 5:6","ot"
"JDG 5:7","ot"
"JDG 5:8","ot"
"JDG 5:9","ot"
"JDG 6:1","ot"
"JDG 6:11","ot"
"JDG 6:13","ot"
"JDG 6:14","ot"
"JDG 6:15","ot"
"JDG 6:19","ot"
"JDG 6:2","ot"
"JDG 6:22","ot"
"JDG 6:24","ot"
"JDG 6:27","ot"
"JDG 6:29","ot"
"JDG 6:3","ot"
"JDG 6:30","ot"
"JDG 6:31","ot"
"JDG 6:32","ot"
"JDG 6:34","ot"
"JDG 6:35","ot"
"JDG 6:36","ot"
"JDG 6:37","ot"
"JDG 6:39","ot"
"JDG 6:4","ot"
"JDG 6:6","ot"
"JDG 6:7","ot"
"JDG 6:8","ot"
"JDG 7:1","ot"
"JDG 7:10","ot"
"JDG 7:11","ot"
"JDG 7:13","ot"
"JDG 7:14","ot"
"JDG 7:15","ot"
"JDG 7:18","ot"
"JDG 7:19","ot"
"JDG 7:2","ot"
"JDG 7:20","ot"
"JDG 7:23","ot"
"JDG 7:24","ot"
"JDG 7:25","ot"
"JDG 7:4","ot"
"JDG 7:5","ot"
"JDG 7:7","ot"
"JDG 7:8","ot"
"JDG 8:1","ot"
"JDG 8:10","ot"
"JDG 8:11","ot"
"JDG 8:12","ot"
"JDG 8:13","ot"
"JDG 8:15","ot"
"JDG 8:18","ot"
"JDG 8:2","ot"
"JDG 8:20","ot"
"JDG 8:21","ot"
"JDG 8:22","ot"
"JDG 8:23","ot"
"JDG 8:24","ot"
"JDG 8:27","ot"
"JDG 8:28","ot"
"JDG 8:29","ot"
"JDG 8:3","ot"
"JDG 8:30","ot"
"JDG 8:31","ot"
"JDG 8:32","ot"
"JDG 8:33","ot"
"JDG 8:34","ot"
"JDG 8:35","ot"
"JDG 8:4","ot"
"JDG 8:5","ot"
"JDG 8:6","ot"
"JDG 8:7","ot"
"JDG 9:1","ot"
"JDG 9:16","ot"
"JDG 9:18","ot"
"JDG 9:19","ot"
"JDG 9:2","ot"
"JDG 9:20","ot"
"JDG 9:21","ot"
"JDG 9:22","ot"
"JDG 9:23","ot"
"JDG 9:24","ot"
"JDG 9:25","ot"
"JDG 9:26","ot"
"JDG 9:27","ot"
"JDG 9:28","ot"
"JDG 9:29","ot"
"JDG 9:3","ot"
"JDG 9:30","ot"
"JDG 9:31","ot"
"JDG 9:34","ot"
"JDG 9:35","ot"
"JDG 9:36","ot"
"JDG 9:37","ot"
"JDG 9:38","ot"
"JDG 9:39","ot"
"JDG 9:4","ot"
"JDG 9:40","ot"
"JDG 9:41","ot"
"JDG 9:42","ot"
"JDG 9:44","ot"
"JDG 9:45","ot"
"JDG 9:47","ot"
"JDG 9:48","ot"
"JDG 9:49","ot"
"JDG 9:5","ot"
"JDG 9:50","ot"
"JDG 9:52","ot"
"JDG 9:53","ot"
"JDG 9:55","ot"
"JDG 9:56","ot"
"JDG 9:57","ot"
"JDG 9:6","ot"
"JDG 9:7","ot"
"JER 1:1","ot"
"JER 1:11","ot"
"JER 1:15","ot"
"JER 1:18","ot"
"JER 1:2","ot"
"JER 1:3","ot"
"JER 10:1","ot"
"JER 10:16","ot"
"JER 10:22","ot"
"JER 10:25","ot"
"JER 11:1","ot"
"JER 11:10","ot"
"JER 11:12","ot"
"JER 11:13","ot"
"JER 11:17","ot"
"JER 11:2","ot"
"JER 11:3","ot"
"JER 11:6","ot"
"JER 11:9","ot"
"JER 12:14","ot"
"JER 13:11","ot"
"JER 13:12","ot"
"JER 13:13","ot"
"JER 13:19","ot"
"JER 13:9","ot"
"JER 14:1","ot"
"JER 14:19","ot"
"JER 14:2","ot"
"JER 14:8","ot"
"JER 15:1","ot"
"JER 15:4","ot"
"JER 16:14","ot"
"JER 16:15","ot"
"JER 16:9","ot"
"JER 17:1","ot"
"JER 17:13","ot"
"JER 17:19","ot"
"JER 17:20","ot"
"JER 17:25","ot"
"JER 17:26","ot"
"JER 18:1","ot"
"JER 18:11","ot"
"JER 18:13","ot"
"JER 18:18","ot"
"JER 18:6","ot"
"JER 19:13","ot"
"JER 19:14","ot"
"JER 19:15","ot"
"JER 19:3","ot"
"JER 19:4","ot"
"JER 19:7","ot"
"JER 2:10","ot"
"JER 2:14","ot"
"JER 2:26","ot"
"JER 2:28","ot"
"JER 2:3","ot"
"JER 2:31","ot"
"JER 2:4","ot"
"JER 20:1","ot"
"JER 20:2","ot"
"JER 20:3","ot"
"JER 20:4","ot"
"JER 20:5","ot"
"JER 20:6","ot"
"JER 21:1","ot"
"JER 21:11","ot"
"JER 21:12","ot"
"JER 21:2","ot"
"JER 21:3","ot"
"JER 21:4","ot"
"JER 21:7","ot"
"JER 22:1","ot"
"JER 22:11","ot"
"JER 22:18","ot"
"JER 22:2","ot"
"JER 22:24","ot"
"JER 22:25","ot"
"JER 22:28","ot"
"JER 22:30","ot"
"JER 22:4","ot"
"JER 22:6","ot"
"JER 23:13","ot"
"JER 23:2","ot"
"JER 23:5","ot"
"JER 23:6","ot"
"JER 23:7","ot"
"JER 23:8","ot"
"JER 24:1","ot"
"JER 24:3","ot"
"JER 24:5","ot"
"JER 24:8","ot"
"JER 25:1","ot"
"JER 25:13","ot"
"JER 25:15","ot"
"JER 25:18","ot"
"JER 25:2","ot"
"JER 25:27","ot"
"JER 25:3","ot"
"JER 25:9","ot"
"JER 26:1","ot"
"JER 26:10","ot"
"JER 26:12","ot"
"JER 26:18","ot"
"JER 26:19","ot"
"JER 26:2","ot"
"JER 26:20","ot"
"JER 26:21","ot"
"JER 26:22","ot"
"JER 26:23","ot"
"JER 26:24","ot"
"JER 26:7","ot"
"JER 26:8","ot"
"JER 26:9","ot"
"JER 27:1","ot"
"JER 27:12","ot"
"JER 27:18","ot"
"JER 27:20","ot"
"JER 27:21","ot"
"JER 27:3","ot"
"JER 27:4","ot"
"JER 27:6","ot"
"JER 27:8","ot"
"JER 28:1","ot"
"JER 28:10","ot"
"JER 28:11","ot"
"JER 28:12","ot"
"JER 28:13","ot"
"JER 28:14","ot"
"JER 28:15","ot"
"JER 28:17","ot"
"JER 28:2","ot"
"JER 28:3","ot"
"JER 28:4","ot"
"JER 28:5","ot"
"JER 28:6","ot"
"JER 29:1","ot"
"JER 29:16","ot"
"JER 29:2","ot"
"JER 29:21","ot"
"JER 29:22","ot"
"JER 29:23","ot"
"JER 29:24","ot"
"JER 29:25","ot"
"JER 29:26","ot"
"JER 29:27","ot"
"JER 29:29","ot"
"JER 29:3","ot"
"JER 29:30","ot"
"JER 29:31","ot"
"JER 29:32","ot"
"JER 29:4","ot"
"JER 29:8","ot"
"JER 3:10","ot"
"JER 3:11","ot"
"JER 3:12","ot"
"JER 3:18","ot"
"JER 3:20","ot"
"JER 3:21","ot"
"JER 3:23","ot"
"JER 3:6","ot"
"JER 3:7","ot"
"JER 3:8","ot"
"JER 30:1","ot"
"JER 30:10","ot"
"JER 30:18","ot"
"JER 30:2","ot"
"JER 30:3","ot"
"JER 30:4","ot"
"JER 30:7","ot"
"JER 30:9","ot"
"JER 31:1","ot"
"JER 31:10","ot"
"JER 31:11","ot"
"JER 31:15","ot"
"JER 31:18","ot"
"JER 31:2","ot"
"JER 31:20","ot"
"JER 31:21","ot"
"JER 31:23","ot"
"JER 31:24","ot"
"JER 31:27","ot"
"JER 31:31","ot"
"JER 31:33","ot"
"JER 31:36","ot"
"JER 31:37","ot"
"JER 31:4","ot"
"JER 31:6","ot"
"JER 31:7","ot"
"JER 31:9","ot"
"JER 32:1","ot"
"JER 32:12","ot"
"JER 32:13","ot"
"JER 32:14","ot"
"JER 32:15","ot"
"JER 32:16","ot"
"JER 32:2","ot"
"JER 32:20","ot"
"JER 32:21","ot"
"JER 32:26","ot"
"JER 32:28","ot"
"JER 32:3","ot"
"JER 32:30","ot"
"JER 32:32","ot"
"JER 32:35","ot"
"JER 32:36","ot"
"JER 32:4","ot"
"JER 32:44","ot"
"JER 32:5","ot"
"JER 32:6","ot"
"JER 32:7","ot"
"JER 32:8","ot"
"JER 32:9","ot"
"JER 33:1","ot"
"JER 33:10","ot"
"JER 33:13","ot"
"JER 33:14","ot"
"JER 33:15","ot"
"JER 33:16","ot"
"JER 33:17","ot"
"JER 33:18","ot"
"JER 33:19","ot"
"JER 33:21","ot"
"JER 33:22","ot"
"JER 33:23","ot"
"JER 33:26","ot"
"JER 33:4","ot"
"JER 33:7","ot"
"JER 34:1","ot"
"JER 34:12","ot"
"JER 34:13","ot"
"JER 34:19","ot"
"JER 34:2","ot"
"JER 34:21","ot"
"JER 34:22","ot"
"JER 34:4","ot"
"JER 34:6","ot"
"JER 34:7","ot"
"JER 34:8","ot"
"JER 34:9","ot"
"JER 35:1","ot"
"JER 35:10","ot"
"JER 35:11","ot"
"JER 35:12","ot"
"JER 35:13","ot"
"JER 35:14","ot"
"JER 35:16","ot"
"JER 35:17","ot"
"JER 35:18","ot"
"JER 35:19","ot"
"JER 35:2","ot"
"JER 35:3","ot"
"JER 35:4","ot"
"JER 35:5","ot"
"JER 35:6","ot"
"JER 35:8","ot"
"JER 36:1","ot"
"JER 36:10","ot"
"JER 36:11","ot"
"JER 36:12","ot"
"JER 36:13","ot"
"JER 36:14","ot"
"JER 36:15","ot"
"JER 36:16","ot"
"JER 36:17","ot"
"JER 36:18","ot"
"JER 36:19","ot"
"JER 36:2","ot"
"JER 36:20","ot"
"JER 36:21","ot"
"JER 36:23","ot"
"JER 36:25","ot"
"JER 36:26","ot"
"JER 36:27","ot"
"JER 36:28","ot"
"JER 36:29","ot"
"JER 36:3","ot"
"JER 36:30","ot"
"JER 36:31","ot"
"JER 36:32","ot"
"JER 36:4","ot"
"JER 36:5","ot"
"JER 36:6","ot"
"JER 36:8","ot"
"JER 36:9","ot"
"JER 37:1","ot"
"JER 37:11","ot"
"JER 37:12","ot"
"JER 37:13","ot"
"JER 37:14","ot"
"JER 37:15","ot"
"JER 37:16","ot"
"JER 37:17","ot"
"JER 37:18","ot"
"JER 37:2","ot"
"JER 37:20","ot"
"JER 37:21","ot"
"JER 37:3","ot"
"JER 37:4","ot"
"JER 37:5","ot"
"JER 37:6","ot"
"JER 37:7","ot"
"JER 38:1","ot"
"JER 38:10","ot"
"JER 38:11","ot"
"JER 38:12","ot"
"JER 38:13","ot"
"JER 38:14","ot"
"JER 38:15","ot"
"JER 38:16","ot"
"JER 38:17","ot"
"JER 38:19","ot"
"JER 38:20","ot"
"JER 38:22","ot"
"JER 38:24","ot"
"JER 38:26","ot"
"JER 38:27","ot"
"JER 38:28","ot"
"JER 38:5","ot"
"JER 38:6","ot"
"JER 38:7","ot"
"JER 38:8","ot"
"JER 38:9","ot"
"JER 39:1","ot"
"JER 39:10","ot"
"JER 39:11","ot"
"JER 39:13","ot"
"JER 39:14","ot"
"JER 39:15","ot"
"JER 39:16","ot"
"JER 39:2","ot"
"JER 39:3","ot"
"JER 39:4","ot"
"JER 39:5","ot"
"JER 39:6","ot"
"JER 39:7","ot"
"JER 39:9","ot"
"JER 4:1","ot"
"JER 4:16","ot"
"JER 4:3","ot"
"JER 4:4","ot"
"JER 4:5","ot"
"JER 40:1","ot"
"JER 40:11","ot"
"JER 40:12","ot"
"JER 40:13","ot"
"JER 40:14","ot"
"JER 40:15","ot"
"JER 40:16","ot"
"JER 40:2","ot"
"JER 40:5","ot"
"JER 40:6","ot"
"JER 40:7","ot"
"JER 40:8","ot"
"JER 40:9","ot"
"JER 41:1","ot"
"JER 41:10","ot"
"JER 41:11","ot"
"JER 41:12","ot"
"JER 41:13","ot"
"JER 41:14","ot"
"JER 41:15","ot"
"JER 41:16","ot"
"JER 41:18","ot"
"JER 41:2","ot"
"JER 41:3","ot"
"JER 41:4","ot"
"JER 41:6","ot"
"JER 41:7","ot"
"JER 41:8","ot"
"JER 41:9","ot"
"JER 42:1","ot"
"JER 42:15","ot"
"JER 42:18","ot"
"JER 42:19","ot"
"JER 42:2","ot"
"JER 42:4","ot"
"JER 42:5","ot"
"JER 42:7","ot"
"JER 42:8","ot"
"JER 42:9","ot"
"JER 43:1","ot"
"JER 43:10","ot"
"JER 43:2","ot"
"JER 43:3","ot"
"JER 43:4","ot"
"JER 43:5","ot"
"JER 43:5-6","ot"
"JER 43:6","ot"
"JER 43:8","ot"
"JER 43:9","ot"
"JER 44:1","ot"
"JER 44:11","ot"
"JER 44:12","ot"
"JER 44:14","ot"
"JER 44:15","ot"
"JER 44:17","ot"
"JER 44:2","ot"
"JER 44:20","ot"
"JER 44:21","ot"
"JER 44:24","ot"
"JER 44:25","ot"
"JER 44:26","ot"
"JER 44:27","ot"
"JER 44:28","ot"
"JER 44:30","ot"
"JER 44:6","ot"
"JER 44:7","ot"
"JER 44:9","ot"
"JER 45:1","ot"
"JER 45:2","ot"
"JER 46:1","ot"
"JER 46:13","ot"
"JER 46:17","ot"
"JER 46:2","ot"
"JER 46:25","ot"
"JER 46:26","ot"
"JER 46:27","ot"
"JER 46:28","ot"
"JER 46:9","ot"
"JER 47:1","ot"
"JER 48:1","ot"
"JER 48:13","ot"
"JER 48:27","ot"
"JER 48:45","ot"
"JER 49:1","ot"
"JER 49:10","ot"
"JER 49:2","ot"
"JER 49:27","ot"
"JER 49:28","ot"
"JER 49:30","ot"
"JER 49:34","ot"
"JER 49:8","ot"
"JER 5:11","ot"
"JER 5:15","ot"
"JER 5:20","ot"
"JER 50:1","ot"
"JER 50:17","ot"
"JER 50:18","ot"
"JER 50:19","ot"
"JER 50:20","ot"
"JER 50:29","ot"
"JER 50:33","ot"
"JER 50:4","ot"
"JER 51:19","ot"
"JER 51:33","ot"
"JER 51:34","ot"
"JER 51:49","ot"
"JER 51:5","ot"
"JER 51:59","ot"
"JER 51:60","ot"
"JER 51:61","ot"
"JER 51:64","ot"
"JER 52:1","ot"
"JER 52:10","ot"
"JER 52:11","ot"
"JER 52:12","ot"
"JER 52:15","ot"
"JER 52:16","ot"
"JER 52:2","ot"
"JER 52:20","ot"
"JER 52:24","ot"
"JER 52:26","ot"
"JER 52:27","ot"
"JER 52:28","ot"
"JER 52:29","ot"
"JER 52:3","ot"
"JER 52:30","ot"
"JER 52:31","ot"
"JER 52:4","ot"
"JER 52:5","ot"
"JER 52:8","ot"
"JER 6:1","ot"
"JER 6:9","ot"
"JER 7:1","ot"
"JER 7:12","ot"
"JER 7:15","ot"
"JER 7:17","ot"
"JER 7:2","ot"
"JER 7:21","ot"
"JER 7:3","ot"
"JER 7:30","ot"
"JER 7:34","ot"
"JER 8:1","ot"
"JER 9:11","ot"
"JER 9:15","ot"
"JER 9:26","ot"
"JHN 1:15","nt"
"JHN 1:17","nt"
"JHN 1:19","nt"
"JHN 1:20","nt"
"JHN 1:21","nt"
"JHN 1:23","nt"
"JHN 1:25","nt"
"JHN 1:26","nt"
"JHN 1:28","nt"
"JHN 1:29","nt"
"JHN 1:32","nt"
"JHN 1:35","nt"
"JHN 1:36","nt"
"JHN 1:37","nt"
"JHN 1:38","nt"
"JHN 1:40","nt"
"JHN 1:41","nt"
"JHN 1:42","nt"
"JHN 1:43","nt"
"JHN 1:44","nt"
"JHN 1:45","nt"
"JHN 1:46","nt"
"JHN 1:47","nt"
"JHN 1:48","nt"
"JHN 1:49","nt"
"JHN 1:50","nt"
"JHN 1:6","nt"
"JHN 10:23","nt"
"JHN 10:24","nt"
"JHN 10:25","nt"
"JHN 10:32","nt"
"JHN 10:34","nt"
"JHN 10:40","nt"
"JHN 10:41","nt"
"JHN 10:6","nt"
"JHN 10:7","nt"
"JHN 11:1","nt"
"JHN 11:11","nt"
"JHN 11:13","nt"
"JHN 11:14","nt"
"JHN 11:16","nt"
"JHN 11:17","nt"
"JHN 11:19","nt"
"JHN 11:2","nt"
"JHN 11:20","nt"
"JHN 11:21","nt"
"JHN 11:23","nt"
"JHN 11:24","nt"
"JHN 11:25","nt"
"JHN 11:27","nt"
"JHN 11:28","nt"
"JHN 11:30","nt"
"JHN 11:31","nt"
"JHN 11:32","nt"
"JHN 11:33","nt"
"JHN 11:35","nt"
"JHN 11:38","nt"
"JHN 11:39","nt"
"JHN 11:4","nt"
"JHN 11:40","nt"
"JHN 11:41","nt"
"JHN 11:43","nt"
"JHN 11:44","nt"
"JHN 11:45","nt"
"JHN 11:46","nt"
"JHN 11:49","nt"
"JHN 11:5","nt"
"JHN 11:51","nt"
"JHN 11:54","nt"
"JHN 11:56","nt"
"JHN 11:9","nt"
"JHN 12:1","nt"
"JHN 12:10","nt"
"JHN 12:11","nt"
"JHN 12:12","nt"
"JHN 12:14","nt"
"JHN 12:16","nt"
"JHN 12:17","nt"
"JHN 12:2","nt"
"JHN 12:21","nt"
"JHN 12:22","nt"
"JHN 12:23","nt"
"JHN 12:3","nt"
"JHN 12:30","nt"
"JHN 12:34","nt"
"JHN 12:35","nt"
"JHN 12:36","nt"
"JHN 12:38","nt"
"JHN 12:39","nt"
"JHN 12:4","nt"
"JHN 12:41","nt"
"JHN 12:44","nt"
"JHN 12:7","nt"
"JHN 12:9","nt"
"JHN 13:1","nt"
"JHN 13:10","nt"
"JHN 13:2","nt"
"JHN 13:21","nt"
"JHN 13:23","nt"
"JHN 13:24","nt"
"JHN 13:25","nt"
"JHN 13:26","nt"
"JHN 13:27","nt"
"JHN 13:29","nt"
"JHN 13:3","nt"
"JHN 13:31","nt"
"JHN 13:36","nt"
"JHN 13:37","nt"
"JHN 13:38","nt"
"JHN 13:6","nt"
"JHN 13:7","nt"
"JHN 13:8","nt"
"JHN 13:9","nt"
"JHN 14:22","nt"
"JHN 14:23","nt"
"JHN 14:5","nt"
"JHN 14:6","nt"
"JHN 14:8","nt"
"JHN 14:9","nt"
"JHN 16:19","nt"
"JHN 16:31","nt"
"JHN 17:1","nt"
"JHN 17:3","nt"
"JHN 18:1","nt"
"JHN 18:10","nt"
"JHN 18:11","nt"
"JHN 18:12","nt"
"JHN 18:13","nt"
"JHN 18:13-24","nt"
"JHN 18:14","nt"
"JHN 18:15","nt"
"JHN 18:16","nt"
"JHN 18:17","nt"
"JHN 18:18","nt"
"JHN 18:19","nt"
"JHN 18:2","nt"
"JHN 18:20","nt"
"JHN 18:22","nt"
"JHN 18:23","nt"
"JHN 18:24","nt"
"JHN 18:25","nt"
"JHN 18:26","nt"
"JHN 18:27","nt"
"JHN 18:28","nt"
"JHN 18:29","nt"
"JHN 18:3","nt"
"JHN 18:31","nt"
"JHN 18:32","nt"
"JHN 18:33","nt"
"JHN 18:34","nt"
"JHN 18:35","nt"
"JHN 18:36","nt"
"JHN 18:37","nt"
"JHN 18:38","nt"
"JHN 18:4","nt"
"JHN 18:40","nt"
"JHN 18:5","nt"
"JHN 18:7","nt"
"JHN 18:8","nt"
"JHN 19:1","nt"
"JHN 19:10","nt"
"JHN 19:11","nt"
"JHN 19:12","nt"
"JHN 19:13","nt"
"JHN 19:15","nt"
"JHN 19:16","nt"
"JHN 19:18","nt"
"JHN 19:19","nt"
"JHN 19:20","nt"
"JHN 19:21","nt"
"JHN 19:22","nt"
"JHN 19:23","nt"
"JHN 19:25","nt"
"JHN 19:26","nt"
"JHN 19:28","nt"
"JHN 19:30","nt"
"JHN 19:31","nt"
"JHN 19:33","nt"
"JHN 19:38","nt"
"JHN 19:39","nt"
"JHN 19:4","nt"
"JHN 19:40","nt"
"JHN 19:42","nt"
"JHN 19:5","nt"
"JHN 19:6","nt"
"JHN 19:8","nt"
"JHN 19:9","nt"
"JHN 2:1","nt"
"JHN 2:11","nt"
"JHN 2:13","nt"
"JHN 2:19","nt"
"JHN 2:2","nt"
"JHN 2:22","nt"
"JHN 2:24","nt"
"JHN 2:3","nt"
"JHN 2:4","nt"
"JHN 2:7","nt"
"JHN 20:1","nt"
"JHN 20:11","nt"
"JHN 20:12","nt"
"JHN 20:14","nt"
"JHN 20:15","nt"
"JHN 20:16","nt"
"JHN 20:17","nt"
"JHN 20:18","nt"
"JHN 20:19","nt"
"JHN 20:2","nt"
"JHN 20:21","nt"
"JHN 20:24","nt"
"JHN 20:26","nt"
"JHN 20:27","nt"
"JHN 20:28","nt"
"JHN 20:29","nt"
"JHN 20:3","nt"
"JHN 20:30","nt"
"JHN 20:31","nt"
"JHN 20:4","nt"
"JHN 20:6","nt"
"JHN 21:1","nt"
"JHN 21:10","nt"
"JHN 21:11","nt"
"JHN 21:12","nt"
"JHN 21:13","nt"
"JHN 21:14","nt"
"JHN 21:15","nt"
"JHN 21:16","nt"
"JHN 21:17","nt"
"JHN 21:2","nt"
"JHN 21:20","nt"
"JHN 21:21","nt"
"JHN 21:22","nt"
"JHN 21:23","nt"
"JHN 21:25","nt"
"JHN 21:3","nt"
"JHN 21:4","nt"
"JHN 21:5","nt"
"JHN 21:7","nt"
"JHN 3:1","nt"
"JHN 3:10","nt"
"JHN 3:14","nt"
"JHN 3:2","nt"
"JHN 3:22","nt"
"JHN 3:23","nt"
"JHN 3:24","nt"
"JHN 3:25","nt"
"JHN 3:26","nt"
"JHN 3:27","nt"
"JHN 3:28","nt"
"JHN 3:3","nt"
"JHN 3:4","nt"
"JHN 3:5","nt"
"JHN 3:9","nt"
"JHN 4:1","nt"
"JHN 4:10","nt"
"JHN 4:12","nt"
"JHN 4:13","nt"
"JHN 4:16","nt"
"JHN 4:17","nt"
"JHN 4:2","nt"
"JHN 4:21","nt"
"JHN 4:25","nt"
"JHN 4:26","nt"
"JHN 4:29","nt"
"JHN 4:34","nt"
"JHN 4:44","nt"
"JHN 4:47","nt"
"JHN 4:48","nt"
"JHN 4:5","nt"
"JHN 4:50","nt"
"JHN 4:53","nt"
"JHN 4:54","nt"
"JHN 4:6","nt"
"JHN 4:7","nt"
"JHN 5:1","nt"
"JHN 5:13","nt"
"JHN 5:14","nt"
"JHN 5:15","nt"
"JHN 5:16","nt"
"JHN 5:17","nt"
"JHN 5:19","nt"
"JHN 5:33","nt"
"JHN 5:36","nt"
"JHN 5:45","nt"
"JHN 5:46","nt"
"JHN 5:6","nt"
"JHN 5:8","nt"
"JHN 6:1","nt"
"JHN 6:10","nt"
"JHN 6:11","nt"
"JHN 6:15","nt"
"JHN 6:17","nt"
"JHN 6:19","nt"
"JHN 6:22","nt"
"JHN 6:24","nt"
"JHN 6:26","nt"
"JHN 6:29","nt"
"JHN 6:3","nt"
"JHN 6:32","nt"
"JHN 6:35","nt"
"JHN 6:42","nt"
"JHN 6:43","nt"
"JHN 6:5","nt"
"JHN 6:53","nt"
"JHN 6:61","nt"
"JHN 6:64","nt"
"JHN 6:67","nt"
"JHN 6:68","nt"
"JHN 6:7","nt"
"JHN 6:70","nt"
"JHN 6:71","nt"
"JHN 6:8","nt"
"JHN 7:1","nt"
"JHN 7:14","nt"
"JHN 7:16","nt"
"JHN 7:19","nt"
"JHN 7:21","nt"
"JHN 7:22","nt"
"JHN 7:23","nt"
"JHN 7:26","nt"
"JHN 7:27","nt"
"JHN 7:28","nt"
"JHN 7:31","nt"
"JHN 7:33","nt"
"JHN 7:37","nt"
"JHN 7:39","nt"
"JHN 7:41","nt"
"JHN 7:42","nt"
"JHN 7:50","nt"
"JHN 7:6","nt"
"JHN 8:1","nt"
"JHN 8:10","nt"
"JHN 8:11","nt"
"JHN 8:12","nt"
"JHN 8:14","nt"
"JHN 8:19","nt"
"JHN 8:25","nt"
"JHN 8:28","nt"
"JHN 8:31","nt"
"JHN 8:33","nt"
"JHN 8:34","nt"
"JHN 8:37","nt"
"JHN 8:39","nt"
"JHN 8:40","nt"
"JHN 8:42","nt"
"JHN 8:49","nt"
"JHN 8:5","nt"
"JHN 8:52","nt"
"JHN 8:53","nt"
"JHN 8:54","nt"
"JHN 8:56","nt"
"JHN 8:57","nt"
"JHN 8:58","nt"
"JHN 8:59","nt"
"JHN 8:6","nt"
"JHN 8:9","nt"
"JHN 9:11","nt"
"JHN 9:14","nt"
"JHN 9:22","nt"
"JHN 9:28","nt"
"JHN 9:29","nt"
"JHN 9:3","nt"
"JHN 9:35","nt"
"JHN 9:37","nt"
"JHN 9:39","nt"
"JHN 9:41","nt"
"JOB 1:1","ot"
"JOB 1:14","ot"
"JOB 1:15","ot"
"JOB 1:20","ot"
"JOB 1:22","ot"
"JOB 1:5","ot"
"JOB 1:8","ot"
"JOB 1:9","ot"
"JOB 11:1","ot"
"JOB 12:1","ot"
"JOB 15:1","ot"
"JOB 16:1","ot"
"JOB 18:1","ot"
"JOB 19:1","ot"
"JOB 2:10","ot"
"JOB 2:11","ot"
"JOB 2:3","ot"
"JOB 2:7","ot"
"JOB 20:1","ot"
"JOB 21:1","ot"
"JOB 22:1","ot"
"JOB 23:1","ot"
"JOB 25:1","ot"
"JOB 26:1","ot"
"JOB 27:1","ot"
"JOB 29:1","ot"
"JOB 3:1","ot"
"JOB 3:2","ot"
"JOB 31:33","ot"
"JOB 31:40","ot"
"JOB 32:1","ot"
"JOB 32:12","ot"
"JOB 32:2","ot"
"JOB 32:3","ot"
"JOB 32:4","ot"
"JOB 32:5","ot"
"JOB 32:6","ot"
"JOB 33:1","ot"
"JOB 33:31","ot"
"JOB 34:1","ot"
"JOB 34:35","ot"
"JOB 34:36","ot"
"JOB 34:5","ot"
"JOB 34:7","ot"
"JOB 35:1","ot"
"JOB 35:16","ot"
"JOB 36:1","ot"
"JOB 37:14","ot"
"JOB 38:1","ot"
"JOB 4:1","ot"
"JOB 40:1","ot"
"JOB 40:3","ot"
"JOB 40:6","ot"
"JOB 42:1","ot"
"JOB 42:10","ot"
"JOB 42:12","ot"
"JOB 42:14","ot"
"JOB 42:15","ot"
"JOB 42:16","ot"
"JOB 42:17","ot"
"JOB 42:7","ot"
"JOB 42:8","ot"
"JOB 42:9","ot"
"JOB 6:1","ot"
"JOB 8:1","ot"
"JOB 9:1","ot"
"JOL 1:1","ot"
"JOL 2:27","ot"
"JOL 3:1","ot"
"JOL 3:16","ot"
"JOL 3:18","ot"
"JOL 3:19","ot"
"JOL 3:2","ot"
"JOL 3:20","ot"
"JOL 3:6","ot"
"JOL 3:8","ot"
"JON 1:1","ot"
"JON 1:15","ot"
"JON 1:17","ot"
"JON 1:3","ot"
"JON 1:5","ot"
"JON 1:7","ot"
"JON 2:1","ot"
"JON 2:10","ot"
"JON 3:1","ot"
"JON 3:3","ot"
"JON 3:4","ot"
"JON 4:1","ot"
"JON 4:5","ot"
"JON 4:6","ot"
"JON 4:8","ot"
"JON 4:9","ot"
"JOS 1:1","ot"
"JOS 1:10","ot"
"JOS 1:12","ot"
"JOS 1:13","ot"
"JOS 1:14","ot"
"JOS 1:15","ot"
"JOS 1:16","ot"
"JOS 1:17","ot"
"JOS 1:2","ot"
"JOS 1:3","ot"
"JOS 1:4","ot"
"JOS 1:5","ot"
"JOS 1:7","ot"
"JOS 10:1","ot"
"JOS 10:10","ot"
"JOS 10:11","ot"
"JOS 10:12","ot"
"JOS 10:14","ot"
"JOS 10:15","ot"
"JOS 10:17","ot"
"JOS 10:18","ot"
"JOS 10:20","ot"
"JOS 10:21","ot"
"JOS 10:22","ot"
"JOS 10:24","ot"
"JOS 10:25","ot"
"JOS 10:26","ot"
"JOS 10:27","ot"
"JOS 10:28","ot"
"JOS 10:29","ot"
"JOS 10:3","ot"
"JOS 10:30","ot"
"JOS 10:31","ot"
"JOS 10:32","ot"
"JOS 10:33","ot"
"JOS 10:34","ot"
"JOS 10:36","ot"
"JOS 10:38","ot"
"JOS 10:4","ot"
"JOS 10:40","ot"
"JOS 10:41","ot"
"JOS 10:42","ot"
"JOS 10:43","ot"
"JOS 10:6","ot"
"JOS 10:7","ot"
"JOS 10:8","ot"
"JOS 10:9","ot"
"JOS 11:1","ot"
"JOS 11:10","ot"
"JOS 11:12","ot"
"JOS 11:13","ot"
"JOS 11:14","ot"
"JOS 11:15","ot"
"JOS 11:16","ot"
"JOS 11:18","ot"
"JOS 11:19","ot"
"JOS 11:20","ot"
"JOS 11:21","ot"
"JOS 11:22","ot"
"JOS 11:23","ot"
"JOS 11:3","ot"
"JOS 11:5","ot"
"JOS 11:6","ot"
"JOS 11:7","ot"
"JOS 11:8","ot"
"JOS 11:9","ot"
"JOS 12:1","ot"
"JOS 12:2","ot"
"JOS 12:4","ot"
"JOS 12:5","ot"
"JOS 12:6","ot"
"JOS 12:7","ot"
"JOS 12:8","ot"
"JOS 13:1","ot"
"JOS 13:10","ot"
"JOS 13:12","ot"
"JOS 13:13","ot"
"JOS 13:14","ot"
"JOS 13:15","ot"
"JOS 13:21","ot"
"JOS 13:22","ot"
"JOS 13:23","ot"
"JOS 13:24","ot"
"JOS 13:27","ot"
"JOS 13:28","ot"
"JOS 13:29","ot"
"JOS 13:30","ot"
"JOS 13:31","ot"
"JOS 13:32","ot"
"JOS 13:33","ot"
"JOS 13:6","ot"
"JOS 13:7","ot"
"JOS 13:8","ot"
"JOS 14:1","ot"
"JOS 14:10","ot"
"JOS 14:11","ot"
"JOS 14:12","ot"
"JOS 14:13","ot"
"JOS 14:14","ot"
"JOS 14:15","ot"
"JOS 14:2","ot"
"JOS 14:3","ot"
"JOS 14:4","ot"
"JOS 14:5","ot"
"JOS 14:6","ot"
"JOS 14:7","ot"
"JOS 14:9","ot"
"JOS 15:1","ot"
"JOS 15:12","ot"
"JOS 15:13","ot"
"JOS 15:14","ot"
"JOS 15:16","ot"
"JOS 15:17","ot"
"JOS 15:18","ot"
"JOS 15:20","ot"
"JOS 15:21","ot"
"JOS 15:6","ot"
"JOS 15:63","ot"
"JOS 16:1","ot"
"JOS 16:10","ot"
"JOS 16:3","ot"
"JOS 16:4","ot"
"JOS 16:5","ot"
"JOS 16:8","ot"
"JOS 16:9","ot"
"JOS 17:1","ot"
"JOS 17:10","ot"
"JOS 17:11","ot"
"JOS 17:12","ot"
"JOS 17:13","ot"
"JOS 17:14","ot"
"JOS 17:15","ot"
"JOS 17:16","ot"
"JOS 17:17","ot"
"JOS 17:2","ot"
"JOS 17:3","ot"
"JOS 17:4","ot"
"JOS 17:5","ot"
"JOS 17:6","ot"
"JOS 17:7","ot"
"JOS 17:8","ot"
"JOS 17:9","ot"
"JOS 18:1","ot"
"JOS 18:10","ot"
"JOS 18:11","ot"
"JOS 18:14","ot"
"JOS 18:17","ot"
"JOS 18:2","ot"
"JOS 18:20","ot"
"JOS 18:21","ot"
"JOS 18:28","ot"
"JOS 18:3","ot"
"JOS 18:5","ot"
"JOS 18:7","ot"
"JOS 18:8","ot"
"JOS 18:9","ot"
"JOS 19:1","ot"
"JOS 19:10","ot"
"JOS 19:16","ot"
"JOS 19:17","ot"
"JOS 19:23","ot"
"JOS 19:24","ot"
"JOS 19:27","ot"
"JOS 19:31","ot"
"JOS 19:32","ot"
"JOS 19:34","ot"
"JOS 19:39","ot"
"JOS 19:49","ot"
"JOS 19:50","ot"
"JOS 19:51","ot"
"JOS 19:8","ot"
"JOS 19:9","ot"
"JOS 2:1","ot"
"JOS 2:10","ot"
"JOS 2:2","ot"
"JOS 2:23","ot"
"JOS 2:24","ot"
"JOS 2:3","ot"
"JOS 20:1","ot"
"JOS 20:2","ot"
"JOS 20:7","ot"
"JOS 20:8","ot"
"JOS 20:9","ot"
"JOS 21:1","ot"
"JOS 21:10","ot"
"JOS 21:11","ot"
"JOS 21:12","ot"
"JOS 21:13","ot"
"JOS 21:17","ot"
"JOS 21:19","ot"
"JOS 21:2","ot"
"JOS 21:20","ot"
"JOS 21:21","ot"
"JOS 21:25","ot"
"JOS 21:26","ot"
"JOS 21:27","ot"
"JOS 21:28","ot"
"JOS 21:3","ot"
"JOS 21:30","ot"
"JOS 21:32","ot"
"JOS 21:33","ot"
"JOS 21:34","ot"
"JOS 21:36","ot"
"JOS 21:38","ot"
"JOS 21:4","ot"
"JOS 21:40","ot"
"JOS 21:41","ot"
"JOS 21:43","ot"
"JOS 21:45","ot"
"JOS 21:5","ot"
"JOS 21:6","ot"
"JOS 21:7","ot"
"JOS 21:8","ot"
"JOS 21:9","ot"
"JOS 22:1","ot"
"JOS 22:10","ot"
"JOS 22:11","ot"
"JOS 22:12","ot"
"JOS 22:13","ot"
"JOS 22:14","ot"
"JOS 22:15","ot"
"JOS 22:16","ot"
"JOS 22:18","ot"
"JOS 22:2","ot"
"JOS 22:20","ot"
"JOS 22:21","ot"
"JOS 22:22","ot"
"JOS 22:24","ot"
"JOS 22:25","ot"
"JOS 22:30","ot"
"JOS 22:31","ot"
"JOS 22:32","ot"
"JOS 22:33","ot"
"JOS 22:34","ot"
"JOS 22:4","ot"
"JOS 22:5","ot"
"JOS 22:6","ot"
"JOS 22:7","ot"
"JOS 22:9","ot"
"JOS 23:1","ot"
"JOS 23:2","ot"
"JOS 23:6","ot"
"JOS 24:1","ot"
"JOS 24:10","ot"
"JOS 24:11","ot"
"JOS 24:19","ot"
"JOS 24:2","ot"
"JOS 24:21","ot"
"JOS 24:22","ot"
"JOS 24:23","ot"
"JOS 24:24","ot"
"JOS 24:25","ot"
"JOS 24:26","ot"
"JOS 24:27","ot"
"JOS 24:28","ot"
"JOS 24:29","ot"
"JOS 24:3","ot"
"JOS 24:30","ot"
"JOS 24:31","ot"
"JOS 24:32","ot"
"JOS 24:33","ot"
"JOS 24:4","ot"
"JOS 24:5","ot"
"JOS 24:9","ot"
"JOS 3:1","ot"
"JOS 3:10","ot"
"JOS 3:12","ot"
"JOS 3:17","ot"
"JOS 3:3","ot"
"JOS 3:5","ot"
"JOS 3:6","ot"
"JOS 3:7","ot"
"JOS 3:9","ot"
"JOS 4:1","ot"
"JOS 4:10","ot"
"JOS 4:12","ot"
"JOS 4:14","ot"
"JOS 4:15","ot"
"JOS 4:17","ot"
"JOS 4:20","ot"
"JOS 4:21","ot"
"JOS 4:22","ot"
"JOS 4:4","ot"
"JOS 4:5","ot"
"JOS 4:7","ot"
"JOS 4:8","ot"
"JOS 4:9","ot"
"JOS 5:1","ot"
"JOS 5:10","ot"
"JOS 5:12","ot"
"JOS 5:13","ot"
"JOS 5:14","ot"
"JOS 5:15","ot"
"JOS 5:2","ot"
"JOS 5:3","ot"
"JOS 5:4","ot"
"JOS 5:6","ot"
"JOS 5:7","ot"
"JOS 5:9","ot"
"JOS 6:1","ot"
"JOS 6:10","ot"
"JOS 6:12","ot"
"JOS 6:16","ot"
"JOS 6:17","ot"
"JOS 6:18","ot"
"JOS 6:2","ot"
"JOS 6:22","ot"
"JOS 6:23","ot"
"JOS 6:25","ot"
"JOS 6:26","ot"
"JOS 6:27","ot"
"JOS 6:6","ot"
"JOS 6:8","ot"
"JOS 7:1","ot"
"JOS 7:10","ot"
"JOS 7:11","ot"
"JOS 7:12","ot"
"JOS 7:13","ot"
"JOS 7:15","ot"
"JOS 7:16","ot"
"JOS 7:17","ot"
"JOS 7:18","ot"
"JOS 7:19","ot"
"JOS 7:2","ot"
"JOS 7:20","ot"
"JOS 7:22","ot"
"JOS 7:23","ot"
"JOS 7:24","ot"
"JOS 7:25","ot"
"JOS 7:3","ot"
"JOS 7:6","ot"
"JOS 7:7","ot"
"JOS 7:8","ot"
"JOS 8:1","ot"
"JOS 8:10","ot"
"JOS 8:13","ot"
"JOS 8:14","ot"
"JOS 8:15","ot"
"JOS 8:16","ot"
"JOS 8:17","ot"
"JOS 8:18","ot"
"JOS 8:21","ot"
"JOS 8:22","ot"
"JOS 8:23","ot"
"JOS 8:24","ot"
"JOS 8:26","ot"
"JOS 8:27","ot"
"JOS 8:28","ot"
"JOS 8:29","ot"
"JOS 8:3","ot"
"JOS 8:30","ot"
"JOS 8:31","ot"
"JOS 8:32","ot"
"JOS 8:33","ot"
"JOS 8:35","ot"
"JOS 8:9","ot"
"JOS 9:1","ot"
"JOS 9:10","ot"
"JOS 9:15","ot"
"JOS 9:17","ot"
"JOS 9:18","ot"
"JOS 9:19","ot"
"JOS 9:2","ot"
"JOS 9:22","ot"
"JOS 9:24","ot"
"JOS 9:26","ot"
"JOS 9:27","ot"
"JOS 9:3","ot"
"JOS 9:6","ot"
"JOS 9:7","ot"
"JOS 9:8","ot"
"Josephus, Antiquities 18.116-119",""
"JUD 1:1","nt"
"JUD 1:11","nt"
"JUD 1:14","nt"
"JUD 1:17","nt"
"JUD 1:21","nt"
"JUD 1:25","nt"
"JUD 1:4","nt"
"JUD 1:5","nt"
"JUD 1:9","nt"
"LAM 1:15","ot"
"LAM 1:17","ot"
"LAM 1:3","ot"
"LAM 2:1","ot"
"LAM 2:2","ot"
"LAM 2:3","ot"
"LAM 2:5","ot"
"LAM 5:11","ot"
"LEV 1:1","ot"
"LEV 1:11","ot"
"LEV 1:2","ot"
"LEV 1:5","ot"
"LEV 1:7","ot"
"LEV 1:8","ot"
"LEV 10:1","ot"
"LEV 10:11","ot"
"LEV 10:12","ot"
"LEV 10:14","ot"
"LEV 10:16","ot"
"LEV 10:19","ot"
"LEV 10:20","ot"
"LEV 10:3","ot"
"LEV 10:4","ot"
"LEV 10:5","ot"
"LEV 10:6","ot"
"LEV 10:7","ot"
"LEV 10:8","ot"
"LEV 11:1","ot"
"LEV 11:2","ot"
"LEV 12:1","ot"
"LEV 12:2","ot"
"LEV 13:1","ot"
"LEV 13:2","ot"
"LEV 14:1","ot"
"LEV 14:33","ot"
"LEV 15:1","ot"
"LEV 15:2","ot"
"LEV 15:31","ot"
"LEV 16:1","ot"
"LEV 16:11","ot"
"LEV 16:16","ot"
"LEV 16:17","ot"
"LEV 16:19","ot"
"LEV 16:2","ot"
"LEV 16:21","ot"
"LEV 16:23","ot"
"LEV 16:3","ot"
"LEV 16:34","ot"
"LEV 16:5","ot"
"LEV 16:6","ot"
"LEV 16:8","ot"
"LEV 16:9","ot"
"LEV 17:1","ot"
"LEV 17:10","ot"
"LEV 17:12","ot"
"LEV 17:13","ot"
"LEV 17:14","ot"
"LEV 17:2","ot"
"LEV 17:3","ot"
"LEV 17:5","ot"
"LEV 17:8","ot"
"LEV 18:1","ot"
"LEV 18:2","ot"
"LEV 19:1","ot"
"LEV 19:2","ot"
"LEV 2:10","ot"
"LEV 2:2","ot"
"LEV 2:3","ot"
"LEV 20:1","ot"
"LEV 20:2","ot"
"LEV 21:1","ot"
"LEV 21:16","ot"
"LEV 21:17","ot"
"LEV 21:21","ot"
"LEV 21:24","ot"
"LEV 22:1","ot"
"LEV 22:15","ot"
"LEV 22:17","ot"
"LEV 22:18","ot"
"LEV 22:2","ot"
"LEV 22:26","ot"
"LEV 22:3","ot"
"LEV 22:32","ot"
"LEV 22:4","ot"
"LEV 23:1","ot"
"LEV 23:10","ot"
"LEV 23:2","ot"
"LEV 23:23","ot"
"LEV 23:24","ot"
"LEV 23:26","ot"
"LEV 23:33","ot"
"LEV 23:34","ot"
"LEV 23:42","ot"
"LEV 23:43","ot"
"LEV 23:44","ot"
"LEV 23:9","ot"
"LEV 24:1","ot"
"LEV 24:10","ot"
"LEV 24:11","ot"
"LEV 24:13","ot"
"LEV 24:15","ot"
"LEV 24:2","ot"
"LEV 24:23","ot"
"LEV 24:3","ot"
"LEV 24:8","ot"
"LEV 24:9","ot"
"LEV 25:1","ot"
"LEV 25:2","ot"
"LEV 25:32","ot"
"LEV 25:33","ot"
"LEV 25:46","ot"
"LEV 25:55","ot"
"LEV 26:42","ot"
"LEV 26:46","ot"
"LEV 27:1","ot"
"LEV 27:2","ot"
"LEV 27:34","ot"
"LEV 3:13","ot"
"LEV 3:2","ot"
"LEV 3:5","ot"
"LEV 3:8","ot"
"LEV 4:1","ot"
"LEV 4:13","ot"
"LEV 4:2","ot"
"LEV 5:14","ot"
"LEV 6:1","ot"
"LEV 6:14","ot"
"LEV 6:16","ot"
"LEV 6:18","ot"
"LEV 6:19","ot"
"LEV 6:20","ot"
"LEV 6:24","ot"
"LEV 6:25","ot"
"LEV 6:8","ot"
"LEV 6:9","ot"
"LEV 7:10","ot"
"LEV 7:22","ot"
"LEV 7:23","ot"
"LEV 7:28","ot"
"LEV 7:29","ot"
"LEV 7:31","ot"
"LEV 7:33","ot"
"LEV 7:34","ot"
"LEV 7:35","ot"
"LEV 7:36","ot"
"LEV 7:38","ot"
"LEV 8:1","ot"
"LEV 8:10","ot"
"LEV 8:12","ot"
"LEV 8:13","ot"
"LEV 8:14","ot"
"LEV 8:15","ot"
"LEV 8:16","ot"
"LEV 8:17","ot"
"LEV 8:18","ot"
"LEV 8:19","ot"
"LEV 8:2","ot"
"LEV 8:20","ot"
"LEV 8:21","ot"
"LEV 8:22","ot"
"LEV 8:23","ot"
"LEV 8:24","ot"
"LEV 8:27","ot"
"LEV 8:28","ot"
"LEV 8:29","ot"
"LEV 8:30","ot"
"LEV 8:31","ot"
"LEV 8:36","ot"
"LEV 8:4","ot"
"LEV 8:5","ot"
"LEV 8:6","ot"
"LEV 8:9","ot"
"LEV 9:1","ot"
"LEV 9:10","ot"
"LEV 9:12","ot"
"LEV 9:18","ot"
"LEV 9:2","ot"
"LEV 9:21","ot"
"LEV 9:22","ot"
"LEV 9:23","ot"
"LEV 9:3","ot"
"LEV 9:5","ot"
"LEV 9:6","ot"
"LEV 9:7","ot"
"LEV 9:8","ot"
"LEV 9:9","ot"
"LUK 1:12","nt"
"LUK 1:13","nt"
"LUK 1:17","nt"
"LUK 1:18","nt"
"LUK 1:21","nt"
"LUK 1:24","nt"
"LUK 1:27","nt"
"LUK 1:3","nt"
"LUK 1:30","nt"
"LUK 1:31","nt"
"LUK 1:32","nt"
"LUK 1:33","nt"
"LUK 1:34","nt"
"LUK 1:36","nt"
"LUK 1:38","nt"
"LUK 1:39","nt"
"LUK 1:40","nt"
"LUK 1:41","nt"
"LUK 1:46","nt"
"LUK 1:5","nt"
"LUK 1:55","nt"
"LUK 1:56","nt"
"LUK 1:57","nt"
"LUK 1:59","nt"
"LUK 1:60","nt"
"LUK 1:63","nt"
"LUK 1:67","nt"
"LUK 1:69","nt"
"LUK 1:7","nt"
"LUK 1:73","nt"
"LUK 10:21","nt"
"LUK 10:29","nt"
"LUK 10:30","nt"
"LUK 10:37","nt"
"LUK 10:38","nt"
"LUK 10:38-40","nt"
"LUK 10:39","nt"
"LUK 10:40","nt"
"LUK 10:41","nt"
"LUK 10:42","nt"
"LUK 11:1","nt"
"LUK 11:29","nt"
"LUK 11:30","nt"
"LUK 11:31","nt"
"LUK 11:32","nt"
"LUK 11:51","nt"
"LUK 12:27","nt"
"LUK 12:41","nt"
"LUK 13:1","nt"
"LUK 13:12","nt"
"LUK 13:14","nt"
"LUK 13:16","nt"
"LUK 13:28","nt"
"LUK 13:31","nt"
"LUK 14:3","nt"
"LUK 16:16","nt"
"LUK 16:20","nt"
"LUK 16:22","nt"
"LUK 16:23","nt"
"LUK 16:24","nt"
"LUK 16:25","nt"
"LUK 16:29","nt"
"LUK 16:30","nt"
"LUK 16:31","nt"
"LUK 17:13","nt"
"LUK 17:17","nt"
"LUK 17:26","nt"
"LUK 17:27","nt"
"LUK 17:28","nt"
"LUK 17:29","nt"
"LUK 17:32","nt"
"LUK 18:16","nt"
"LUK 18:19","nt"
"LUK 18:22","nt"
"LUK 18:24","nt"
"LUK 18:28","nt"
"LUK 18:37","nt"
"LUK 18:38","nt"
"LUK 18:39","nt"
"LUK 18:40","nt"
"LUK 18:42","nt"
"LUK 19:2","nt"
"LUK 19:3","nt"
"LUK 19:35","nt"
"LUK 19:5","nt"
"LUK 19:5-6","nt"
"LUK 19:8","nt"
"LUK 19:9","nt"
"LUK 2:1","nt"
"LUK 2:1-5","nt"
"LUK 2:11","nt"
"LUK 2:16","nt"
"LUK 2:19","nt"
"LUK 2:2","nt"
"LUK 2:21","nt"
"LUK 2:22","nt"
"LUK 2:25","nt"
"LUK 2:26","nt"
"LUK 2:27","nt"
"LUK 2:33","nt"
"LUK 2:34","nt"
"LUK 2:34-35","nt"
"LUK 2:36","nt"
"LUK 2:4","nt"
"LUK 2:43","nt"
"LUK 2:5","nt"
"LUK 2:52","nt"
"LUK 20:22","nt"
"LUK 20:24","nt"
"LUK 20:25","nt"
"LUK 20:28","nt"
"LUK 20:34","nt"
"LUK 20:37","nt"
"LUK 20:4","nt"
"LUK 20:41","nt"
"LUK 20:42","nt"
"LUK 20:44","nt"
"LUK 20:6","nt"
"LUK 20:8","nt"
"LUK 22:3","nt"
"LUK 22:31","nt"
"LUK 22:34","nt"
"LUK 22:47","nt"
"LUK 22:48","nt"
"LUK 22:51","nt"
"LUK 22:52","nt"
"LUK 22:54","nt"
"LUK 22:55","nt"
"LUK 22:58","nt"
"LUK 22:60","nt"
"LUK 22:61","nt"
"LUK 22:62","nt"
"LUK 22:67","nt"
"LUK 22:8","nt"
"LUK 23:1","nt"
"LUK 23:11","nt"
"LUK 23:12","nt"
"LUK 23:13","nt"
"LUK 23:15","nt"
"LUK 23:18","nt"
"LUK 23:2","nt"
"LUK 23:20","nt"
"LUK 23:24","nt"
"LUK 23:25","nt"
"LUK 23:26","nt"
"LUK 23:28","nt"
"LUK 23:3","nt"
"LUK 23:34","nt"
"LUK 23:35","nt"
"LUK 23:39","nt"
"LUK 23:4","nt"
"LUK 23:42","nt"
"LUK 23:46","nt"
"LUK 23:50","nt"
"LUK 23:52","nt"
"LUK 23:6","nt"
"LUK 23:7","nt"
"LUK 23:7-11","nt"
"LUK 23:8","nt"
"LUK 24:10","nt"
"LUK 24:12","nt"
"LUK 24:15","nt"
"LUK 24:18","nt"
"LUK 24:19","nt"
"LUK 24:26","nt"
"LUK 24:27","nt"
"LUK 24:3","nt"
"LUK 24:34","nt"
"LUK 24:36","nt"
"LUK 24:44","nt"
"LUK 24:46","nt"
"LUK 3:1","nt"
"LUK 3:15","nt"
"LUK 3:16","nt"
"LUK 3:19","nt"
"LUK 3:2","nt"
"LUK 3:20","nt"
"LUK 3:21","nt"
"LUK 3:23","nt"
"LUK 3:24","nt"
"LUK 3:25","nt"
"LUK 3:26","nt"
"LUK 3:27","nt"
"LUK 3:28","nt"
"LUK 3:29","nt"
"LUK 3:30","nt"
"LUK 3:31","nt"
"LUK 3:32","nt"
"LUK 3:33","nt"
"LUK 3:34","nt"
"LUK 3:35","nt"
"LUK 3:36","nt"
"LUK 3:37","nt"
"LUK 3:38","nt"
"LUK 3:4","nt"
"LUK 3:8","nt"
"LUK 4:1","nt"
"LUK 4:12","nt"
"LUK 4:14","nt"
"LUK 4:17","nt"
"LUK 4:22","nt"
"LUK 4:25","nt"
"LUK 4:26","nt"
"LUK 4:27","nt"
"LUK 4:34","nt"
"LUK 4:35","nt"
"LUK 4:38","nt"
"LUK 4:4","nt"
"LUK 4:41","nt"
"LUK 4:8","nt"
"LUK 5:10","nt"
"LUK 5:12","nt"
"LUK 5:14","nt"
"LUK 5:19","nt"
"LUK 5:22","nt"
"LUK 5:27","nt"
"LUK 5:29","nt"
"LUK 5:3","nt"
"LUK 5:31","nt"
"LUK 5:33","nt"
"LUK 5:4","nt"
"LUK 5:5","nt"
"LUK 5:8","nt"
"LUK 6:11","nt"
"LUK 6:14","nt"
"LUK 6:15","nt"
"LUK 6:16","nt"
"LUK 6:3","nt"
"LUK 6:9","nt"
"LUK 7:18","nt"
"LUK 7:19","nt"
"LUK 7:20","nt"
"LUK 7:22","nt"
"LUK 7:24","nt"
"LUK 7:28","nt"
"LUK 7:29","nt"
"LUK 7:3","nt"
"LUK 7:33","nt"
"LUK 7:4","nt"
"LUK 7:40","nt"
"LUK 7:43","nt"
"LUK 7:44","nt"
"LUK 7:6","nt"
"LUK 7:9","nt"
"LUK 8:2","nt"
"LUK 8:28","nt"
"LUK 8:3","nt"
"LUK 8:30","nt"
"LUK 8:35","nt"
"LUK 8:38","nt"
"LUK 8:39","nt"
"LUK 8:40","nt"
"LUK 8:41","nt"
"LUK 8:45","nt"
"LUK 8:46","nt"
"LUK 8:50","nt"
"LUK 8:51","nt"
"LUK 9:19","nt"
"LUK 9:20","nt"
"LUK 9:28","nt"
"LUK 9:30","nt"
"LUK 9:32","nt"
"LUK 9:33","nt"
"LUK 9:36","nt"
"LUK 9:41","nt"
"LUK 9:42","nt"
"LUK 9:43","nt"
"LUK 9:47","nt"
"LUK 9:49","nt"
"LUK 9:50","nt"
"LUK 9:54","nt"
"LUK 9:58","nt"
"LUK 9:60","nt"
"LUK 9:62","nt"
"LUK 9:7","nt"
"LUK 9:8","nt"
"LUK 9:9","nt"
"MAL 1:1","ot"
"MAL 1:2","ot"
"MAL 1:3","ot"
"MAL 1:5","ot"
"MAL 2:11","ot"
"MAL 2:12","ot"
"MAL 2:16","ot"
"MAL 2:4","ot"
"MAL 2:8","ot"
"MAL 3:3","ot"
"MAL 3:4","ot"
"MAL 3:6","ot"
"MAL 4:4","ot"
"MAL 4:5","ot"
"MAT 1:1","nt"
"MAT 1:10","nt"
"MAT 1:11","nt"
"MAT 1:12","nt"
"MAT 1:13","nt"
"MAT 1:14","nt"
"MAT 1:15","nt"
"MAT 1:16","nt"
"MAT 1:17","nt"
"MAT 1:18","nt"
"MAT 1:19","nt"
"MAT 1:2","nt"
"MAT 1:20","nt"
"MAT 1:21","nt"
"MAT 1:23","nt"
"MAT 1:24","nt"
"MAT 1:25","nt"
"MAT 1:3","nt"
"MAT 1:4","nt"
"MAT 1:5","nt"
"MAT 1:6","nt"
"MAT 1:7","nt"
"MAT 1:8","nt"
"MAT 1:9","nt"
"MAT 10:1-5","nt"
"MAT 10:2","nt"
"MAT 10:3","nt"
"MAT 10:4","nt"
"MAT 10:5","nt"
"MAT 11:1","nt"
"MAT 11:11","nt"
"MAT 11:12","nt"
"MAT 11:13","nt"
"MAT 11:14","nt"
"MAT 11:18","nt"
"MAT 11:2","nt"
"MAT 11:25","nt"
"MAT 11:4","nt"
"MAT 11:7","nt"
"MAT 12:1","nt"
"MAT 12:15","nt"
"MAT 12:17","nt"
"MAT 12:23","nt"
"MAT 12:25","nt"
"MAT 12:3","nt"
"MAT 12:39","nt"
"MAT 12:40","nt"
"MAT 12:41","nt"
"MAT 12:42","nt"
"MAT 13:1","nt"
"MAT 13:14","nt"
"MAT 13:34","nt"
"MAT 13:53","nt"
"MAT 13:55","nt"
"MAT 13:57","nt"
"MAT 14:1","nt"
"MAT 14:10","nt"
"MAT 14:12","nt"
"MAT 14:13","nt"
"MAT 14:16","nt"
"MAT 14:2","nt"
"MAT 14:27","nt"
"MAT 14:28","nt"
"MAT 14:29","nt"
"MAT 14:3","nt"
"MAT 14:3-10","nt"
"MAT 14:31","nt"
"MAT 14:4","nt"
"MAT 14:6","nt"
"MAT 14:8","nt"
"MAT 15:1","nt"
"MAT 15:15","nt"
"MAT 15:16","nt"
"MAT 15:21","nt"
"MAT 15:22","nt"
"MAT 15:28","nt"
"MAT 15:29","nt"
"MAT 15:32","nt"
"MAT 15:34","nt"
"MAT 15:7","nt"
"MAT 16:13","nt"
"MAT 16:14","nt"
"MAT 16:16","nt"
"MAT 16:17","nt"
"MAT 16:18","nt"
"MAT 16:20","nt"
"MAT 16:21","nt"
"MAT 16:22","nt"
"MAT 16:23","nt"
"MAT 16:24","nt"
"MAT 16:4","nt"
"MAT 16:6","nt"
"MAT 16:8","nt"
"MAT 17:1","nt"
"MAT 17:10","nt"
"MAT 17:11","nt"
"MAT 17:12","nt"
"MAT 17:13","nt"
"MAT 17:17","nt"
"MAT 17:18","nt"
"MAT 17:19","nt"
"MAT 17:22","nt"
"MAT 17:24","nt"
"MAT 17:25","nt"
"MAT 17:26","nt"
"MAT 17:3","nt"
"MAT 17:4","nt"
"MAT 17:7","nt"
"MAT 17:8","nt"
"MAT 17:9","nt"
"MAT 18:1","nt"
"MAT 18:21","nt"
"MAT 18:22","nt"
"MAT 19:1","nt"
"MAT 19:14","nt"
"MAT 19:18","nt"
"MAT 19:21","nt"
"MAT 19:23","nt"
"MAT 19:26","nt"
"MAT 19:27","nt"
"MAT 19:28","nt"
"MAT 19:7","nt"
"MAT 19:8","nt"
"MAT 2:1","nt"
"MAT 2:11","nt"
"MAT 2:12","nt"
"MAT 2:13","nt"
"MAT 2:13-16","nt"
"MAT 2:15","nt"
"MAT 2:16","nt"
"MAT 2:17","nt"
"MAT 2:18","nt"
"MAT 2:19","nt"
"MAT 2:22","nt"
"MAT 2:3","nt"
"MAT 2:4","nt"
"MAT 2:6","nt"
"MAT 2:7","nt"
"MAT 20:17","nt"
"MAT 20:20","nt"
"MAT 20:22","nt"
"MAT 20:25","nt"
"MAT 20:30","nt"
"MAT 20:31","nt"
"MAT 20:32","nt"
"MAT 20:34","nt"
"MAT 21:1","nt"
"MAT 21:11","nt"
"MAT 21:12","nt"
"MAT 21:15","nt"
"MAT 21:16","nt"
"MAT 21:21","nt"
"MAT 21:24","nt"
"MAT 21:25","nt"
"MAT 21:26","nt"
"MAT 21:27","nt"
"MAT 21:31","nt"
"MAT 21:32","nt"
"MAT 21:42","nt"
"MAT 21:6","nt"
"MAT 21:9","nt"
"MAT 22:1","nt"
"MAT 22:17","nt"
"MAT 22:18","nt"
"MAT 22:21","nt"
"MAT 22:24","nt"
"MAT 22:29","nt"
"MAT 22:32","nt"
"MAT 22:41","nt"
"MAT 22:42","nt"
"MAT 22:43","nt"
"MAT 22:45","nt"
"MAT 23:1","nt"
"MAT 23:10","nt"
"MAT 23:2","nt"
"MAT 23:35","nt"
"MAT 24:1","nt"
"MAT 24:15","nt"
"MAT 24:2","nt"
"MAT 24:23","nt"
"MAT 24:37","nt"
"MAT 24:38","nt"
"MAT 24:4","nt"
"MAT 24:5","nt"
"MAT 26:1","nt"
"MAT 26:10","nt"
"MAT 26:14","nt"
"MAT 26:17","nt"
"MAT 26:19","nt"
"MAT 26:25","nt"
"MAT 26:26","nt"
"MAT 26:3","nt"
"MAT 26:31","nt"
"MAT 26:33","nt"
"MAT 26:34","nt"
"MAT 26:35","nt"
"MAT 26:36","nt"
"MAT 26:37","nt"
"MAT 26:4","nt"
"MAT 26:40","nt"
"MAT 26:47","nt"
"MAT 26:47-49","nt"
"MAT 26:49","nt"
"MAT 26:50","nt"
"MAT 26:51","nt"
"MAT 26:52","nt"
"MAT 26:55","nt"
"MAT 26:57","nt"
"MAT 26:57-66","nt"
"MAT 26:58","nt"
"MAT 26:59","nt"
"MAT 26:6","nt"
"MAT 26:63","nt"
"MAT 26:64","nt"
"MAT 26:68","nt"
"MAT 26:69","nt"
"MAT 26:71","nt"
"MAT 26:73","nt"
"MAT 26:75","nt"
"MAT 27:1","nt"
"MAT 27:11","nt"
"MAT 27:13","nt"
"MAT 27:16","nt"
"MAT 27:17","nt"
"MAT 27:2","nt"
"MAT 27:20","nt"
"MAT 27:21","nt"
"MAT 27:22","nt"
"MAT 27:24","nt"
"MAT 27:26","nt"
"MAT 27:27","nt"
"MAT 27:3","nt"
"MAT 27:32","nt"
"MAT 27:37","nt"
"MAT 27:46","nt"
"MAT 27:47","nt"
"MAT 27:49","nt"
"MAT 27:50","nt"
"MAT 27:54","nt"
"MAT 27:55","nt"
"MAT 27:56","nt"
"MAT 27:57","nt"
"MAT 27:58","nt"
"MAT 27:59","nt"
"MAT 27:61","nt"
"MAT 27:62","nt"
"MAT 27:65","nt"
"MAT 27:9","nt"
"MAT 28:1","nt"
"MAT 28:10","nt"
"MAT 28:16","nt"
"MAT 28:18","nt"
"MAT 28:5","nt"
"MAT 28:9","nt"
"MAT 3:1","nt"
"MAT 3:13","nt"
"MAT 3:14","nt"
"MAT 3:15","nt"
"MAT 3:16","nt"
"MAT 3:3","nt"
"MAT 3:4","nt"
"MAT 3:9","nt"
"MAT 4:1","nt"
"MAT 4:10","nt"
"MAT 4:12","nt"
"MAT 4:14","nt"
"MAT 4:17","nt"
"MAT 4:18","nt"
"MAT 4:18-22","nt"
"MAT 4:21","nt"
"MAT 4:23","nt"
"MAT 4:7","nt"
"MAT 6:29","nt"
"MAT 7:28","nt"
"MAT 8:10","nt"
"MAT 8:11","nt"
"MAT 8:13","nt"
"MAT 8:14","nt"
"MAT 8:17","nt"
"MAT 8:18","nt"
"MAT 8:20","nt"
"MAT 8:22","nt"
"MAT 8:3","nt"
"MAT 8:34","nt"
"MAT 8:4","nt"
"MAT 9:10","nt"
"MAT 9:14","nt"
"MAT 9:15","nt"
"MAT 9:19","nt"
"MAT 9:2","nt"
"MAT 9:22","nt"
"MAT 9:23","nt"
"MAT 9:27","nt"
"MAT 9:28","nt"
"MAT 9:30","nt"
"MAT 9:35","nt"
"MAT 9:4","nt"
"MAT 9:9","nt"
"MIC 1:1","ot"
"MIC 1:13","ot"
"MIC 1:14","ot"
"MIC 1:15","ot"
"MIC 1:5","ot"
"MIC 1:9","ot"
"MIC 2:12","ot"
"MIC 2:7","ot"
"MIC 3:1","ot"
"MIC 3:8","ot"
"MIC 3:9","ot"
"MIC 4:2","ot"
"MIC 5:1","ot"
"MIC 5:2","ot"
"MIC 5:3","ot"
"MIC 5:6","ot"
"MIC 5:7","ot"
"MIC 5:8","ot"
"MIC 6:16","ot"
"MIC 6:2","ot"
"MIC 6:4","ot"
"MIC 6:5","ot"
"MIC 7:20","ot"
"MRK 1:1","nt"
"MRK 1:14","nt"
"MRK 1:16","nt"
"MRK 1:17","nt"
"MRK 1:19","nt"
"MRK 1:2","nt"
"MRK 1:20","nt"
"MRK 1:24","nt"
"MRK 1:25","nt"
"MRK 1:29","nt"
"MRK 1:30","nt"
"MRK 1:36","nt"
"MRK 1:4","nt"
"MRK 1:44","nt"
"MRK 1:6","nt"
"MRK 1:9","nt"
"MRK 10:14","nt"
"MRK 10:18","nt"
"MRK 10:21","nt"
"MRK 10:23","nt"
"MRK 10:24","nt"
"MRK 10:27","nt"
"MRK 10:28","nt"
"MRK 10:29","nt"
"MRK 10:3","nt"
"MRK 10:32","nt"
"MRK 10:35","nt"
"MRK 10:38","nt"
"MRK 10:39","nt"
"MRK 10:4","nt"
"MRK 10:41","nt"
"MRK 10:42","nt"
"MRK 10:46","nt"
"MRK 10:47","nt"
"MRK 10:48","nt"
"MRK 10:49","nt"
"MRK 10:5","nt"
"MRK 10:50","nt"
"MRK 10:51","nt"
"MRK 10:52","nt"
"MRK 11:10","nt"
"MRK 11:21","nt"
"MRK 11:22","nt"
"MRK 11:29","nt"
"MRK 11:30","nt"
"MRK 11:32","nt"
"MRK 11:33","nt"
"MRK 11:6","nt"
"MRK 11:7","nt"
"MRK 12:14","nt"
"MRK 12:16","nt"
"MRK 12:17","nt"
"MRK 12:19","nt"
"MRK 12:24","nt"
"MRK 12:26","nt"
"MRK 12:29","nt"
"MRK 12:34","nt"
"MRK 12:35","nt"
"MRK 12:36","nt"
"MRK 12:37","nt"
"MRK 13:14","nt"
"MRK 13:2","nt"
"MRK 13:21","nt"
"MRK 13:3","nt"
"MRK 13:5","nt"
"MRK 14:10","nt"
"MRK 14:18","nt"
"MRK 14:22","nt"
"MRK 14:27","nt"
"MRK 14:29","nt"
"MRK 14:3","nt"
"MRK 14:30","nt"
"MRK 14:33","nt"
"MRK 14:37","nt"
"MRK 14:43","nt"
"MRK 14:48","nt"
"MRK 14:53","nt"
"MRK 14:54","nt"
"MRK 14:55","nt"
"MRK 14:6","nt"
"MRK 14:60","nt"
"MRK 14:61","nt"
"MRK 14:62","nt"
"MRK 14:66","nt"
"MRK 14:67","nt"
"MRK 14:70","nt"
"MRK 14:72","nt"
"MRK 15:1","nt"
"MRK 15:11","nt"
"MRK 15:12","nt"
"MRK 15:14","nt"
"MRK 15:15","nt"
"MRK 15:2","nt"
"MRK 15:21","nt"
"MRK 15:32","nt"
"MRK 15:34","nt"
"MRK 15:35","nt"
"MRK 15:36","nt"
"MRK 15:37","nt"
"MRK 15:4","nt"
"MRK 15:40","nt"
"MRK 15:43","nt"
"MRK 15:44","nt"
"MRK 15:45","nt"
"MRK 15:47","nt"
"MRK 15:5","nt"
"MRK 15:7","nt"
"MRK 15:9","nt"
"MRK 16:1","nt"
"MRK 16:6","nt"
"MRK 16:7","nt"
"MRK 16:9","nt"
"MRK 2:14","nt"
"MRK 2:15","nt"
"MRK 2:17","nt"
"MRK 2:18","nt"
"MRK 2:19","nt"
"MRK 2:25","nt"
"MRK 2:26","nt"
"MRK 2:5","nt"
"MRK 2:8","nt"
"MRK 3:16","nt"
"MRK 3:17","nt"
"MRK 3:18","nt"
"MRK 3:19","nt"
"MRK 3:7","nt"
"MRK 5:15","nt"
"MRK 5:20","nt"
"MRK 5:21","nt"
"MRK 5:22","nt"
"MRK 5:27","nt"
"MRK 5:30","nt"
"MRK 5:36","nt"
"MRK 5:37","nt"
"MRK 5:6","nt"
"MRK 5:7","nt"
"MRK 6:14","nt"
"MRK 6:15","nt"
"MRK 6:16","nt"
"MRK 6:17","nt"
"MRK 6:18","nt"
"MRK 6:19","nt"
"MRK 6:20","nt"
"MRK 6:21","nt"
"MRK 6:22","nt"
"MRK 6:24","nt"
"MRK 6:25","nt"
"MRK 6:3","nt"
"MRK 6:30","nt"
"MRK 6:34","nt"
"MRK 6:4","nt"
"MRK 7:10","nt"
"MRK 7:27","nt"
"MRK 7:6","nt"
"MRK 8:1","nt"
"MRK 8:15","nt"
"MRK 8:17","nt"
"MRK 8:27","nt"
"MRK 8:28","nt"
"MRK 8:29","nt"
"MRK 8:32","nt"
"MRK 8:33","nt"
"MRK 9:11","nt"
"MRK 9:12","nt"
"MRK 9:13","nt"
"MRK 9:2","nt"
"MRK 9:23","nt"
"MRK 9:25","nt"
"MRK 9:27","nt"
"MRK 9:38","nt"
"MRK 9:39","nt"
"MRK 9:4","nt"
"MRK 9:41","nt"
"MRK 9:5","nt"
"MRK 9:8","nt"
"NAH 1:1","ot"
"NAH 1:15","ot"
"NAH 2:2","ot"
"NEH 1:1","ot"
"NEH 1:2","ot"
"NEH 1:6","ot"
"NEH 1:7","ot"
"NEH 1:8","ot"
"NEH 10:1","ot"
"NEH 10:10","ot"
"NEH 10:11","ot"
"NEH 10:12","ot"
"NEH 10:13","ot"
"NEH 10:14","ot"
"NEH 10:15","ot"
"NEH 10:16","ot"
"NEH 10:17","ot"
"NEH 10:18","ot"
"NEH 10:19","ot"
"NEH 10:2","ot"
"NEH 10:20","ot"
"NEH 10:21","ot"
"NEH 10:22","ot"
"NEH 10:23","ot"
"NEH 10:24","ot"
"NEH 10:25","ot"
"NEH 10:26","ot"
"NEH 10:27","ot"
"NEH 10:28","ot"
"NEH 10:29","ot"
"NEH 10:3","ot"
"NEH 10:33","ot"
"NEH 10:34","ot"
"NEH 10:37","ot"
"NEH 10:38","ot"
"NEH 10:39","ot"
"NEH 10:4","ot"
"NEH 10:5","ot"
"NEH 10:6","ot"
"NEH 10:7","ot"
"NEH 10:8","ot"
"NEH 10:9","ot"
"NEH 11:10","ot"
"NEH 11:11","ot"
"NEH 11:12","ot"
"NEH 11:13","ot"
"NEH 11:14","ot"
"NEH 11:15","ot"
"NEH 11:16","ot"
"NEH 11:17","ot"
"NEH 11:18","ot"
"NEH 11:19","ot"
"NEH 11:20","ot"
"NEH 11:21","ot"
"NEH 11:22","ot"
"NEH 11:24","ot"
"NEH 11:25","ot"
"NEH 11:3","ot"
"NEH 11:31","ot"
"NEH 11:36","ot"
"NEH 11:4","ot"
"NEH 11:5","ot"
"NEH 11:6","ot"
"NEH 11:7","ot"
"NEH 11:8","ot"
"NEH 11:9","ot"
"NEH 12:1","ot"
"NEH 12:10","ot"
"NEH 12:11","ot"
"NEH 12:12","ot"
"NEH 12:13","ot"
"NEH 12:14","ot"
"NEH 12:15","ot"
"NEH 12:16","ot"
"NEH 12:17","ot"
"NEH 12:18","ot"
"NEH 12:19","ot"
"NEH 12:2","ot"
"NEH 12:20","ot"
"NEH 12:21","ot"
"NEH 12:22","ot"
"NEH 12:23","ot"
"NEH 12:24","ot"
"NEH 12:25","ot"
"NEH 12:26","ot"
"NEH 12:27","ot"
"NEH 12:3","ot"
"NEH 12:30","ot"
"NEH 12:31","ot"
"NEH 12:32","ot"
"NEH 12:33","ot"
"NEH 12:34","ot"
"NEH 12:35","ot"
"NEH 12:36","ot"
"NEH 12:37","ot"
"NEH 12:4","ot"
"NEH 12:41","ot"
"NEH 12:42","ot"
"NEH 12:44","ot"
"NEH 12:45","ot"
"NEH 12:46","ot"
"NEH 12:47","ot"
"NEH 12:5","ot"
"NEH 12:6","ot"
"NEH 12:7","ot"
"NEH 12:8","ot"
"NEH 12:9","ot"
"NEH 13:1","ot"
"NEH 13:10","ot"
"NEH 13:12","ot"
"NEH 13:13","ot"
"NEH 13:15","ot"
"NEH 13:16","ot"
"NEH 13:17","ot"
"NEH 13:18","ot"
"NEH 13:2","ot"
"NEH 13:22","ot"
"NEH 13:23","ot"
"NEH 13:26","ot"
"NEH 13:28","ot"
"NEH 13:29","ot"
"NEH 13:3","ot"
"NEH 13:30","ot"
"NEH 13:4","ot"
"NEH 13:5","ot"
"NEH 13:6","ot"
"NEH 13:7","ot"
"NEH 13:8","ot"
"NEH 2:1","ot"
"NEH 2:10","ot"
"NEH 2:16","ot"
"NEH 2:19","ot"
"NEH 2:5","ot"
"NEH 2:7","ot"
"NEH 2:8","ot"
"NEH 3:1","ot"
"NEH 3:10","ot"
"NEH 3:11","ot"
"NEH 3:12","ot"
"NEH 3:13","ot"
"NEH 3:14","ot"
"NEH 3:15","ot"
"NEH 3:16","ot"
"NEH 3:17","ot"
"NEH 3:18","ot"
"NEH 3:19","ot"
"NEH 3:2","ot"
"NEH 3:20","ot"
"NEH 3:21","ot"
"NEH 3:23","ot"
"NEH 3:24","ot"
"NEH 3:25","ot"
"NEH 3:29","ot"
"NEH 3:3","ot"
"NEH 3:30","ot"
"NEH 3:31","ot"
"NEH 3:4","ot"
"NEH 3:6","ot"
"NEH 3:7","ot"
"NEH 3:8","ot"
"NEH 3:9","ot"
"NEH 4:1","ot"
"NEH 4:10","ot"
"NEH 4:12","ot"
"NEH 4:16","ot"
"NEH 4:2","ot"
"NEH 4:3","ot"
"NEH 4:7","ot"
"NEH 5:1","ot"
"NEH 5:14","ot"
"NEH 5:17","ot"
"NEH 5:8","ot"
"NEH 6:1","ot"
"NEH 6:10","ot"
"NEH 6:12","ot"
"NEH 6:14","ot"
"NEH 6:17","ot"
"NEH 6:18","ot"
"NEH 6:19","ot"
"NEH 6:2","ot"
"NEH 6:5","ot"
"NEH 6:6","ot"
"NEH 6:7","ot"
"NEH 7:1","ot"
"NEH 7:10","ot"
"NEH 7:11","ot"
"NEH 7:12","ot"
"NEH 7:13","ot"
"NEH 7:14","ot"
"NEH 7:15","ot"
"NEH 7:16","ot"
"NEH 7:17","ot"
"NEH 7:18","ot"
"NEH 7:19","ot"
"NEH 7:2","ot"
"NEH 7:20","ot"
"NEH 7:21","ot"
"NEH 7:22","ot"
"NEH 7:23","ot"
"NEH 7:24","ot"
"NEH 7:34","ot"
"NEH 7:35","ot"
"NEH 7:39","ot"
"NEH 7:40","ot"
"NEH 7:41","ot"
"NEH 7:42","ot"
"NEH 7:43","ot"
"NEH 7:44","ot"
"NEH 7:45","ot"
"NEH 7:46","ot"
"NEH 7:47","ot"
"NEH 7:48","ot"
"NEH 7:49","ot"
"NEH 7:50","ot"
"NEH 7:51","ot"
"NEH 7:52","ot"
"NEH 7:53","ot"
"NEH 7:54","ot"
"NEH 7:55","ot"
"NEH 7:56","ot"
"NEH 7:57","ot"
"NEH 7:58","ot"
"NEH 7:59","ot"
"NEH 7:6","ot"
"NEH 7:60","ot"
"NEH 7:61","ot"
"NEH 7:62","ot"
"NEH 7:63","ot"
"NEH 7:7","ot"
"NEH 7:73","ot"
"NEH 7:8","ot"
"NEH 7:9","ot"
"NEH 8:1","ot"
"NEH 8:11","ot"
"NEH 8:13","ot"
"NEH 8:14","ot"
"NEH 8:17","ot"
"NEH 8:2","ot"
"NEH 8:4","ot"
"NEH 8:5","ot"
"NEH 8:6","ot"
"NEH 8:7","ot"
"NEH 8:9","ot"
"NEH 9:1","ot"
"NEH 9:14","ot"
"NEH 9:2","ot"
"NEH 9:22","ot"
"NEH 9:38","ot"
"NEH 9:4","ot"
"NEH 9:5","ot"
"NEH 9:7","ot"
"NEH 9:8","ot"
"NUM 1:1","ot"
"NUM 1:10","ot"
"NUM 1:11","ot"
"NUM 1:12","ot"
"NUM 1:13","ot"
"NUM 1:14","ot"
"NUM 1:15","ot"
"NUM 1:16","ot"
"NUM 1:17","ot"
"NUM 1:19","ot"
"NUM 1:2","ot"
"NUM 1:20","ot"
"NUM 1:21","ot"
"NUM 1:22","ot"
"NUM 1:23","ot"
"NUM 1:24","ot"
"NUM 1:25","ot"
"NUM 1:26","ot"
"NUM 1:27","ot"
"NUM 1:28","ot"
"NUM 1:29","ot"
"NUM 1:3","ot"
"NUM 1:30","ot"
"NUM 1:31","ot"
"NUM 1:32","ot"
"NUM 1:33","ot"
"NUM 1:34","ot"
"NUM 1:35","ot"
"NUM 1:36","ot"
"NUM 1:37","ot"
"NUM 1:40","ot"
"NUM 1:41","ot"
"NUM 1:42","ot"
"NUM 1:43","ot"
"NUM 1:44","ot"
"NUM 1:45","ot"
"NUM 1:47","ot"
"NUM 1:48","ot"
"NUM 1:49","ot"
"NUM 1:5","ot"
"NUM 1:50","ot"
"NUM 1:51","ot"
"NUM 1:52","ot"
"NUM 1:53","ot"
"NUM 1:54","ot"
"NUM 1:6","ot"
"NUM 1:7","ot"
"NUM 1:8","ot"
"NUM 1:9","ot"
"NUM 10:1","ot"
"NUM 10:12","ot"
"NUM 10:13","ot"
"NUM 10:14","ot"
"NUM 10:15","ot"
"NUM 10:16","ot"
"NUM 10:17","ot"
"NUM 10:18","ot"
"NUM 10:19","ot"
"NUM 10:20","ot"
"NUM 10:21","ot"
"NUM 10:22","ot"
"NUM 10:23","ot"
"NUM 10:24","ot"
"NUM 10:25","ot"
"NUM 10:26","ot"
"NUM 10:27","ot"
"NUM 10:28","ot"
"NUM 10:29","ot"
"NUM 10:35","ot"
"NUM 10:36","ot"
"NUM 10:4","ot"
"NUM 10:8","ot"
"NUM 11:10","ot"
"NUM 11:11","ot"
"NUM 11:16","ot"
"NUM 11:2","ot"
"NUM 11:21","ot"
"NUM 11:23","ot"
"NUM 11:24","ot"
"NUM 11:26","ot"
"NUM 11:27","ot"
"NUM 11:28","ot"
"NUM 11:29","ot"
"NUM 11:30","ot"
"NUM 11:4","ot"
"NUM 12:1","ot"
"NUM 12:10","ot"
"NUM 12:11","ot"
"NUM 12:13","ot"
"NUM 12:14","ot"
"NUM 12:15","ot"
"NUM 12:2","ot"
"NUM 12:3","ot"
"NUM 12:4","ot"
"NUM 12:5","ot"
"NUM 12:7","ot"
"NUM 12:8","ot"
"NUM 13:1","ot"
"NUM 13:10","ot"
"NUM 13:11","ot"
"NUM 13:12","ot"
"NUM 13:13","ot"
"NUM 13:14","ot"
"NUM 13:15","ot"
"NUM 13:16","ot"
"NUM 13:17","ot"
"NUM 13:2","ot"
"NUM 13:22","ot"
"NUM 13:24","ot"
"NUM 13:26","ot"
"NUM 13:28","ot"
"NUM 13:29","ot"
"NUM 13:3","ot"
"NUM 13:30","ot"
"NUM 13:32","ot"
"NUM 13:33","ot"
"NUM 13:4","ot"
"NUM 13:5","ot"
"NUM 13:6","ot"
"NUM 13:7","ot"
"NUM 13:8","ot"
"NUM 13:9","ot"
"NUM 14:10","ot"
"NUM 14:11","ot"
"NUM 14:13","ot"
"NUM 14:2","ot"
"NUM 14:24","ot"
"NUM 14:26","ot"
"NUM 14:27","ot"
"NUM 14:30","ot"
"NUM 14:36","ot"
"NUM 14:38","ot"
"NUM 14:39","ot"
"NUM 14:41","ot"
"NUM 14:44","ot"
"NUM 14:5","ot"
"NUM 14:6","ot"
"NUM 14:7","ot"
"NUM 15:1","ot"
"NUM 15:17","ot"
"NUM 15:18","ot"
"NUM 15:2","ot"
"NUM 15:22","ot"
"NUM 15:23","ot"
"NUM 15:25","ot"
"NUM 15:26","ot"
"NUM 15:29","ot"
"NUM 15:32","ot"
"NUM 15:33","ot"
"NUM 15:35","ot"
"NUM 15:36","ot"
"NUM 15:37","ot"
"NUM 15:38","ot"
"NUM 16:1","ot"
"NUM 16:10","ot"
"NUM 16:11","ot"
"NUM 16:12","ot"
"NUM 16:15","ot"
"NUM 16:16","ot"
"NUM 16:17","ot"
"NUM 16:18","ot"
"NUM 16:19","ot"
"NUM 16:2","ot"
"NUM 16:20","ot"
"NUM 16:23","ot"
"NUM 16:24","ot"
"NUM 16:25","ot"
"NUM 16:27","ot"
"NUM 16:28","ot"
"NUM 16:3","ot"
"NUM 16:32","ot"
"NUM 16:34","ot"
"NUM 16:36","ot"
"NUM 16:37","ot"
"NUM 16:38","ot"
"NUM 16:39","ot"
"NUM 16:4","ot"
"NUM 16:40","ot"
"NUM 16:41","ot"
"NUM 16:42","ot"
"NUM 16:43","ot"
"NUM 16:44","ot"
"NUM 16:46","ot"
"NUM 16:47","ot"
"NUM 16:49","ot"
"NUM 16:5","ot"
"NUM 16:50","ot"
"NUM 16:6","ot"
"NUM 16:7","ot"
"NUM 16:8","ot"
"NUM 16:9","ot"
"NUM 17:1","ot"
"NUM 17:10","ot"
"NUM 17:11","ot"
"NUM 17:12","ot"
"NUM 17:2","ot"
"NUM 17:3","ot"
"NUM 17:5","ot"
"NUM 17:6","ot"
"NUM 17:7","ot"
"NUM 17:8","ot"
"NUM 17:9","ot"
"NUM 18:1","ot"
"NUM 18:11","ot"
"NUM 18:14","ot"
"NUM 18:19","ot"
"NUM 18:2","ot"
"NUM 18:20","ot"
"NUM 18:21","ot"
"NUM 18:22","ot"
"NUM 18:23","ot"
"NUM 18:24","ot"
"NUM 18:25","ot"
"NUM 18:26","ot"
"NUM 18:28","ot"
"NUM 18:30","ot"
"NUM 18:32","ot"
"NUM 18:5","ot"
"NUM 18:6","ot"
"NUM 18:8","ot"
"NUM 19:1","ot"
"NUM 19:10","ot"
"NUM 19:13","ot"
"NUM 19:2","ot"
"NUM 19:3","ot"
"NUM 19:4","ot"
"NUM 19:9","ot"
"NUM 2:1","ot"
"NUM 2:10","ot"
"NUM 2:12","ot"
"NUM 2:14","ot"
"NUM 2:16","ot"
"NUM 2:17","ot"
"NUM 2:18","ot"
"NUM 2:2","ot"
"NUM 2:20","ot"
"NUM 2:22","ot"
"NUM 2:24","ot"
"NUM 2:25","ot"
"NUM 2:27","ot"
"NUM 2:29","ot"
"NUM 2:3","ot"
"NUM 2:32","ot"
"NUM 2:33","ot"
"NUM 2:34","ot"
"NUM 2:5","ot"
"NUM 2:7","ot"
"NUM 2:9","ot"
"NUM 20:1","ot"
"NUM 20:10","ot"
"NUM 20:11","ot"
"NUM 20:12","ot"
"NUM 20:13","ot"
"NUM 20:14","ot"
"NUM 20:19","ot"
"NUM 20:2","ot"
"NUM 20:21","ot"
"NUM 20:22","ot"
"NUM 20:23","ot"
"NUM 20:24","ot"
"NUM 20:25","ot"
"NUM 20:26","ot"
"NUM 20:27","ot"
"NUM 20:28","ot"
"NUM 20:29","ot"
"NUM 20:3","ot"
"NUM 20:6","ot"
"NUM 20:7","ot"
"NUM 20:8","ot"
"NUM 20:9","ot"
"NUM 21:1","ot"
"NUM 21:10","ot"
"NUM 21:16","ot"
"NUM 21:17","ot"
"NUM 21:2","ot"
"NUM 21:21","ot"
"NUM 21:23","ot"
"NUM 21:24","ot"
"NUM 21:25","ot"
"NUM 21:26","ot"
"NUM 21:27","ot"
"NUM 21:28","ot"
"NUM 21:29","ot"
"NUM 21:3","ot"
"NUM 21:31","ot"
"NUM 21:32","ot"
"NUM 21:33","ot"
"NUM 21:34","ot"
"NUM 21:5","ot"
"NUM 21:6","ot"
"NUM 21:7","ot"
"NUM 21:8","ot"
"NUM 21:9","ot"
"NUM 22:1","ot"
"NUM 22:10","ot"
"NUM 22:12","ot"
"NUM 22:13","ot"
"NUM 22:14","ot"
"NUM 22:15","ot"
"NUM 22:16","ot"
"NUM 22:18","ot"
"NUM 22:2","ot"
"NUM 22:20","ot"
"NUM 22:21","ot"
"NUM 22:23","ot"
"NUM 22:25","ot"
"NUM 22:27","ot"
"NUM 22:28","ot"
"NUM 22:29","ot"
"NUM 22:3","ot"
"NUM 22:30","ot"
"NUM 22:31","ot"
"NUM 22:34","ot"
"NUM 22:35","ot"
"NUM 22:36","ot"
"NUM 22:37","ot"
"NUM 22:38","ot"
"NUM 22:39","ot"
"NUM 22:4","ot"
"NUM 22:40","ot"
"NUM 22:41","ot"
"NUM 22:5","ot"
"NUM 22:7","ot"
"NUM 22:8","ot"
"NUM 22:9","ot"
"NUM 23:1","ot"
"NUM 23:10","ot"
"NUM 23:11","ot"
"NUM 23:13","ot"
"NUM 23:15","ot"
"NUM 23:16","ot"
"NUM 23:17","ot"
"NUM 23:18","ot"
"NUM 23:2","ot"
"NUM 23:21","ot"
"NUM 23:23","ot"
"NUM 23:25","ot"
"NUM 23:26","ot"
"NUM 23:27","ot"
"NUM 23:28","ot"
"NUM 23:29","ot"
"NUM 23:3","ot"
"NUM 23:30","ot"
"NUM 23:4","ot"
"NUM 23:5","ot"
"NUM 23:7","ot"
"NUM 24:1","ot"
"NUM 24:10","ot"
"NUM 24:12","ot"
"NUM 24:13","ot"
"NUM 24:15","ot"
"NUM 24:17","ot"
"NUM 24:18","ot"
"NUM 24:19","ot"
"NUM 24:2","ot"
"NUM 24:24","ot"
"NUM 24:25","ot"
"NUM 24:3","ot"
"NUM 24:5","ot"
"NUM 24:7","ot"
"NUM 25:1","ot"
"NUM 25:10","ot"
"NUM 25:11","ot"
"NUM 25:13","ot"
"NUM 25:14","ot"
"NUM 25:15","ot"
"NUM 25:16","ot"
"NUM 25:18","ot"
"NUM 25:3","ot"
"NUM 25:4","ot"
"NUM 25:5","ot"
"NUM 25:6","ot"
"NUM 25:7","ot"
"NUM 25:8","ot"
"NUM 26:1","ot"
"NUM 26:10","ot"
"NUM 26:11","ot"
"NUM 26:12","ot"
"NUM 26:13","ot"
"NUM 26:14","ot"
"NUM 26:15","ot"
"NUM 26:16","ot"
"NUM 26:17","ot"
"NUM 26:18","ot"
"NUM 26:19","ot"
"NUM 26:2","ot"
"NUM 26:20","ot"
"NUM 26:21","ot"
"NUM 26:22","ot"
"NUM 26:23","ot"
"NUM 26:24","ot"
"NUM 26:25","ot"
"NUM 26:26","ot"
"NUM 26:27","ot"
"NUM 26:28","ot"
"NUM 26:29","ot"
"NUM 26:3","ot"
"NUM 26:30","ot"
"NUM 26:31","ot"
"NUM 26:32","ot"
"NUM 26:33","ot"
"NUM 26:34","ot"
"NUM 26:35","ot"
"NUM 26:36","ot"
"NUM 26:37","ot"
"NUM 26:38","ot"
"NUM 26:39","ot"
"NUM 26:4","ot"
"NUM 26:40","ot"
"NUM 26:41","ot"
"NUM 26:42","ot"
"NUM 26:43","ot"
"NUM 26:44","ot"
"NUM 26:45","ot"
"NUM 26:46","ot"
"NUM 26:47","ot"
"NUM 26:48","ot"
"NUM 26:49","ot"
"NUM 26:5","ot"
"NUM 26:50","ot"
"NUM 26:51","ot"
"NUM 26:52","ot"
"NUM 26:57","ot"
"NUM 26:58","ot"
"NUM 26:59","ot"
"NUM 26:6","ot"
"NUM 26:60","ot"
"NUM 26:61","ot"
"NUM 26:62","ot"
"NUM 26:63","ot"
"NUM 26:64","ot"
"NUM 26:65","ot"
"NUM 26:7","ot"
"NUM 26:8","ot"
"NUM 26:9","ot"
"NUM 27:1","ot"
"NUM 27:11","ot"
"NUM 27:12","ot"
"NUM 27:13","ot"
"NUM 27:15","ot"
"NUM 27:18","ot"
"NUM 27:19","ot"
"NUM 27:2","ot"
"NUM 27:20","ot"
"NUM 27:21","ot"
"NUM 27:22","ot"
"NUM 27:23","ot"
"NUM 27:3","ot"
"NUM 27:5","ot"
"NUM 27:6","ot"
"NUM 27:7","ot"
"NUM 27:8","ot"
"NUM 28:1","ot"
"NUM 28:2","ot"
"NUM 29:40","ot"
"NUM 3:1","ot"
"NUM 3:10","ot"
"NUM 3:11","ot"
"NUM 3:12","ot"
"NUM 3:13","ot"
"NUM 3:14","ot"
"NUM 3:15","ot"
"NUM 3:16","ot"
"NUM 3:17","ot"
"NUM 3:18","ot"
"NUM 3:19","ot"
"NUM 3:2","ot"
"NUM 3:20","ot"
"NUM 3:21","ot"
"NUM 3:23","ot"
"NUM 3:24","ot"
"NUM 3:25","ot"
"NUM 3:27","ot"
"NUM 3:29","ot"
"NUM 3:3","ot"
"NUM 3:30","ot"
"NUM 3:32","ot"
"NUM 3:33","ot"
"NUM 3:35","ot"
"NUM 3:36","ot"
"NUM 3:38","ot"
"NUM 3:39","ot"
"NUM 3:4","ot"
"NUM 3:40","ot"
"NUM 3:41","ot"
"NUM 3:42","ot"
"NUM 3:44","ot"
"NUM 3:45","ot"
"NUM 3:46","ot"
"NUM 3:48","ot"
"NUM 3:49","ot"
"NUM 3:5","ot"
"NUM 3:50","ot"
"NUM 3:51","ot"
"NUM 3:6","ot"
"NUM 3:8","ot"
"NUM 3:9","ot"
"NUM 30:1","ot"
"NUM 30:16","ot"
"NUM 31:1","ot"
"NUM 31:12","ot"
"NUM 31:13","ot"
"NUM 31:14","ot"
"NUM 31:15","ot"
"NUM 31:16","ot"
"NUM 31:2","ot"
"NUM 31:21","ot"
"NUM 31:25","ot"
"NUM 31:26","ot"
"NUM 31:29","ot"
"NUM 31:3","ot"
"NUM 31:30","ot"
"NUM 31:31","ot"
"NUM 31:4","ot"
"NUM 31:41","ot"
"NUM 31:42","ot"
"NUM 31:47","ot"
"NUM 31:48","ot"
"NUM 31:49","ot"
"NUM 31:5","ot"
"NUM 31:51","ot"
"NUM 31:54","ot"
"NUM 31:6","ot"
"NUM 31:7","ot"
"NUM 31:8","ot"
"NUM 31:9","ot"
"NUM 32:1","ot"
"NUM 32:11","ot"
"NUM 32:12","ot"
"NUM 32:13","ot"
"NUM 32:14","ot"
"NUM 32:17","ot"
"NUM 32:18","ot"
"NUM 32:2","ot"
"NUM 32:20","ot"
"NUM 32:22","ot"
"NUM 32:25","ot"
"NUM 32:28","ot"
"NUM 32:29","ot"
"NUM 32:31","ot"
"NUM 32:33","ot"
"NUM 32:34","ot"
"NUM 32:37","ot"
"NUM 32:39","ot"
"NUM 32:4","ot"
"NUM 32:40","ot"
"NUM 32:41","ot"
"NUM 32:42","ot"
"NUM 32:6","ot"
"NUM 32:7","ot"
"NUM 32:9","ot"
"NUM 33:1","ot"
"NUM 33:2","ot"
"NUM 33:3","ot"
"NUM 33:38","ot"
"NUM 33:39","ot"
"NUM 33:40","ot"
"NUM 33:5","ot"
"NUM 33:50","ot"
"NUM 33:51","ot"
"NUM 34:1","ot"
"NUM 34:13","ot"
"NUM 34:14","ot"
"NUM 34:16","ot"
"NUM 34:17","ot"
"NUM 34:19","ot"
"NUM 34:2","ot"
"NUM 34:20","ot"
"NUM 34:21","ot"
"NUM 34:22","ot"
"NUM 34:23","ot"
"NUM 34:24","ot"
"NUM 34:25","ot"
"NUM 34:26","ot"
"NUM 34:27","ot"
"NUM 34:28","ot"
"NUM 34:29","ot"
"NUM 35:1","ot"
"NUM 35:10","ot"
"NUM 35:15","ot"
"NUM 35:2","ot"
"NUM 35:34","ot"
"NUM 35:4","ot"
"NUM 35:6","ot"
"NUM 35:7","ot"
"NUM 35:8","ot"
"NUM 35:9","ot"
"NUM 36:1","ot"
"NUM 36:10","ot"
"NUM 36:11","ot"
"NUM 36:12","ot"
"NUM 36:13","ot"
"NUM 36:2","ot"
"NUM 36:3","ot"
"NUM 36:4","ot"
"NUM 36:5","ot"
"NUM 36:6","ot"
"NUM 36:7","ot"
"NUM 36:8","ot"
"NUM 36:9","ot"
"NUM 4:1","ot"
"NUM 4:15","ot"
"NUM 4:16","ot"
"NUM 4:17","ot"
"NUM 4:18","ot"
"NUM 4:19","ot"
"NUM 4:2","ot"
"NUM 4:21","ot"
"NUM 4:22","ot"
"NUM 4:24","ot"
"NUM 4:27","ot"
"NUM 4:28","ot"
"NUM 4:29","ot"
"NUM 4:33","ot"
"NUM 4:34","ot"
"NUM 4:37","ot"
"NUM 4:38","ot"
"NUM 4:4","ot"
"NUM 4:41","ot"
"NUM 4:42","ot"
"NUM 4:45","ot"
"NUM 4:46","ot"
"NUM 4:49","ot"
"NUM 4:5","ot"
"NUM 5:1","ot"
"NUM 5:11","ot"
"NUM 5:12","ot"
"NUM 5:2","ot"
"NUM 5:4","ot"
"NUM 5:5","ot"
"NUM 5:6","ot"
"NUM 5:9","ot"
"NUM 6:1","ot"
"NUM 6:2","ot"
"NUM 6:22","ot"
"NUM 6:23","ot"
"NUM 6:27","ot"
"NUM 7:1","ot"
"NUM 7:11","ot"
"NUM 7:12","ot"
"NUM 7:17","ot"
"NUM 7:18","ot"
"NUM 7:2","ot"
"NUM 7:23","ot"
"NUM 7:24","ot"
"NUM 7:29","ot"
"NUM 7:30","ot"
"NUM 7:35","ot"
"NUM 7:36","ot"
"NUM 7:4","ot"
"NUM 7:41","ot"
"NUM 7:42","ot"
"NUM 7:47","ot"
"NUM 7:48","ot"
"NUM 7:5","ot"
"NUM 7:53","ot"
"NUM 7:54","ot"
"NUM 7:59","ot"
"NUM 7:6","ot"
"NUM 7:60","ot"
"NUM 7:65","ot"
"NUM 7:66","ot"
"NUM 7:7","ot"
"NUM 7:71","ot"
"NUM 7:72","ot"
"NUM 7:77","ot"
"NUM 7:78","ot"
"NUM 7:8","ot"
"NUM 7:83","ot"
"NUM 7:84","ot"
"NUM 7:89","ot"
"NUM 7:9","ot"
"NUM 8:1","ot"
"NUM 8:10","ot"
"NUM 8:11","ot"
"NUM 8:12","ot"
"NUM 8:13","ot"
"NUM 8:14","ot"
"NUM 8:15","ot"
"NUM 8:16","ot"
"NUM 8:17","ot"
"NUM 8:18","ot"
"NUM 8:19","ot"
"NUM 8:2","ot"
"NUM 8:20","ot"
"NUM 8:21","ot"
"NUM 8:22","ot"
"NUM 8:23","ot"
"NUM 8:24","ot"
"NUM 8:26","ot"
"NUM 8:3","ot"
"NUM 8:4","ot"
"NUM 8:5","ot"
"NUM 8:6","ot"
"NUM 8:9","ot"
"NUM 9:1","ot"
"NUM 9:10","ot"
"NUM 9:17","ot"
"NUM 9:18","ot"
"NUM 9:19","ot"
"NUM 9:2","ot"
"NUM 9:22","ot"
"NUM 9:23","ot"
"NUM 9:4","ot"
"NUM 9:5","ot"
"NUM 9:6","ot"
"NUM 9:7","ot"
"NUM 9:8","ot"
"NUM 9:9","ot"
"OBA 1:1","ot"
"OBA 1:10","ot"
"OBA 1:12","ot"
"OBA 1:17","ot"
"OBA 1:18","ot"
"OBA 1:19","ot"
"OBA 1:20","ot"
"OBA 1:6","ot"
"PHM 1:1","nt"
"PHM 1:10","nt"
"PHM 1:12","nt"
"PHM 1:19","nt"
"PHM 1:2","nt"
"PHM 1:20","nt"
"PHM 1:23","nt"
"PHM 1:24","nt"
"PHM 1:25","nt"
"PHM 1:3","nt"
"PHM 1:5","nt"
"PHM 1:6","nt"
"PHM 1:8","nt"
"PHM 1:9","nt"
"PHP 1:1","nt"
"PHP 1:10","nt"
"PHP 1:11","nt"
"PHP 1:13","nt"
"PHP 1:15","nt"
"PHP 1:17","nt"
"PHP 1:18","nt"
"PHP 1:19","nt"
"PHP 1:2","nt"
"PHP 1:20","nt"
"PHP 1:21","nt"
"PHP 1:23","nt"
"PHP 1:26","nt"
"PHP 1:27","nt"
"PHP 1:29","nt"
"PHP 1:6","nt"
"PHP 1:8","nt"
"PHP 2:1","nt"
"PHP 2:10","nt"
"PHP 2:11","nt"
"PHP 2:16","nt"
"PHP 2:19","nt"
"PHP 2:21","nt"
"PHP 2:25","nt"
"PHP 2:30","nt"
"PHP 2:5","nt"
"PHP 3:12","nt"
"PHP 3:14","nt"
"PHP 3:18","nt"
"PHP 3:20","nt"
"PHP 3:3","nt"
"PHP 3:5","nt"
"PHP 3:7","nt"
"PHP 3:8","nt"
"PHP 3:9","nt"
"PHP 4:18","nt"
"PHP 4:19","nt"
"PHP 4:2","nt"
"PHP 4:2-3","nt"
"PHP 4:21","nt"
"PHP 4:23","nt"
"PHP 4:3","nt"
"PHP 4:7","nt"
"PRO 1:1","ot"
"PRO 10:1","ot"
"PRO 25:1","ot"
"PRO 30:1","ot"
"PRO 31:1","ot"
"PRO 31:4","ot"
"PSA 101:1","ot"
"PSA 103:1","ot"
"PSA 103:7","ot"
"PSA 105:10","ot"
"PSA 105:17","ot"
"PSA 105:23","ot"
"PSA 105:26","ot"
"PSA 105:42","ot"
"PSA 105:6","ot"
"PSA 105:9","ot"
"PSA 106:16","ot"
"PSA 106:17","ot"
"PSA 106:23","ot"
"PSA 106:30","ot"
"PSA 106:32","ot"
"PSA 106:48","ot"
"PSA 108:1","ot"
"PSA 108:8","ot"
"PSA 109:1","ot"
"PSA 11:1","ot"
"PSA 110:1","ot"
"PSA 110:4","ot"
"PSA 114:1","ot"
"PSA 114:2","ot"
"PSA 114:7","ot"
"PSA 115:10","ot"
"PSA 115:12","ot"
"PSA 115:9","ot"
"PSA 118:2","ot"
"PSA 118:3","ot"
"PSA 12:1","ot"
"PSA 120:5","ot"
"PSA 121:4","ot"
"PSA 122:1","ot"
"PSA 122:4","ot"
"PSA 122:5","ot"
"PSA 124:1","ot"
"PSA 125:5","ot"
"PSA 127:1","ot"
"PSA 128:6","ot"
"PSA 129:1","ot"
"PSA 13:1","ot"
"PSA 130:7","ot"
"PSA 130:8","ot"
"PSA 131:1","ot"
"PSA 131:3","ot"
"PSA 132:1","ot"
"PSA 132:10","ot"
"PSA 132:11","ot"
"PSA 132:17","ot"
"PSA 132:2","ot"
"PSA 132:5","ot"
"PSA 133:1","ot"
"PSA 133:2","ot"
"PSA 135:11","ot"
"PSA 135:12","ot"
"PSA 135:19","ot"
"PSA 135:20","ot"
"PSA 135:4","ot"
"PSA 136:11","ot"
"PSA 136:14","ot"
"PSA 136:19","ot"
"PSA 136:20","ot"
"PSA 136:22","ot"
"PSA 138:1","ot"
"PSA 139:1","ot"
"PSA 14:1","ot"
"PSA 14:7","ot"
"PSA 140:1","ot"
"PSA 141:1","ot"
"PSA 142:1","ot"
"PSA 143:1","ot"
"PSA 144:1","ot"
"PSA 144:10","ot"
"PSA 145:1","ot"
"PSA 146:5","ot"
"PSA 147:19","ot"
"PSA 147:2","ot"
"PSA 148:14","ot"
"PSA 149:2","ot"
"PSA 15:1","ot"
"PSA 16:1","ot"
"PSA 17:1","ot"
"PSA 18:1","ot"
"PSA 18:50","ot"
"PSA 19:1","ot"
"PSA 20:1","ot"
"PSA 21:1","ot"
"PSA 22:1","ot"
"PSA 22:23","ot"
"PSA 22:3","ot"
"PSA 23:1","ot"
"PSA 24:1","ot"
"PSA 24:6","ot"
"PSA 25:1","ot"
"PSA 25:22","ot"
"PSA 26:1","ot"
"PSA 27:1","ot"
"PSA 28:1","ot"
"PSA 29:1","ot"
"PSA 3:1","ot"
"PSA 30:1","ot"
"PSA 31:1","ot"
"PSA 32:1","ot"
"PSA 34:1","ot"
"PSA 35:1","ot"
"PSA 36:1","ot"
"PSA 37:1","ot"
"PSA 38:1","ot"
"PSA 39:1","ot"
"PSA 4:1","ot"
"PSA 40:1","ot"
"PSA 41:1","ot"
"PSA 41:13","ot"
"PSA 42:1","ot"
"PSA 44:1","ot"
"PSA 44:4","ot"
"PSA 45:1","ot"
"PSA 46:1","ot"
"PSA 46:11","ot"
"PSA 46:7","ot"
"PSA 47:1","ot"
"PSA 47:4","ot"
"PSA 47:9","ot"
"PSA 48:1","ot"
"PSA 48:11","ot"
"PSA 49:1","ot"
"PSA 5:1","ot"
"PSA 50:1","ot"
"PSA 50:7","ot"
"PSA 51:1","ot"
"PSA 52:1","ot"
"PSA 53:1","ot"
"PSA 53:6","ot"
"PSA 54:1","ot"
"PSA 55:1","ot"
"PSA 56:1","ot"
"PSA 57:1","ot"
"PSA 58:1","ot"
"PSA 59:1","ot"
"PSA 59:13","ot"
"PSA 59:5","ot"
"PSA 6:1","ot"
"PSA 60:1","ot"
"PSA 60:7","ot"
"PSA 61:1","ot"
"PSA 62:1","ot"
"PSA 63:1","ot"
"PSA 64:1","ot"
"PSA 65:1","ot"
"PSA 68:1","ot"
"PSA 68:26","ot"
"PSA 68:27","ot"
"PSA 68:34","ot"
"PSA 68:35","ot"
"PSA 68:8","ot"
"PSA 69:1","ot"
"PSA 69:35","ot"
"PSA 69:6","ot"
"PSA 7:1","ot"
"PSA 70:1","ot"
"PSA 71:22","ot"
"PSA 72:1","ot"
"PSA 72:18","ot"
"PSA 72:20","ot"
"PSA 73:1","ot"
"PSA 74:1","ot"
"PSA 75:1","ot"
"PSA 75:9","ot"
"PSA 76:1","ot"
"PSA 76:6","ot"
"PSA 77:1","ot"
"PSA 77:15","ot"
"PSA 77:20","ot"
"PSA 78:1","ot"
"PSA 78:21","ot"
"PSA 78:31","ot"
"PSA 78:41","ot"
"PSA 78:5","ot"
"PSA 78:55","ot"
"PSA 78:59","ot"
"PSA 78:67","ot"
"PSA 78:68","ot"
"PSA 78:70","ot"
"PSA 78:71","ot"
"PSA 78:9","ot"
"PSA 79:1","ot"
"PSA 79:7","ot"
"PSA 8:1","ot"
"PSA 80:1","ot"
"PSA 80:2","ot"
"PSA 81:1","ot"
"PSA 81:11","ot"
"PSA 81:13","ot"
"PSA 81:4","ot"
"PSA 81:5","ot"
"PSA 81:8","ot"
"PSA 82:1","ot"
"PSA 83:1","ot"
"PSA 83:11","ot"
"PSA 83:4","ot"
"PSA 83:6","ot"
"PSA 83:8","ot"
"PSA 83:9","ot"
"PSA 84:1","ot"
"PSA 84:8","ot"
"PSA 85:1","ot"
"PSA 86:1","ot"
"PSA 87:1","ot"
"PSA 87:2","ot"
"PSA 88:1","ot"
"PSA 89:1","ot"
"PSA 89:18","ot"
"PSA 89:20","ot"
"PSA 89:3","ot"
"PSA 89:35","ot"
"PSA 89:49","ot"
"PSA 9:1","ot"
"PSA 90:1","ot"
"PSA 94:7","ot"
"PSA 97:8","ot"
"PSA 98:3","ot"
"PSA 99:4","ot"
"PSA 99:6","ot"
"REV 1:1","nt"
"REV 1:2","nt"
"REV 1:4","nt"
"REV 1:5","nt"
"REV 1:9","nt"
"REV 11:15","nt"
"REV 12:10","nt"
"REV 12:17","nt"
"REV 14:12","nt"
"REV 15:3","nt"
"REV 17:6","nt"
"REV 19:10","nt"
"REV 2:13","nt"
"REV 2:14","nt"
"REV 2:20","nt"
"REV 20:4","nt"
"REV 20:6","nt"
"REV 21:2","nt"
"REV 22:16","nt"
"REV 22:20","nt"
"REV 22:21","nt"
"REV 22:8","nt"
"REV 3:7","nt"
"REV 5:5","nt"
"REV 7:5","nt"
"REV 7:6","nt"
"REV 7:7","nt"
"REV 7:8","nt"
"ROM 1:1","nt"
"ROM 1:3","nt"
"ROM 1:4","nt"
"ROM 1:6","nt"
"ROM 1:7","nt"
"ROM 1:8","nt"
"ROM 10:16","nt"
"ROM 10:17","nt"
"ROM 10:19","nt"
"ROM 10:20","nt"
"ROM 10:4","nt"
"ROM 10:5","nt"
"ROM 10:6","nt"
"ROM 10:7","nt"
"ROM 10:9","nt"
"ROM 11:1","nt"
"ROM 11:2","nt"
"ROM 11:26","nt"
"ROM 11:9","nt"
"ROM 12:5","nt"
"ROM 13:14","nt"
"ROM 14:14","nt"
"ROM 14:15","nt"
"ROM 14:18","nt"
"ROM 14:9","nt"
"ROM 15:12","nt"
"ROM 15:16","nt"
"ROM 15:17","nt"
"ROM 15:18","nt"
"ROM 15:19","nt"
"ROM 15:20","nt"
"ROM 15:29","nt"
"ROM 15:3","nt"
"ROM 15:30","nt"
"ROM 15:5","nt"
"ROM 15:6","nt"
"ROM 15:7","nt"
"ROM 15:8","nt"
"ROM 16:1","nt"
"ROM 16:10","nt"
"ROM 16:11","nt"
"ROM 16:12","nt"
"ROM 16:13","nt"
"ROM 16:14","nt"
"ROM 16:15","nt"
"ROM 16:16","nt"
"ROM 16:18","nt"
"ROM 16:20","nt"
"ROM 16:21","nt"
"ROM 16:22","nt"
"ROM 16:23","nt"
"ROM 16:25","nt"
"ROM 16:27","nt"
"ROM 16:3","nt"
"ROM 16:5","nt"
"ROM 16:6","nt"
"ROM 16:7","nt"
"ROM 16:8","nt"
"ROM 16:9","nt"
"ROM 2:16","nt"
"ROM 3:22","nt"
"ROM 3:24","nt"
"ROM 3:26","nt"
"ROM 4:1","nt"
"ROM 4:12","nt"
"ROM 4:13","nt"
"ROM 4:16","nt"
"ROM 4:19","nt"
"ROM 4:2","nt"
"ROM 4:24","nt"
"ROM 4:3","nt"
"ROM 4:6","nt"
"ROM 4:9","nt"
"ROM 5:1","nt"
"ROM 5:11","nt"
"ROM 5:14","nt"
"ROM 5:15","nt"
"ROM 5:17","nt"
"ROM 5:21","nt"
"ROM 5:6","nt"
"ROM 5:8","nt"
"ROM 6:11","nt"
"ROM 6:23","nt"
"ROM 6:3","nt"
"ROM 6:4","nt"
"ROM 6:8","nt"
"ROM 6:9","nt"
"ROM 7:25","nt"
"ROM 7:4","nt"
"ROM 8:1","nt"
"ROM 8:10","nt"
"ROM 8:11","nt"
"ROM 8:17","nt"
"ROM 8:2","nt"
"ROM 8:34","nt"
"ROM 8:35","nt"
"ROM 8:39","nt"
"ROM 8:9","nt"
"ROM 9:1","nt"
"ROM 9:10","nt"
"ROM 9:13","nt"
"ROM 9:15","nt"
"ROM 9:25","nt"
"ROM 9:27","nt"
"ROM 9:29","nt"
"ROM 9:3","nt"
"ROM 9:5","nt"
"ROM 9:7","nt"
"ROM 9:9","nt"
"RUT 1:1","ot"
"RUT 1:11","ot"
"RUT 1:14","ot"
"RUT 1:16","ot"
"RUT 1:19","ot"
"RUT 1:2","ot"
"RUT 1:20","ot"
"RUT 1:21","ot"
"RUT 1:22","ot"
"RUT 1:3","ot"
"RUT 1:4","ot"
"RUT 1:5","ot"
"RUT 1:7","ot"
"RUT 1:8","ot"
"RUT 2:1","ot"
"RUT 2:11","ot"
"RUT 2:12","ot"
"RUT 2:14","ot"
"RUT 2:15","ot"
"RUT 2:19","ot"
"RUT 2:2","ot"
"RUT 2:20","ot"
"RUT 2:21","ot"
"RUT 2:22","ot"
"RUT 2:23","ot"
"RUT 2:3","ot"
"RUT 2:4","ot"
"RUT 2:5","ot"
"RUT 2:6","ot"
"RUT 2:8","ot"
"RUT 3:1","ot"
"RUT 3:2","ot"
"RUT 3:7","ot"
"RUT 3:9","ot"
"RUT 4:1","ot"
"RUT 4:10","ot"
"RUT 4:11","ot"
"RUT 4:12","ot"
"RUT 4:13","ot"
"RUT 4:14","ot"
"RUT 4:16","ot"
"RUT 4:17","ot"
"RUT 4:18","ot"
"RUT 4:19","ot"
"RUT 4:20","ot"
"RUT 4:21","ot"
"RUT 4:22","ot"
"RUT 4:3","ot"
"RUT 4:5","ot"
"RUT 4:7","ot"
"RUT 4:8","ot"
"RUT 4:9","ot"
"SNG 1:1","ot"
"SNG 1:5","ot"
"SNG 3:11","ot"
"SNG 3:7","ot"
"SNG 3:9","ot"
"SNG 4:4","ot"
"SNG 8:11","ot"
"SNG 8:12","ot"
"STEP:2CO 11:3","nt"
"STEP:2PE 2:15","nt"
"STEP:2TI 1:5","nt"
"STEP:ACT 12:1","nt"
"STEP:ACT 12:12","nt"
"STEP:ACT 13:21","nt"
"STEP:ACT 16:1","nt"
"STEP:ACT 18:2","nt"
"STEP:ACT 20:4","nt"
"STEP:ACT 24:24","nt"
"STEP:ACT 25:13","nt"
"STEP:ACT 3:24","nt"
"STEP:ACT 4:36","nt"
"STEP:ACT 5:1","nt"
"STEP:GAL 4:24","nt"
"STEP:HEB 11:20","nt"
"STEP:HEB 11:31","nt"
"STEP:HEB 11:32","nt"
"STEP:HEB 11:4","nt"
"STEP:HEB 7:5","nt"
"STEP:JHN 21:15","nt"
"STEP:JHN 4:5","nt"
"STEP:JUD 1:1","nt"
"STEP:LUK 1:5","nt"
"STEP:LUK 10:38","nt"
"STEP:LUK 10:39","nt"
"STEP:LUK 2:36","nt"
"STEP:LUK 3:1","nt"
"STEP:LUK 3:23","nt"
"STEP:LUK 3:24","nt"
"STEP:LUK 3:25","nt"
"STEP:LUK 3:26","nt"
"STEP:LUK 3:27","nt"
"STEP:LUK 3:28","nt"
"STEP:LUK 3:29","nt"
"STEP:LUK 3:30","nt"
"STEP:LUK 3:31","nt"
"STEP:LUK 3:34","nt"
"STEP:LUK 3:35","nt"
"STEP:LUK 3:36","nt"
"STEP:LUK 3:37","nt"
"STEP:LUK 3:38","nt"
"STEP:LUK 6:16","nt"
"STEP:LUK 8:3","nt"
"STEP:MAT 1:1","nt"
"STEP:MAT 1:10","nt"
"STEP:MAT 1:11","nt"
"STEP:MAT 1:12","nt"
"STEP:MAT 1:13","nt"
"STEP:MAT 1:14","nt"
"STEP:MAT 1:15","nt"
"STEP:MAT 1:16","nt"
"STEP:MAT 1:2","nt"
"STEP:MAT 1:3","nt"
"STEP:MAT 1:4","nt"
"STEP:MAT 1:5","nt"
"STEP:MAT 1:6","nt"
"STEP:MAT 1:7","nt"
"STEP:MAT 1:8","nt"
"STEP:MAT 1:9","nt"
"STEP:MAT 10:3","nt"
"STEP:MAT 10:4","nt"
"STEP:MAT 13:55","nt"
"STEP:MAT 14:1","nt"
"STEP:MAT 14:3","nt"
"STEP:MAT 14:6","nt"
"STEP:MAT 16:17","nt"
"STEP:MAT 2:1","nt"
"STEP:MAT 2:18","nt"
"STEP:MAT 2:22","nt"
"STEP:MAT 2:6","nt"
"STEP:MAT 20:20","nt"
"STEP:MAT 23:35","nt"
"STEP:MAT 24:37","nt"
"STEP:MAT 27:32","nt"
"STEP:MAT 27:56","nt"
"STEP:MAT 3:1","nt"
"STEP:MAT 4:18","nt"
"STEP:MAT 4:21","nt"
"STEP:MAT 8:4","nt"
"STEP:MAT 9:9","nt"
"STEP:MRK 10:46","nt"
"STEP:MRK 15:21","nt"
"STEP:MRK 15:40","nt"
"STEP:MRK 6:3","nt"
"STEP:REV 7:5","nt"
"STEP:REV 7:7","nt"
"STEP:ROM 4:19","nt"
"STEP:ROM 9:10","nt"
"TIT 1:1","nt"
"TIT 1:4","nt"
"TIT 1:5","nt"
"TIT 2:13","nt"
"TIT 3:12","nt"
"TIT 3:13","nt"
"TIT 3:15","nt"
"TIT 3:6","nt"
"ZEC 1:1","ot"
"ZEC 1:12","ot"
"ZEC 1:19","ot"
"ZEC 1:21","ot"
"ZEC 1:7","ot"
"ZEC 10:3","ot"
"ZEC 10:6","ot"
"ZEC 10:7","ot"
"ZEC 11:14","ot"
"ZEC 12:1","ot"
"ZEC 12:10","ot"
"ZEC 12:12","ot"
"ZEC 12:13","ot"
"ZEC 12:2","ot"
"ZEC 12:4","ot"
"ZEC 12:5","ot"
"ZEC 12:6","ot"
"ZEC 12:7","ot"
"ZEC 12:8","ot"
"ZEC 13:1","ot"
"ZEC 14:14","ot"
"ZEC 14:21","ot"
"ZEC 14:5","ot"
"ZEC 2:12","ot"
"ZEC 3:1","ot"
"ZEC 3:3","ot"
"ZEC 3:6","ot"
"ZEC 3:8","ot"
"ZEC 3:9","ot"
"ZEC 4:10","ot"
"ZEC 4:6","ot"
"ZEC 4:7","ot"
"ZEC 4:9","ot"
"ZEC 6:10","ot"
"ZEC 6:11","ot"
"ZEC 6:14","ot"
"ZEC 7:1","ot"
"ZEC 7:2","ot"
"ZEC 7:8","ot"
"ZEC 8:13","ot"
"ZEC 8:15","ot"
"ZEC 8:19","ot"
"ZEC 8:23","ot"
"ZEC 9:1","ot"
"ZEC 9:10","ot"
"ZEC 9:13","ot"
"ZEC 9:7","ot"
"ZEP 1:1","ot"
"ZEP 1:4","ot"
"ZEP 2:7","ot"
"ZEP 2:9","ot"
"ZEP 3:13","ot"
"ZEP 3:14","ot"
"ZEP 3:15","ot"